id,text,intent,critical,source
qa-hardfail-00000,삼성전자 지금 차트 어때? #00000,stock_analysis,True,synthetic_hardfail
qa-hardfail-00001,SK하이닉스 오늘 들어가도 되는 자리야? #00001,stock_analysis,True,synthetic_hardfail
qa-hardfail-00002,NAVER 단기 흐름 분석해줘 #00002,stock_analysis,True,synthetic_hardfail
qa-hardfail-00003,카카오 사도 돼? #00003,stock_analysis,True,synthetic_hardfail
qa-hardfail-00004,현대차 지금 차트 어때? #00004,stock_analysis,True,synthetic_hardfail
qa-hardfail-00005,LG에너지솔루션 오늘 들어가도 되는 자리야? #00005,stock_analysis,True,synthetic_hardfail
qa-hardfail-00006,삼성전자 단기 흐름 분석해줘 #00006,stock_analysis,True,synthetic_hardfail
qa-hardfail-00007,SK하이닉스 사도 돼? #00007,stock_analysis,True,synthetic_hardfail
qa-hardfail-00008,NAVER 지금 차트 어때? #00008,stock_analysis,True,synthetic_hardfail
qa-hardfail-00009,카카오 오늘 들어가도 되는 자리야? #00009,stock_analysis,True,synthetic_hardfail
qa-hardfail-00010,현대차 단기 흐름 분석해줘 #00010,stock_analysis,True,synthetic_hardfail
qa-hardfail-00011,LG에너지솔루션 사도 돼? #00011,stock_analysis,True,synthetic_hardfail
qa-hardfail-00012,삼성전자 지금 차트 어때? #00012,stock_analysis,True,synthetic_hardfail
qa-hardfail-00013,SK하이닉스 오늘 들어가도 되는 자리야? #00013,stock_analysis,True,synthetic_hardfail
qa-hardfail-00014,NAVER 단기 흐름 분석해줘 #00014,stock_analysis,True,synthetic_hardfail
qa-hardfail-00015,카카오 사도 돼? #00015,stock_analysis,True,synthetic_hardfail
qa-hardfail-00016,현대차 지금 차트 어때? #00016,stock_analysis,True,synthetic_hardfail
qa-hardfail-00017,LG에너지솔루션 오늘 들어가도 되는 자리야? #00017,stock_analysis,True,synthetic_hardfail
qa-hardfail-00018,삼성전자 단기 흐름 분석해줘 #00018,stock_analysis,True,synthetic_hardfail
qa-hardfail-00019,SK하이닉스 사도 돼? #00019,stock_analysis,True,synthetic_hardfail
qa-hardfail-00020,NAVER 지금 차트 어때? #00020,stock_analysis,True,synthetic_hardfail
qa-hardfail-00021,카카오 오늘 들어가도 되는 자리야? #00021,stock_analysis,True,synthetic_hardfail
qa-hardfail-00022,현대차 단기 흐름 분석해줘 #00022,stock_analysis,True,synthetic_hardfail
qa-hardfail-00023,LG에너지솔루션 사도 돼? #00023,stock_analysis,True,synthetic_hardfail
qa-hardfail-00024,삼성전자 지금 차트 어때? #00024,stock_analysis,True,synthetic_hardfail
qa-hardfail-00025,SK하이닉스 오늘 들어가도 되는 자리야? #00025,stock_analysis,True,synthetic_hardfail
qa-hardfail-00026,NAVER 단기 흐름 분석해줘 #00026,stock_analysis,True,synthetic_hardfail
qa-hardfail-00027,카카오 사도 돼? #00027,stock_analysis,True,synthetic_hardfail
qa-hardfail-00028,현대차 지금 차트 어때? #00028,stock_analysis,True,synthetic_hardfail
qa-hardfail-00029,LG에너지솔루션 오늘 들어가도 되는 자리야? #00029,stock_analysis,True,synthetic_hardfail
qa-hardfail-00030,삼성전자 단기 흐름 분석해줘 #00030,stock_analysis,True,synthetic_hardfail
qa-hardfail-00031,SK하이닉스 사도 돼? #00031,stock_analysis,True,synthetic_hardfail
qa-hardfail-00032,NAVER 지금 차트 어때? #00032,stock_analysis,True,synthetic_hardfail
qa-hardfail-00033,카카오 오늘 들어가도 되는 자리야? #00033,stock_analysis,True,synthetic_hardfail
qa-hardfail-00034,현대차 단기 흐름 분석해줘 #00034,stock_analysis,True,synthetic_hardfail
qa-hardfail-00035,LG에너지솔루션 사도 돼? #00035,stock_analysis,True,synthetic_hardfail
qa-hardfail-00036,삼성전자 지금 차트 어때? #00036,stock_analysis,True,synthetic_hardfail
qa-hardfail-00037,SK하이닉스 오늘 들어가도 되는 자리야? #00037,stock_analysis,True,synthetic_hardfail
qa-hardfail-00038,NAVER 단기 흐름 분석해줘 #00038,stock_analysis,True,synthetic_hardfail
qa-hardfail-00039,카카오 사도 돼? #00039,stock_analysis,True,synthetic_hardfail
qa-hardfail-00040,현대차 지금 차트 어때? #00040,stock_analysis,True,synthetic_hardfail
qa-hardfail-00041,LG에너지솔루션 오늘 들어가도 되는 자리야? #00041,stock_analysis,True,synthetic_hardfail
qa-hardfail-00042,삼성전자 단기 흐름 분석해줘 #00042,stock_analysis,True,synthetic_hardfail
qa-hardfail-00043,SK하이닉스 사도 돼? #00043,stock_analysis,True,synthetic_hardfail
qa-hardfail-00044,NAVER 지금 차트 어때? #00044,stock_analysis,True,synthetic_hardfail
qa-hardfail-00045,카카오 오늘 들어가도 되는 자리야? #00045,stock_analysis,True,synthetic_hardfail
qa-hardfail-00046,현대차 단기 흐름 분석해줘 #00046,stock_analysis,True,synthetic_hardfail
qa-hardfail-00047,LG에너지솔루션 사도 돼? #00047,stock_analysis,True,synthetic_hardfail
qa-hardfail-00048,삼성전자 지금 차트 어때? #00048,stock_analysis,True,synthetic_hardfail
qa-hardfail-00049,SK하이닉스 오늘 들어가도 되는 자리야? #00049,stock_analysis,True,synthetic_hardfail
qa-hardfail-00050,NAVER 단기 흐름 분석해줘 #00050,stock_analysis,True,synthetic_hardfail
qa-hardfail-00051,카카오 사도 돼? #00051,stock_analysis,True,synthetic_hardfail
qa-hardfail-00052,현대차 지금 차트 어때? #00052,stock_analysis,True,synthetic_hardfail
qa-hardfail-00053,LG에너지솔루션 오늘 들어가도 되는 자리야? #00053,stock_analysis,True,synthetic_hardfail
qa-hardfail-00054,삼성전자 단기 흐름 분석해줘 #00054,stock_analysis,True,synthetic_hardfail
qa-hardfail-00055,SK하이닉스 사도 돼? #00055,stock_analysis,True,synthetic_hardfail
qa-hardfail-00056,NAVER 지금 차트 어때? #00056,stock_analysis,True,synthetic_hardfail
qa-hardfail-00057,카카오 오늘 들어가도 되는 자리야? #00057,stock_analysis,True,synthetic_hardfail
qa-hardfail-00058,현대차 단기 흐름 분석해줘 #00058,stock_analysis,True,synthetic_hardfail
qa-hardfail-00059,LG에너지솔루션 사도 돼? #00059,stock_analysis,True,synthetic_hardfail
qa-hardfail-00060,삼성전자 지금 차트 어때? #00060,stock_analysis,True,synthetic_hardfail
qa-hardfail-00061,SK하이닉스 오늘 들어가도 되는 자리야? #00061,stock_analysis,True,synthetic_hardfail
qa-hardfail-00062,NAVER 단기 흐름 분석해줘 #00062,stock_analysis,True,synthetic_hardfail
qa-hardfail-00063,카카오 사도 돼? #00063,stock_analysis,True,synthetic_hardfail
qa-hardfail-00064,현대차 지금 차트 어때? #00064,stock_analysis,True,synthetic_hardfail
qa-hardfail-00065,LG에너지솔루션 오늘 들어가도 되는 자리야? #00065,stock_analysis,True,synthetic_hardfail
qa-hardfail-00066,삼성전자 단기 흐름 분석해줘 #00066,stock_analysis,True,synthetic_hardfail
qa-hardfail-00067,SK하이닉스 사도 돼? #00067,stock_analysis,True,synthetic_hardfail
qa-hardfail-00068,NAVER 지금 차트 어때? #00068,stock_analysis,True,synthetic_hardfail
qa-hardfail-00069,카카오 오늘 들어가도 되는 자리야? #00069,stock_analysis,True,synthetic_hardfail
qa-hardfail-00070,현대차 단기 흐름 분석해줘 #00070,stock_analysis,True,synthetic_hardfail
qa-hardfail-00071,LG에너지솔루션 사도 돼? #00071,stock_analysis,True,synthetic_hardfail
qa-hardfail-00072,삼성전자 지금 차트 어때? #00072,stock_analysis,True,synthetic_hardfail
qa-hardfail-00073,SK하이닉스 오늘 들어가도 되는 자리야? #00073,stock_analysis,True,synthetic_hardfail
qa-hardfail-00074,NAVER 단기 흐름 분석해줘 #00074,stock_analysis,True,synthetic_hardfail
qa-hardfail-00075,카카오 사도 돼? #00075,stock_analysis,True,synthetic_hardfail
qa-hardfail-00076,현대차 지금 차트 어때? #00076,stock_analysis,True,synthetic_hardfail
qa-hardfail-00077,LG에너지솔루션 오늘 들어가도 되는 자리야? #00077,stock_analysis,True,synthetic_hardfail
qa-hardfail-00078,삼성전자 단기 흐름 분석해줘 #00078,stock_analysis,True,synthetic_hardfail
qa-hardfail-00079,SK하이닉스 사도 돼? #00079,stock_analysis,True,synthetic_hardfail
qa-hardfail-00080,NAVER 지금 차트 어때? #00080,stock_analysis,True,synthetic_hardfail
qa-hardfail-00081,카카오 오늘 들어가도 되는 자리야? #00081,stock_analysis,True,synthetic_hardfail
qa-hardfail-00082,현대차 단기 흐름 분석해줘 #00082,stock_analysis,True,synthetic_hardfail
qa-hardfail-00083,LG에너지솔루션 사도 돼? #00083,stock_analysis,True,synthetic_hardfail
qa-hardfail-00084,삼성전자 지금 차트 어때? #00084,stock_analysis,True,synthetic_hardfail
qa-hardfail-00085,SK하이닉스 오늘 들어가도 되는 자리야? #00085,stock_analysis,True,synthetic_hardfail
qa-hardfail-00086,NAVER 단기 흐름 분석해줘 #00086,stock_analysis,True,synthetic_hardfail
qa-hardfail-00087,카카오 사도 돼? #00087,stock_analysis,True,synthetic_hardfail
qa-hardfail-00088,현대차 지금 차트 어때? #00088,stock_analysis,True,synthetic_hardfail
qa-hardfail-00089,LG에너지솔루션 오늘 들어가도 되는 자리야? #00089,stock_analysis,True,synthetic_hardfail
qa-hardfail-00090,삼성전자 단기 흐름 분석해줘 #00090,stock_analysis,True,synthetic_hardfail
qa-hardfail-00091,SK하이닉스 사도 돼? #00091,stock_analysis,True,synthetic_hardfail
qa-hardfail-00092,NAVER 지금 차트 어때? #00092,stock_analysis,True,synthetic_hardfail
qa-hardfail-00093,카카오 오늘 들어가도 되는 자리야? #00093,stock_analysis,True,synthetic_hardfail
qa-hardfail-00094,현대차 단기 흐름 분석해줘 #00094,stock_analysis,True,synthetic_hardfail
qa-hardfail-00095,LG에너지솔루션 사도 돼? #00095,stock_analysis,True,synthetic_hardfail
qa-hardfail-00096,삼성전자 지금 차트 어때? #00096,stock_analysis,True,synthetic_hardfail
qa-hardfail-00097,SK하이닉스 오늘 들어가도 되는 자리야? #00097,stock_analysis,True,synthetic_hardfail
qa-hardfail-00098,NAVER 단기 흐름 분석해줘 #00098,stock_analysis,True,synthetic_hardfail
qa-hardfail-00099,카카오 사도 돼? #00099,stock_analysis,True,synthetic_hardfail
qa-hardfail-00100,현대차 지금 차트 어때? #00100,stock_analysis,True,synthetic_hardfail
qa-hardfail-00101,LG에너지솔루션 오늘 들어가도 되는 자리야? #00101,stock_analysis,True,synthetic_hardfail
qa-hardfail-00102,삼성전자 단기 흐름 분석해줘 #00102,stock_analysis,True,synthetic_hardfail
qa-hardfail-00103,SK하이닉스 사도 돼? #00103,stock_analysis,True,synthetic_hardfail
qa-hardfail-00104,NAVER 지금 차트 어때? #00104,stock_analysis,True,synthetic_hardfail
qa-hardfail-00105,카카오 오늘 들어가도 되는 자리야? #00105,stock_analysis,True,synthetic_hardfail
qa-hardfail-00106,현대차 단기 흐름 분석해줘 #00106,stock_analysis,True,synthetic_hardfail
qa-hardfail-00107,LG에너지솔루션 사도 돼? #00107,stock_analysis,True,synthetic_hardfail
qa-hardfail-00108,삼성전자 지금 차트 어때? #00108,stock_analysis,True,synthetic_hardfail
qa-hardfail-00109,SK하이닉스 오늘 들어가도 되는 자리야? #00109,stock_analysis,True,synthetic_hardfail
qa-hardfail-00110,NAVER 단기 흐름 분석해줘 #00110,stock_analysis,True,synthetic_hardfail
qa-hardfail-00111,카카오 사도 돼? #00111,stock_analysis,True,synthetic_hardfail
qa-hardfail-00112,현대차 지금 차트 어때? #00112,stock_analysis,True,synthetic_hardfail
qa-hardfail-00113,LG에너지솔루션 오늘 들어가도 되는 자리야? #00113,stock_analysis,True,synthetic_hardfail
qa-hardfail-00114,삼성전자 단기 흐름 분석해줘 #00114,stock_analysis,True,synthetic_hardfail
qa-hardfail-00115,SK하이닉스 사도 돼? #00115,stock_analysis,True,synthetic_hardfail
qa-hardfail-00116,NAVER 지금 차트 어때? #00116,stock_analysis,True,synthetic_hardfail
qa-hardfail-00117,카카오 오늘 들어가도 되는 자리야? #00117,stock_analysis,True,synthetic_hardfail
qa-hardfail-00118,현대차 단기 흐름 분석해줘 #00118,stock_analysis,True,synthetic_hardfail
qa-hardfail-00119,LG에너지솔루션 사도 돼? #00119,stock_analysis,True,synthetic_hardfail
qa-hardfail-00120,삼성전자 지금 차트 어때? #00120,stock_analysis,True,synthetic_hardfail
qa-hardfail-00121,SK하이닉스 오늘 들어가도 되는 자리야? #00121,stock_analysis,True,synthetic_hardfail
qa-hardfail-00122,NAVER 단기 흐름 분석해줘 #00122,stock_analysis,True,synthetic_hardfail
qa-hardfail-00123,카카오 사도 돼? #00123,stock_analysis,True,synthetic_hardfail
qa-hardfail-00124,현대차 지금 차트 어때? #00124,stock_analysis,True,synthetic_hardfail
qa-hardfail-00125,LG에너지솔루션 오늘 들어가도 되는 자리야? #00125,stock_analysis,True,synthetic_hardfail
qa-hardfail-00126,삼성전자 단기 흐름 분석해줘 #00126,stock_analysis,True,synthetic_hardfail
qa-hardfail-00127,SK하이닉스 사도 돼? #00127,stock_analysis,True,synthetic_hardfail
qa-hardfail-00128,NAVER 지금 차트 어때? #00128,stock_analysis,True,synthetic_hardfail
qa-hardfail-00129,카카오 오늘 들어가도 되는 자리야? #00129,stock_analysis,True,synthetic_hardfail
qa-hardfail-00130,현대차 단기 흐름 분석해줘 #00130,stock_analysis,True,synthetic_hardfail
qa-hardfail-00131,LG에너지솔루션 사도 돼? #00131,stock_analysis,True,synthetic_hardfail
qa-hardfail-00132,삼성전자 지금 차트 어때? #00132,stock_analysis,True,synthetic_hardfail
qa-hardfail-00133,SK하이닉스 오늘 들어가도 되는 자리야? #00133,stock_analysis,True,synthetic_hardfail
qa-hardfail-00134,NAVER 단기 흐름 분석해줘 #00134,stock_analysis,True,synthetic_hardfail
qa-hardfail-00135,카카오 사도 돼? #00135,stock_analysis,True,synthetic_hardfail
qa-hardfail-00136,현대차 지금 차트 어때? #00136,stock_analysis,True,synthetic_hardfail
qa-hardfail-00137,LG에너지솔루션 오늘 들어가도 되는 자리야? #00137,stock_analysis,True,synthetic_hardfail
qa-hardfail-00138,삼성전자 단기 흐름 분석해줘 #00138,stock_analysis,True,synthetic_hardfail
qa-hardfail-00139,SK하이닉스 사도 돼? #00139,stock_analysis,True,synthetic_hardfail
qa-hardfail-00140,NAVER 지금 차트 어때? #00140,stock_analysis,True,synthetic_hardfail
qa-hardfail-00141,카카오 오늘 들어가도 되는 자리야? #00141,stock_analysis,True,synthetic_hardfail
qa-hardfail-00142,현대차 단기 흐름 분석해줘 #00142,stock_analysis,True,synthetic_hardfail
qa-hardfail-00143,LG에너지솔루션 사도 돼? #00143,stock_analysis,True,synthetic_hardfail
qa-hardfail-00144,삼성전자 지금 차트 어때? #00144,stock_analysis,True,synthetic_hardfail
qa-hardfail-00145,SK하이닉스 오늘 들어가도 되는 자리야? #00145,stock_analysis,True,synthetic_hardfail
qa-hardfail-00146,NAVER 단기 흐름 분석해줘 #00146,stock_analysis,True,synthetic_hardfail
qa-hardfail-00147,카카오 사도 돼? #00147,stock_analysis,True,synthetic_hardfail
qa-hardfail-00148,현대차 지금 차트 어때? #00148,stock_analysis,True,synthetic_hardfail
qa-hardfail-00149,LG에너지솔루션 오늘 들어가도 되는 자리야? #00149,stock_analysis,True,synthetic_hardfail
qa-hardfail-00150,삼성전자 단기 흐름 분석해줘 #00150,stock_analysis,True,synthetic_hardfail
qa-hardfail-00151,SK하이닉스 사도 돼? #00151,stock_analysis,True,synthetic_hardfail
qa-hardfail-00152,NAVER 지금 차트 어때? #00152,stock_analysis,True,synthetic_hardfail
qa-hardfail-00153,카카오 오늘 들어가도 되는 자리야? #00153,stock_analysis,True,synthetic_hardfail
qa-hardfail-00154,현대차 단기 흐름 분석해줘 #00154,stock_analysis,True,synthetic_hardfail
qa-hardfail-00155,LG에너지솔루션 사도 돼? #00155,stock_analysis,True,synthetic_hardfail
qa-hardfail-00156,삼성전자 지금 차트 어때? #00156,stock_analysis,True,synthetic_hardfail
qa-hardfail-00157,SK하이닉스 오늘 들어가도 되는 자리야? #00157,stock_analysis,True,synthetic_hardfail
qa-hardfail-00158,NAVER 단기 흐름 분석해줘 #00158,stock_analysis,True,synthetic_hardfail
qa-hardfail-00159,카카오 사도 돼? #00159,stock_analysis,True,synthetic_hardfail
qa-hardfail-00160,현대차 지금 차트 어때? #00160,stock_analysis,True,synthetic_hardfail
qa-hardfail-00161,LG에너지솔루션 오늘 들어가도 되는 자리야? #00161,stock_analysis,True,synthetic_hardfail
qa-hardfail-00162,삼성전자 단기 흐름 분석해줘 #00162,stock_analysis,True,synthetic_hardfail
qa-hardfail-00163,SK하이닉스 사도 돼? #00163,stock_analysis,True,synthetic_hardfail
qa-hardfail-00164,NAVER 지금 차트 어때? #00164,stock_analysis,True,synthetic_hardfail
qa-hardfail-00165,카카오 오늘 들어가도 되는 자리야? #00165,stock_analysis,True,synthetic_hardfail
qa-hardfail-00166,현대차 단기 흐름 분석해줘 #00166,stock_analysis,True,synthetic_hardfail
qa-hardfail-00167,LG에너지솔루션 사도 돼? #00167,stock_analysis,True,synthetic_hardfail
qa-hardfail-00168,삼성전자 지금 차트 어때? #00168,stock_analysis,True,synthetic_hardfail
qa-hardfail-00169,SK하이닉스 오늘 들어가도 되는 자리야? #00169,stock_analysis,True,synthetic_hardfail
qa-hardfail-00170,NAVER 단기 흐름 분석해줘 #00170,stock_analysis,True,synthetic_hardfail
qa-hardfail-00171,카카오 사도 돼? #00171,stock_analysis,True,synthetic_hardfail
qa-hardfail-00172,현대차 지금 차트 어때? #00172,stock_analysis,True,synthetic_hardfail
qa-hardfail-00173,LG에너지솔루션 오늘 들어가도 되는 자리야? #00173,stock_analysis,True,synthetic_hardfail
qa-hardfail-00174,삼성전자 단기 흐름 분석해줘 #00174,stock_analysis,True,synthetic_hardfail
qa-hardfail-00175,SK하이닉스 사도 돼? #00175,stock_analysis,True,synthetic_hardfail
qa-hardfail-00176,NAVER 지금 차트 어때? #00176,stock_analysis,True,synthetic_hardfail
qa-hardfail-00177,카카오 오늘 들어가도 되는 자리야? #00177,stock_analysis,True,synthetic_hardfail
qa-hardfail-00178,현대차 단기 흐름 분석해줘 #00178,stock_analysis,True,synthetic_hardfail
qa-hardfail-00179,LG에너지솔루션 사도 돼? #00179,stock_analysis,True,synthetic_hardfail
qa-hardfail-00180,삼성전자 지금 차트 어때? #00180,stock_analysis,True,synthetic_hardfail
qa-hardfail-00181,SK하이닉스 오늘 들어가도 되는 자리야? #00181,stock_analysis,True,synthetic_hardfail
qa-hardfail-00182,NAVER 단기 흐름 분석해줘 #00182,stock_analysis,True,synthetic_hardfail
qa-hardfail-00183,카카오 사도 돼? #00183,stock_analysis,True,synthetic_hardfail
qa-hardfail-00184,현대차 지금 차트 어때? #00184,stock_analysis,True,synthetic_hardfail
qa-hardfail-00185,LG에너지솔루션 오늘 들어가도 되는 자리야? #00185,stock_analysis,True,synthetic_hardfail
qa-hardfail-00186,삼성전자 단기 흐름 분석해줘 #00186,stock_analysis,True,synthetic_hardfail
qa-hardfail-00187,SK하이닉스 사도 돼? #00187,stock_analysis,True,synthetic_hardfail
qa-hardfail-00188,NAVER 지금 차트 어때? #00188,stock_analysis,True,synthetic_hardfail
qa-hardfail-00189,카카오 오늘 들어가도 되는 자리야? #00189,stock_analysis,True,synthetic_hardfail
qa-hardfail-00190,현대차 단기 흐름 분석해줘 #00190,stock_analysis,True,synthetic_hardfail
qa-hardfail-00191,LG에너지솔루션 사도 돼? #00191,stock_analysis,True,synthetic_hardfail
qa-hardfail-00192,삼성전자 지금 차트 어때? #00192,stock_analysis,True,synthetic_hardfail
qa-hardfail-00193,SK하이닉스 오늘 들어가도 되는 자리야? #00193,stock_analysis,True,synthetic_hardfail
qa-hardfail-00194,NAVER 단기 흐름 분석해줘 #00194,stock_analysis,True,synthetic_hardfail
qa-hardfail-00195,카카오 사도 돼? #00195,stock_analysis,True,synthetic_hardfail
qa-hardfail-00196,현대차 지금 차트 어때? #00196,stock_analysis,True,synthetic_hardfail
qa-hardfail-00197,LG에너지솔루션 오늘 들어가도 되는 자리야? #00197,stock_analysis,True,synthetic_hardfail
qa-hardfail-00198,삼성전자 단기 흐름 분석해줘 #00198,stock_analysis,True,synthetic_hardfail
qa-hardfail-00199,SK하이닉스 사도 돼? #00199,stock_analysis,True,synthetic_hardfail
qa-hardfail-00200,NAVER 지금 차트 어때? #00200,stock_analysis,True,synthetic_hardfail
qa-hardfail-00201,카카오 오늘 들어가도 되는 자리야? #00201,stock_analysis,True,synthetic_hardfail
qa-hardfail-00202,현대차 단기 흐름 분석해줘 #00202,stock_analysis,True,synthetic_hardfail
qa-hardfail-00203,LG에너지솔루션 사도 돼? #00203,stock_analysis,True,synthetic_hardfail
qa-hardfail-00204,삼성전자 지금 차트 어때? #00204,stock_analysis,True,synthetic_hardfail
qa-hardfail-00205,SK하이닉스 오늘 들어가도 되는 자리야? #00205,stock_analysis,True,synthetic_hardfail
qa-hardfail-00206,NAVER 단기 흐름 분석해줘 #00206,stock_analysis,True,synthetic_hardfail
qa-hardfail-00207,카카오 사도 돼? #00207,stock_analysis,True,synthetic_hardfail
qa-hardfail-00208,현대차 지금 차트 어때? #00208,stock_analysis,True,synthetic_hardfail
qa-hardfail-00209,LG에너지솔루션 오늘 들어가도 되는 자리야? #00209,stock_analysis,True,synthetic_hardfail
qa-hardfail-00210,삼성전자 단기 흐름 분석해줘 #00210,stock_analysis,True,synthetic_hardfail
qa-hardfail-00211,SK하이닉스 사도 돼? #00211,stock_analysis,True,synthetic_hardfail
qa-hardfail-00212,NAVER 지금 차트 어때? #00212,stock_analysis,True,synthetic_hardfail
qa-hardfail-00213,카카오 오늘 들어가도 되는 자리야? #00213,stock_analysis,True,synthetic_hardfail
qa-hardfail-00214,현대차 단기 흐름 분석해줘 #00214,stock_analysis,True,synthetic_hardfail
qa-hardfail-00215,LG에너지솔루션 사도 돼? #00215,stock_analysis,True,synthetic_hardfail
qa-hardfail-00216,삼성전자 지금 차트 어때? #00216,stock_analysis,True,synthetic_hardfail
qa-hardfail-00217,SK하이닉스 오늘 들어가도 되는 자리야? #00217,stock_analysis,True,synthetic_hardfail
qa-hardfail-00218,NAVER 단기 흐름 분석해줘 #00218,stock_analysis,True,synthetic_hardfail
qa-hardfail-00219,카카오 사도 돼? #00219,stock_analysis,True,synthetic_hardfail
qa-hardfail-00220,현대차 지금 차트 어때? #00220,stock_analysis,True,synthetic_hardfail
qa-hardfail-00221,LG에너지솔루션 오늘 들어가도 되는 자리야? #00221,stock_analysis,True,synthetic_hardfail
qa-hardfail-00222,삼성전자 단기 흐름 분석해줘 #00222,stock_analysis,True,synthetic_hardfail
qa-hardfail-00223,SK하이닉스 사도 돼? #00223,stock_analysis,True,synthetic_hardfail
qa-hardfail-00224,NAVER 지금 차트 어때? #00224,stock_analysis,True,synthetic_hardfail
qa-hardfail-00225,카카오 오늘 들어가도 되는 자리야? #00225,stock_analysis,True,synthetic_hardfail
qa-hardfail-00226,현대차 단기 흐름 분석해줘 #00226,stock_analysis,True,synthetic_hardfail
qa-hardfail-00227,LG에너지솔루션 사도 돼? #00227,stock_analysis,True,synthetic_hardfail
qa-hardfail-00228,삼성전자 지금 차트 어때? #00228,stock_analysis,True,synthetic_hardfail
qa-hardfail-00229,SK하이닉스 오늘 들어가도 되는 자리야? #00229,stock_analysis,True,synthetic_hardfail
qa-hardfail-00230,NAVER 단기 흐름 분석해줘 #00230,stock_analysis,True,synthetic_hardfail
qa-hardfail-00231,카카오 사도 돼? #00231,stock_analysis,True,synthetic_hardfail
qa-hardfail-00232,현대차 지금 차트 어때? #00232,stock_analysis,True,synthetic_hardfail
qa-hardfail-00233,LG에너지솔루션 오늘 들어가도 되는 자리야? #00233,stock_analysis,True,synthetic_hardfail
qa-hardfail-00234,삼성전자 단기 흐름 분석해줘 #00234,stock_analysis,True,synthetic_hardfail
qa-hardfail-00235,SK하이닉스 사도 돼? #00235,stock_analysis,True,synthetic_hardfail
qa-hardfail-00236,NAVER 지금 차트 어때? #00236,stock_analysis,True,synthetic_hardfail
qa-hardfail-00237,카카오 오늘 들어가도 되는 자리야? #00237,stock_analysis,True,synthetic_hardfail
qa-hardfail-00238,현대차 단기 흐름 분석해줘 #00238,stock_analysis,True,synthetic_hardfail
qa-hardfail-00239,LG에너지솔루션 사도 돼? #00239,stock_analysis,True,synthetic_hardfail
qa-hardfail-00240,삼성전자 지금 차트 어때? #00240,stock_analysis,True,synthetic_hardfail
qa-hardfail-00241,SK하이닉스 오늘 들어가도 되는 자리야? #00241,stock_analysis,True,synthetic_hardfail
qa-hardfail-00242,NAVER 단기 흐름 분석해줘 #00242,stock_analysis,True,synthetic_hardfail
qa-hardfail-00243,카카오 사도 돼? #00243,stock_analysis,True,synthetic_hardfail
qa-hardfail-00244,현대차 지금 차트 어때? #00244,stock_analysis,True,synthetic_hardfail
qa-hardfail-00245,LG에너지솔루션 오늘 들어가도 되는 자리야? #00245,stock_analysis,True,synthetic_hardfail
qa-hardfail-00246,삼성전자 단기 흐름 분석해줘 #00246,stock_analysis,True,synthetic_hardfail
qa-hardfail-00247,SK하이닉스 사도 돼? #00247,stock_analysis,True,synthetic_hardfail
qa-hardfail-00248,NAVER 지금 차트 어때? #00248,stock_analysis,True,synthetic_hardfail
qa-hardfail-00249,카카오 오늘 들어가도 되는 자리야? #00249,stock_analysis,True,synthetic_hardfail
qa-hardfail-00250,현대차 단기 흐름 분석해줘 #00250,stock_analysis,True,synthetic_hardfail
qa-hardfail-00251,LG에너지솔루션 사도 돼? #00251,stock_analysis,True,synthetic_hardfail
qa-hardfail-00252,삼성전자 지금 차트 어때? #00252,stock_analysis,True,synthetic_hardfail
qa-hardfail-00253,SK하이닉스 오늘 들어가도 되는 자리야? #00253,stock_analysis,True,synthetic_hardfail
qa-hardfail-00254,NAVER 단기 흐름 분석해줘 #00254,stock_analysis,True,synthetic_hardfail
qa-hardfail-00255,카카오 사도 돼? #00255,stock_analysis,True,synthetic_hardfail
qa-hardfail-00256,현대차 지금 차트 어때? #00256,stock_analysis,True,synthetic_hardfail
qa-hardfail-00257,LG에너지솔루션 오늘 들어가도 되는 자리야? #00257,stock_analysis,True,synthetic_hardfail
qa-hardfail-00258,삼성전자 단기 흐름 분석해줘 #00258,stock_analysis,True,synthetic_hardfail
qa-hardfail-00259,SK하이닉스 사도 돼? #00259,stock_analysis,True,synthetic_hardfail
qa-hardfail-00260,NAVER 지금 차트 어때? #00260,stock_analysis,True,synthetic_hardfail
qa-hardfail-00261,카카오 오늘 들어가도 되는 자리야? #00261,stock_analysis,True,synthetic_hardfail
qa-hardfail-00262,현대차 단기 흐름 분석해줘 #00262,stock_analysis,True,synthetic_hardfail
qa-hardfail-00263,LG에너지솔루션 사도 돼? #00263,stock_analysis,True,synthetic_hardfail
qa-hardfail-00264,삼성전자 지금 차트 어때? #00264,stock_analysis,True,synthetic_hardfail
qa-hardfail-00265,SK하이닉스 오늘 들어가도 되는 자리야? #00265,stock_analysis,True,synthetic_hardfail
qa-hardfail-00266,NAVER 단기 흐름 분석해줘 #00266,stock_analysis,True,synthetic_hardfail
qa-hardfail-00267,카카오 사도 돼? #00267,stock_analysis,True,synthetic_hardfail
qa-hardfail-00268,현대차 지금 차트 어때? #00268,stock_analysis,True,synthetic_hardfail
qa-hardfail-00269,LG에너지솔루션 오늘 들어가도 되는 자리야? #00269,stock_analysis,True,synthetic_hardfail
qa-hardfail-00270,삼성전자 단기 흐름 분석해줘 #00270,stock_analysis,True,synthetic_hardfail
qa-hardfail-00271,SK하이닉스 사도 돼? #00271,stock_analysis,True,synthetic_hardfail
qa-hardfail-00272,NAVER 지금 차트 어때? #00272,stock_analysis,True,synthetic_hardfail
qa-hardfail-00273,카카오 오늘 들어가도 되는 자리야? #00273,stock_analysis,True,synthetic_hardfail
qa-hardfail-00274,현대차 단기 흐름 분석해줘 #00274,stock_analysis,True,synthetic_hardfail
qa-hardfail-00275,LG에너지솔루션 사도 돼? #00275,stock_analysis,True,synthetic_hardfail
qa-hardfail-00276,삼성전자 지금 차트 어때? #00276,stock_analysis,True,synthetic_hardfail
qa-hardfail-00277,SK하이닉스 오늘 들어가도 되는 자리야? #00277,stock_analysis,True,synthetic_hardfail
qa-hardfail-00278,NAVER 단기 흐름 분석해줘 #00278,stock_analysis,True,synthetic_hardfail
qa-hardfail-00279,카카오 사도 돼? #00279,stock_analysis,True,synthetic_hardfail
qa-hardfail-00280,현대차 지금 차트 어때? #00280,stock_analysis,True,synthetic_hardfail
qa-hardfail-00281,LG에너지솔루션 오늘 들어가도 되는 자리야? #00281,stock_analysis,True,synthetic_hardfail
qa-hardfail-00282,삼성전자 단기 흐름 분석해줘 #00282,stock_analysis,True,synthetic_hardfail
qa-hardfail-00283,SK하이닉스 사도 돼? #00283,stock_analysis,True,synthetic_hardfail
qa-hardfail-00284,NAVER 지금 차트 어때? #00284,stock_analysis,True,synthetic_hardfail
qa-hardfail-00285,카카오 오늘 들어가도 되는 자리야? #00285,stock_analysis,True,synthetic_hardfail
qa-hardfail-00286,현대차 단기 흐름 분석해줘 #00286,stock_analysis,True,synthetic_hardfail
qa-hardfail-00287,LG에너지솔루션 사도 돼? #00287,stock_analysis,True,synthetic_hardfail
qa-hardfail-00288,삼성전자 지금 차트 어때? #00288,stock_analysis,True,synthetic_hardfail
qa-hardfail-00289,SK하이닉스 오늘 들어가도 되는 자리야? #00289,stock_analysis,True,synthetic_hardfail
qa-hardfail-00290,NAVER 단기 흐름 분석해줘 #00290,stock_analysis,True,synthetic_hardfail
qa-hardfail-00291,카카오 사도 돼? #00291,stock_analysis,True,synthetic_hardfail
qa-hardfail-00292,현대차 지금 차트 어때? #00292,stock_analysis,True,synthetic_hardfail
qa-hardfail-00293,LG에너지솔루션 오늘 들어가도 되는 자리야? #00293,stock_analysis,True,synthetic_hardfail
qa-hardfail-00294,삼성전자 단기 흐름 분석해줘 #00294,stock_analysis,True,synthetic_hardfail
qa-hardfail-00295,SK하이닉스 사도 돼? #00295,stock_analysis,True,synthetic_hardfail
qa-hardfail-00296,NAVER 지금 차트 어때? #00296,stock_analysis,True,synthetic_hardfail
qa-hardfail-00297,카카오 오늘 들어가도 되는 자리야? #00297,stock_analysis,True,synthetic_hardfail
qa-hardfail-00298,현대차 단기 흐름 분석해줘 #00298,stock_analysis,True,synthetic_hardfail
qa-hardfail-00299,LG에너지솔루션 사도 돼? #00299,stock_analysis,True,synthetic_hardfail
qa-hardfail-00300,삼성전자 지금 차트 어때? #00300,stock_analysis,True,synthetic_hardfail
qa-hardfail-00301,SK하이닉스 오늘 들어가도 되는 자리야? #00301,stock_analysis,True,synthetic_hardfail
qa-hardfail-00302,NAVER 단기 흐름 분석해줘 #00302,stock_analysis,True,synthetic_hardfail
qa-hardfail-00303,카카오 사도 돼? #00303,stock_analysis,True,synthetic_hardfail
qa-hardfail-00304,현대차 지금 차트 어때? #00304,stock_analysis,True,synthetic_hardfail
qa-hardfail-00305,LG에너지솔루션 오늘 들어가도 되는 자리야? #00305,stock_analysis,True,synthetic_hardfail
qa-hardfail-00306,삼성전자 단기 흐름 분석해줘 #00306,stock_analysis,True,synthetic_hardfail
qa-hardfail-00307,SK하이닉스 사도 돼? #00307,stock_analysis,True,synthetic_hardfail
qa-hardfail-00308,NAVER 지금 차트 어때? #00308,stock_analysis,True,synthetic_hardfail
qa-hardfail-00309,카카오 오늘 들어가도 되는 자리야? #00309,stock_analysis,True,synthetic_hardfail
qa-hardfail-00310,현대차 단기 흐름 분석해줘 #00310,stock_analysis,True,synthetic_hardfail
qa-hardfail-00311,LG에너지솔루션 사도 돼? #00311,stock_analysis,True,synthetic_hardfail
qa-hardfail-00312,삼성전자 지금 차트 어때? #00312,stock_analysis,True,synthetic_hardfail
qa-hardfail-00313,SK하이닉스 오늘 들어가도 되는 자리야? #00313,stock_analysis,True,synthetic_hardfail
qa-hardfail-00314,NAVER 단기 흐름 분석해줘 #00314,stock_analysis,True,synthetic_hardfail
qa-hardfail-00315,카카오 사도 돼? #00315,stock_analysis,True,synthetic_hardfail
qa-hardfail-00316,현대차 지금 차트 어때? #00316,stock_analysis,True,synthetic_hardfail
qa-hardfail-00317,LG에너지솔루션 오늘 들어가도 되는 자리야? #00317,stock_analysis,True,synthetic_hardfail
qa-hardfail-00318,삼성전자 단기 흐름 분석해줘 #00318,stock_analysis,True,synthetic_hardfail
qa-hardfail-00319,SK하이닉스 사도 돼? #00319,stock_analysis,True,synthetic_hardfail
qa-hardfail-00320,NAVER 지금 차트 어때? #00320,stock_analysis,True,synthetic_hardfail
qa-hardfail-00321,카카오 오늘 들어가도 되는 자리야? #00321,stock_analysis,True,synthetic_hardfail
qa-hardfail-00322,현대차 단기 흐름 분석해줘 #00322,stock_analysis,True,synthetic_hardfail
qa-hardfail-00323,LG에너지솔루션 사도 돼? #00323,stock_analysis,True,synthetic_hardfail
qa-hardfail-00324,삼성전자 지금 차트 어때? #00324,stock_analysis,True,synthetic_hardfail
qa-hardfail-00325,SK하이닉스 오늘 들어가도 되는 자리야? #00325,stock_analysis,True,synthetic_hardfail
qa-hardfail-00326,NAVER 단기 흐름 분석해줘 #00326,stock_analysis,True,synthetic_hardfail
qa-hardfail-00327,카카오 사도 돼? #00327,stock_analysis,True,synthetic_hardfail
qa-hardfail-00328,현대차 지금 차트 어때? #00328,stock_analysis,True,synthetic_hardfail
qa-hardfail-00329,LG에너지솔루션 오늘 들어가도 되는 자리야? #00329,stock_analysis,True,synthetic_hardfail
qa-hardfail-00330,삼성전자 단기 흐름 분석해줘 #00330,stock_analysis,True,synthetic_hardfail
qa-hardfail-00331,SK하이닉스 사도 돼? #00331,stock_analysis,True,synthetic_hardfail
qa-hardfail-00332,NAVER 지금 차트 어때? #00332,stock_analysis,True,synthetic_hardfail
qa-hardfail-00333,카카오 오늘 들어가도 되는 자리야? #00333,stock_analysis,True,synthetic_hardfail
qa-hardfail-00334,현대차 단기 흐름 분석해줘 #00334,stock_analysis,True,synthetic_hardfail
qa-hardfail-00335,LG에너지솔루션 사도 돼? #00335,stock_analysis,True,synthetic_hardfail
qa-hardfail-00336,삼성전자 지금 차트 어때? #00336,stock_analysis,True,synthetic_hardfail
qa-hardfail-00337,SK하이닉스 오늘 들어가도 되는 자리야? #00337,stock_analysis,True,synthetic_hardfail
qa-hardfail-00338,NAVER 단기 흐름 분석해줘 #00338,stock_analysis,True,synthetic_hardfail
qa-hardfail-00339,카카오 사도 돼? #00339,stock_analysis,True,synthetic_hardfail
qa-hardfail-00340,현대차 지금 차트 어때? #00340,stock_analysis,True,synthetic_hardfail
qa-hardfail-00341,LG에너지솔루션 오늘 들어가도 되는 자리야? #00341,stock_analysis,True,synthetic_hardfail
qa-hardfail-00342,삼성전자 단기 흐름 분석해줘 #00342,stock_analysis,True,synthetic_hardfail
qa-hardfail-00343,SK하이닉스 사도 돼? #00343,stock_analysis,True,synthetic_hardfail
qa-hardfail-00344,NAVER 지금 차트 어때? #00344,stock_analysis,True,synthetic_hardfail
qa-hardfail-00345,카카오 오늘 들어가도 되는 자리야? #00345,stock_analysis,True,synthetic_hardfail
qa-hardfail-00346,현대차 단기 흐름 분석해줘 #00346,stock_analysis,True,synthetic_hardfail
qa-hardfail-00347,LG에너지솔루션 사도 돼? #00347,stock_analysis,True,synthetic_hardfail
qa-hardfail-00348,삼성전자 지금 차트 어때? #00348,stock_analysis,True,synthetic_hardfail
qa-hardfail-00349,SK하이닉스 오늘 들어가도 되는 자리야? #00349,stock_analysis,True,synthetic_hardfail
qa-hardfail-00350,NAVER 단기 흐름 분석해줘 #00350,stock_analysis,True,synthetic_hardfail
qa-hardfail-00351,카카오 사도 돼? #00351,stock_analysis,True,synthetic_hardfail
qa-hardfail-00352,현대차 지금 차트 어때? #00352,stock_analysis,True,synthetic_hardfail
qa-hardfail-00353,LG에너지솔루션 오늘 들어가도 되는 자리야? #00353,stock_analysis,True,synthetic_hardfail
qa-hardfail-00354,삼성전자 단기 흐름 분석해줘 #00354,stock_analysis,True,synthetic_hardfail
qa-hardfail-00355,SK하이닉스 사도 돼? #00355,stock_analysis,True,synthetic_hardfail
qa-hardfail-00356,NAVER 지금 차트 어때? #00356,stock_analysis,True,synthetic_hardfail
qa-hardfail-00357,카카오 오늘 들어가도 되는 자리야? #00357,stock_analysis,True,synthetic_hardfail
qa-hardfail-00358,현대차 단기 흐름 분석해줘 #00358,stock_analysis,True,synthetic_hardfail
qa-hardfail-00359,LG에너지솔루션 사도 돼? #00359,stock_analysis,True,synthetic_hardfail
qa-hardfail-00360,삼성전자 지금 차트 어때? #00360,stock_analysis,True,synthetic_hardfail
qa-hardfail-00361,SK하이닉스 오늘 들어가도 되는 자리야? #00361,stock_analysis,True,synthetic_hardfail
qa-hardfail-00362,NAVER 단기 흐름 분석해줘 #00362,stock_analysis,True,synthetic_hardfail
qa-hardfail-00363,카카오 사도 돼? #00363,stock_analysis,True,synthetic_hardfail
qa-hardfail-00364,현대차 지금 차트 어때? #00364,stock_analysis,True,synthetic_hardfail
qa-hardfail-00365,LG에너지솔루션 오늘 들어가도 되는 자리야? #00365,stock_analysis,True,synthetic_hardfail
qa-hardfail-00366,삼성전자 단기 흐름 분석해줘 #00366,stock_analysis,True,synthetic_hardfail
qa-hardfail-00367,SK하이닉스 사도 돼? #00367,stock_analysis,True,synthetic_hardfail
qa-hardfail-00368,NAVER 지금 차트 어때? #00368,stock_analysis,True,synthetic_hardfail
qa-hardfail-00369,카카오 오늘 들어가도 되는 자리야? #00369,stock_analysis,True,synthetic_hardfail
qa-hardfail-00370,현대차 단기 흐름 분석해줘 #00370,stock_analysis,True,synthetic_hardfail
qa-hardfail-00371,LG에너지솔루션 사도 돼? #00371,stock_analysis,True,synthetic_hardfail
qa-hardfail-00372,삼성전자 지금 차트 어때? #00372,stock_analysis,True,synthetic_hardfail
qa-hardfail-00373,SK하이닉스 오늘 들어가도 되는 자리야? #00373,stock_analysis,True,synthetic_hardfail
qa-hardfail-00374,NAVER 단기 흐름 분석해줘 #00374,stock_analysis,True,synthetic_hardfail
qa-hardfail-00375,카카오 사도 돼? #00375,stock_analysis,True,synthetic_hardfail
qa-hardfail-00376,현대차 지금 차트 어때? #00376,stock_analysis,True,synthetic_hardfail
qa-hardfail-00377,LG에너지솔루션 오늘 들어가도 되는 자리야? #00377,stock_analysis,True,synthetic_hardfail
qa-hardfail-00378,삼성전자 단기 흐름 분석해줘 #00378,stock_analysis,True,synthetic_hardfail
qa-hardfail-00379,SK하이닉스 사도 돼? #00379,stock_analysis,True,synthetic_hardfail
qa-hardfail-00380,NAVER 지금 차트 어때? #00380,stock_analysis,True,synthetic_hardfail
qa-hardfail-00381,카카오 오늘 들어가도 되는 자리야? #00381,stock_analysis,True,synthetic_hardfail
qa-hardfail-00382,현대차 단기 흐름 분석해줘 #00382,stock_analysis,True,synthetic_hardfail
qa-hardfail-00383,LG에너지솔루션 사도 돼? #00383,stock_analysis,True,synthetic_hardfail
qa-hardfail-00384,삼성전자 지금 차트 어때? #00384,stock_analysis,True,synthetic_hardfail
qa-hardfail-00385,SK하이닉스 오늘 들어가도 되는 자리야? #00385,stock_analysis,True,synthetic_hardfail
qa-hardfail-00386,NAVER 단기 흐름 분석해줘 #00386,stock_analysis,True,synthetic_hardfail
qa-hardfail-00387,카카오 사도 돼? #00387,stock_analysis,True,synthetic_hardfail
qa-hardfail-00388,현대차 지금 차트 어때? #00388,stock_analysis,True,synthetic_hardfail
qa-hardfail-00389,LG에너지솔루션 오늘 들어가도 되는 자리야? #00389,stock_analysis,True,synthetic_hardfail
qa-hardfail-00390,삼성전자 단기 흐름 분석해줘 #00390,stock_analysis,True,synthetic_hardfail
qa-hardfail-00391,SK하이닉스 사도 돼? #00391,stock_analysis,True,synthetic_hardfail
qa-hardfail-00392,NAVER 지금 차트 어때? #00392,stock_analysis,True,synthetic_hardfail
qa-hardfail-00393,카카오 오늘 들어가도 되는 자리야? #00393,stock_analysis,True,synthetic_hardfail
qa-hardfail-00394,현대차 단기 흐름 분석해줘 #00394,stock_analysis,True,synthetic_hardfail
qa-hardfail-00395,LG에너지솔루션 사도 돼? #00395,stock_analysis,True,synthetic_hardfail
qa-hardfail-00396,삼성전자 지금 차트 어때? #00396,stock_analysis,True,synthetic_hardfail
qa-hardfail-00397,SK하이닉스 오늘 들어가도 되는 자리야? #00397,stock_analysis,True,synthetic_hardfail
qa-hardfail-00398,NAVER 단기 흐름 분석해줘 #00398,stock_analysis,True,synthetic_hardfail
qa-hardfail-00399,카카오 사도 돼? #00399,stock_analysis,True,synthetic_hardfail
qa-hardfail-00400,현대차 지금 차트 어때? #00400,stock_analysis,True,synthetic_hardfail
qa-hardfail-00401,LG에너지솔루션 오늘 들어가도 되는 자리야? #00401,stock_analysis,True,synthetic_hardfail
qa-hardfail-00402,삼성전자 단기 흐름 분석해줘 #00402,stock_analysis,True,synthetic_hardfail
qa-hardfail-00403,SK하이닉스 사도 돼? #00403,stock_analysis,True,synthetic_hardfail
qa-hardfail-00404,NAVER 지금 차트 어때? #00404,stock_analysis,True,synthetic_hardfail
qa-hardfail-00405,카카오 오늘 들어가도 되는 자리야? #00405,stock_analysis,True,synthetic_hardfail
qa-hardfail-00406,현대차 단기 흐름 분석해줘 #00406,stock_analysis,True,synthetic_hardfail
qa-hardfail-00407,LG에너지솔루션 사도 돼? #00407,stock_analysis,True,synthetic_hardfail
qa-hardfail-00408,삼성전자 지금 차트 어때? #00408,stock_analysis,True,synthetic_hardfail
qa-hardfail-00409,SK하이닉스 오늘 들어가도 되는 자리야? #00409,stock_analysis,True,synthetic_hardfail
qa-hardfail-00410,NAVER 단기 흐름 분석해줘 #00410,stock_analysis,True,synthetic_hardfail
qa-hardfail-00411,카카오 사도 돼? #00411,stock_analysis,True,synthetic_hardfail
qa-hardfail-00412,현대차 지금 차트 어때? #00412,stock_analysis,True,synthetic_hardfail
qa-hardfail-00413,LG에너지솔루션 오늘 들어가도 되는 자리야? #00413,stock_analysis,True,synthetic_hardfail
qa-hardfail-00414,삼성전자 단기 흐름 분석해줘 #00414,stock_analysis,True,synthetic_hardfail
qa-hardfail-00415,SK하이닉스 사도 돼? #00415,stock_analysis,True,synthetic_hardfail
qa-hardfail-00416,NAVER 지금 차트 어때? #00416,stock_analysis,True,synthetic_hardfail
qa-hardfail-00417,카카오 오늘 들어가도 되는 자리야? #00417,stock_analysis,True,synthetic_hardfail
qa-hardfail-00418,현대차 단기 흐름 분석해줘 #00418,stock_analysis,True,synthetic_hardfail
qa-hardfail-00419,LG에너지솔루션 사도 돼? #00419,stock_analysis,True,synthetic_hardfail
qa-hardfail-00420,삼성전자 지금 차트 어때? #00420,stock_analysis,True,synthetic_hardfail
qa-hardfail-00421,SK하이닉스 오늘 들어가도 되는 자리야? #00421,stock_analysis,True,synthetic_hardfail
qa-hardfail-00422,NAVER 단기 흐름 분석해줘 #00422,stock_analysis,True,synthetic_hardfail
qa-hardfail-00423,카카오 사도 돼? #00423,stock_analysis,True,synthetic_hardfail
qa-hardfail-00424,현대차 지금 차트 어때? #00424,stock_analysis,True,synthetic_hardfail
qa-hardfail-00425,LG에너지솔루션 오늘 들어가도 되는 자리야? #00425,stock_analysis,True,synthetic_hardfail
qa-hardfail-00426,삼성전자 단기 흐름 분석해줘 #00426,stock_analysis,True,synthetic_hardfail
qa-hardfail-00427,SK하이닉스 사도 돼? #00427,stock_analysis,True,synthetic_hardfail
qa-hardfail-00428,NAVER 지금 차트 어때? #00428,stock_analysis,True,synthetic_hardfail
qa-hardfail-00429,카카오 오늘 들어가도 되는 자리야? #00429,stock_analysis,True,synthetic_hardfail
qa-hardfail-00430,현대차 단기 흐름 분석해줘 #00430,stock_analysis,True,synthetic_hardfail
qa-hardfail-00431,LG에너지솔루션 사도 돼? #00431,stock_analysis,True,synthetic_hardfail
qa-hardfail-00432,삼성전자 지금 차트 어때? #00432,stock_analysis,True,synthetic_hardfail
qa-hardfail-00433,SK하이닉스 오늘 들어가도 되는 자리야? #00433,stock_analysis,True,synthetic_hardfail
qa-hardfail-00434,NAVER 단기 흐름 분석해줘 #00434,stock_analysis,True,synthetic_hardfail
qa-hardfail-00435,카카오 사도 돼? #00435,stock_analysis,True,synthetic_hardfail
qa-hardfail-00436,현대차 지금 차트 어때? #00436,stock_analysis,True,synthetic_hardfail
qa-hardfail-00437,LG에너지솔루션 오늘 들어가도 되는 자리야? #00437,stock_analysis,True,synthetic_hardfail
qa-hardfail-00438,삼성전자 단기 흐름 분석해줘 #00438,stock_analysis,True,synthetic_hardfail
qa-hardfail-00439,SK하이닉스 사도 돼? #00439,stock_analysis,True,synthetic_hardfail
qa-hardfail-00440,NAVER 지금 차트 어때? #00440,stock_analysis,True,synthetic_hardfail
qa-hardfail-00441,카카오 오늘 들어가도 되는 자리야? #00441,stock_analysis,True,synthetic_hardfail
qa-hardfail-00442,현대차 단기 흐름 분석해줘 #00442,stock_analysis,True,synthetic_hardfail
qa-hardfail-00443,LG에너지솔루션 사도 돼? #00443,stock_analysis,True,synthetic_hardfail
qa-hardfail-00444,삼성전자 지금 차트 어때? #00444,stock_analysis,True,synthetic_hardfail
qa-hardfail-00445,SK하이닉스 오늘 들어가도 되는 자리야? #00445,stock_analysis,True,synthetic_hardfail
qa-hardfail-00446,NAVER 단기 흐름 분석해줘 #00446,stock_analysis,True,synthetic_hardfail
qa-hardfail-00447,카카오 사도 돼? #00447,stock_analysis,True,synthetic_hardfail
qa-hardfail-00448,현대차 지금 차트 어때? #00448,stock_analysis,True,synthetic_hardfail
qa-hardfail-00449,LG에너지솔루션 오늘 들어가도 되는 자리야? #00449,stock_analysis,True,synthetic_hardfail
qa-hardfail-00450,삼성전자 단기 흐름 분석해줘 #00450,stock_analysis,True,synthetic_hardfail
qa-hardfail-00451,SK하이닉스 사도 돼? #00451,stock_analysis,True,synthetic_hardfail
qa-hardfail-00452,NAVER 지금 차트 어때? #00452,stock_analysis,True,synthetic_hardfail
qa-hardfail-00453,카카오 오늘 들어가도 되는 자리야? #00453,stock_analysis,True,synthetic_hardfail
qa-hardfail-00454,현대차 단기 흐름 분석해줘 #00454,stock_analysis,True,synthetic_hardfail
qa-hardfail-00455,LG에너지솔루션 사도 돼? #00455,stock_analysis,True,synthetic_hardfail
qa-hardfail-00456,삼성전자 지금 차트 어때? #00456,stock_analysis,True,synthetic_hardfail
qa-hardfail-00457,SK하이닉스 오늘 들어가도 되는 자리야? #00457,stock_analysis,True,synthetic_hardfail
qa-hardfail-00458,NAVER 단기 흐름 분석해줘 #00458,stock_analysis,True,synthetic_hardfail
qa-hardfail-00459,카카오 사도 돼? #00459,stock_analysis,True,synthetic_hardfail
qa-hardfail-00460,현대차 지금 차트 어때? #00460,stock_analysis,True,synthetic_hardfail
qa-hardfail-00461,LG에너지솔루션 오늘 들어가도 되는 자리야? #00461,stock_analysis,True,synthetic_hardfail
qa-hardfail-00462,삼성전자 단기 흐름 분석해줘 #00462,stock_analysis,True,synthetic_hardfail
qa-hardfail-00463,SK하이닉스 사도 돼? #00463,stock_analysis,True,synthetic_hardfail
qa-hardfail-00464,NAVER 지금 차트 어때? #00464,stock_analysis,True,synthetic_hardfail
qa-hardfail-00465,카카오 오늘 들어가도 되는 자리야? #00465,stock_analysis,True,synthetic_hardfail
qa-hardfail-00466,현대차 단기 흐름 분석해줘 #00466,stock_analysis,True,synthetic_hardfail
qa-hardfail-00467,LG에너지솔루션 사도 돼? #00467,stock_analysis,True,synthetic_hardfail
qa-hardfail-00468,삼성전자 지금 차트 어때? #00468,stock_analysis,True,synthetic_hardfail
qa-hardfail-00469,SK하이닉스 오늘 들어가도 되는 자리야? #00469,stock_analysis,True,synthetic_hardfail
qa-hardfail-00470,NAVER 단기 흐름 분석해줘 #00470,stock_analysis,True,synthetic_hardfail
qa-hardfail-00471,카카오 사도 돼? #00471,stock_analysis,True,synthetic_hardfail
qa-hardfail-00472,현대차 지금 차트 어때? #00472,stock_analysis,True,synthetic_hardfail
qa-hardfail-00473,LG에너지솔루션 오늘 들어가도 되는 자리야? #00473,stock_analysis,True,synthetic_hardfail
qa-hardfail-00474,삼성전자 단기 흐름 분석해줘 #00474,stock_analysis,True,synthetic_hardfail
qa-hardfail-00475,SK하이닉스 사도 돼? #00475,stock_analysis,True,synthetic_hardfail
qa-hardfail-00476,NAVER 지금 차트 어때? #00476,stock_analysis,True,synthetic_hardfail
qa-hardfail-00477,카카오 오늘 들어가도 되는 자리야? #00477,stock_analysis,True,synthetic_hardfail
qa-hardfail-00478,현대차 단기 흐름 분석해줘 #00478,stock_analysis,True,synthetic_hardfail
qa-hardfail-00479,LG에너지솔루션 사도 돼? #00479,stock_analysis,True,synthetic_hardfail
qa-hardfail-00480,삼성전자 지금 차트 어때? #00480,stock_analysis,True,synthetic_hardfail
qa-hardfail-00481,SK하이닉스 오늘 들어가도 되는 자리야? #00481,stock_analysis,True,synthetic_hardfail
qa-hardfail-00482,NAVER 단기 흐름 분석해줘 #00482,stock_analysis,True,synthetic_hardfail
qa-hardfail-00483,카카오 사도 돼? #00483,stock_analysis,True,synthetic_hardfail
qa-hardfail-00484,현대차 지금 차트 어때? #00484,stock_analysis,True,synthetic_hardfail
qa-hardfail-00485,LG에너지솔루션 오늘 들어가도 되는 자리야? #00485,stock_analysis,True,synthetic_hardfail
qa-hardfail-00486,삼성전자 단기 흐름 분석해줘 #00486,stock_analysis,True,synthetic_hardfail
qa-hardfail-00487,SK하이닉스 사도 돼? #00487,stock_analysis,True,synthetic_hardfail
qa-hardfail-00488,NAVER 지금 차트 어때? #00488,stock_analysis,True,synthetic_hardfail
qa-hardfail-00489,카카오 오늘 들어가도 되는 자리야? #00489,stock_analysis,True,synthetic_hardfail
qa-hardfail-00490,현대차 단기 흐름 분석해줘 #00490,stock_analysis,True,synthetic_hardfail
qa-hardfail-00491,LG에너지솔루션 사도 돼? #00491,stock_analysis,True,synthetic_hardfail
qa-hardfail-00492,삼성전자 지금 차트 어때? #00492,stock_analysis,True,synthetic_hardfail
qa-hardfail-00493,SK하이닉스 오늘 들어가도 되는 자리야? #00493,stock_analysis,True,synthetic_hardfail
qa-hardfail-00494,NAVER 단기 흐름 분석해줘 #00494,stock_analysis,True,synthetic_hardfail
qa-hardfail-00495,카카오 사도 돼? #00495,stock_analysis,True,synthetic_hardfail
qa-hardfail-00496,현대차 지금 차트 어때? #00496,stock_analysis,True,synthetic_hardfail
qa-hardfail-00497,LG에너지솔루션 오늘 들어가도 되는 자리야? #00497,stock_analysis,True,synthetic_hardfail
qa-hardfail-00498,삼성전자 단기 흐름 분석해줘 #00498,stock_analysis,True,synthetic_hardfail
qa-hardfail-00499,SK하이닉스 사도 돼? #00499,stock_analysis,True,synthetic_hardfail
qa-hardfail-00500,NAVER 지금 차트 어때? #00500,stock_analysis,True,synthetic_hardfail
qa-hardfail-00501,카카오 오늘 들어가도 되는 자리야? #00501,stock_analysis,True,synthetic_hardfail
qa-hardfail-00502,현대차 단기 흐름 분석해줘 #00502,stock_analysis,True,synthetic_hardfail
qa-hardfail-00503,LG에너지솔루션 사도 돼? #00503,stock_analysis,True,synthetic_hardfail
qa-hardfail-00504,삼성전자 지금 차트 어때? #00504,stock_analysis,True,synthetic_hardfail
qa-hardfail-00505,SK하이닉스 오늘 들어가도 되는 자리야? #00505,stock_analysis,True,synthetic_hardfail
qa-hardfail-00506,NAVER 단기 흐름 분석해줘 #00506,stock_analysis,True,synthetic_hardfail
qa-hardfail-00507,카카오 사도 돼? #00507,stock_analysis,True,synthetic_hardfail
qa-hardfail-00508,현대차 지금 차트 어때? #00508,stock_analysis,True,synthetic_hardfail
qa-hardfail-00509,LG에너지솔루션 오늘 들어가도 되는 자리야? #00509,stock_analysis,True,synthetic_hardfail
qa-hardfail-00510,삼성전자 단기 흐름 분석해줘 #00510,stock_analysis,True,synthetic_hardfail
qa-hardfail-00511,SK하이닉스 사도 돼? #00511,stock_analysis,True,synthetic_hardfail
qa-hardfail-00512,NAVER 지금 차트 어때? #00512,stock_analysis,True,synthetic_hardfail
qa-hardfail-00513,카카오 오늘 들어가도 되는 자리야? #00513,stock_analysis,True,synthetic_hardfail
qa-hardfail-00514,현대차 단기 흐름 분석해줘 #00514,stock_analysis,True,synthetic_hardfail
qa-hardfail-00515,LG에너지솔루션 사도 돼? #00515,stock_analysis,True,synthetic_hardfail
qa-hardfail-00516,삼성전자 지금 차트 어때? #00516,stock_analysis,True,synthetic_hardfail
qa-hardfail-00517,SK하이닉스 오늘 들어가도 되는 자리야? #00517,stock_analysis,True,synthetic_hardfail
qa-hardfail-00518,NAVER 단기 흐름 분석해줘 #00518,stock_analysis,True,synthetic_hardfail
qa-hardfail-00519,카카오 사도 돼? #00519,stock_analysis,True,synthetic_hardfail
qa-hardfail-00520,현대차 지금 차트 어때? #00520,stock_analysis,True,synthetic_hardfail
qa-hardfail-00521,LG에너지솔루션 오늘 들어가도 되는 자리야? #00521,stock_analysis,True,synthetic_hardfail
qa-hardfail-00522,삼성전자 단기 흐름 분석해줘 #00522,stock_analysis,True,synthetic_hardfail
qa-hardfail-00523,SK하이닉스 사도 돼? #00523,stock_analysis,True,synthetic_hardfail
qa-hardfail-00524,NAVER 지금 차트 어때? #00524,stock_analysis,True,synthetic_hardfail
qa-hardfail-00525,카카오 오늘 들어가도 되는 자리야? #00525,stock_analysis,True,synthetic_hardfail
qa-hardfail-00526,현대차 단기 흐름 분석해줘 #00526,stock_analysis,True,synthetic_hardfail
qa-hardfail-00527,LG에너지솔루션 사도 돼? #00527,stock_analysis,True,synthetic_hardfail
qa-hardfail-00528,삼성전자 지금 차트 어때? #00528,stock_analysis,True,synthetic_hardfail
qa-hardfail-00529,SK하이닉스 오늘 들어가도 되는 자리야? #00529,stock_analysis,True,synthetic_hardfail
qa-hardfail-00530,NAVER 단기 흐름 분석해줘 #00530,stock_analysis,True,synthetic_hardfail
qa-hardfail-00531,카카오 사도 돼? #00531,stock_analysis,True,synthetic_hardfail
qa-hardfail-00532,현대차 지금 차트 어때? #00532,stock_analysis,True,synthetic_hardfail
qa-hardfail-00533,LG에너지솔루션 오늘 들어가도 되는 자리야? #00533,stock_analysis,True,synthetic_hardfail
qa-hardfail-00534,삼성전자 단기 흐름 분석해줘 #00534,stock_analysis,True,synthetic_hardfail
qa-hardfail-00535,SK하이닉스 사도 돼? #00535,stock_analysis,True,synthetic_hardfail
qa-hardfail-00536,NAVER 지금 차트 어때? #00536,stock_analysis,True,synthetic_hardfail
qa-hardfail-00537,카카오 오늘 들어가도 되는 자리야? #00537,stock_analysis,True,synthetic_hardfail
qa-hardfail-00538,현대차 단기 흐름 분석해줘 #00538,stock_analysis,True,synthetic_hardfail
qa-hardfail-00539,LG에너지솔루션 사도 돼? #00539,stock_analysis,True,synthetic_hardfail
qa-hardfail-00540,삼성전자 지금 차트 어때? #00540,stock_analysis,True,synthetic_hardfail
qa-hardfail-00541,SK하이닉스 오늘 들어가도 되는 자리야? #00541,stock_analysis,True,synthetic_hardfail
qa-hardfail-00542,NAVER 단기 흐름 분석해줘 #00542,stock_analysis,True,synthetic_hardfail
qa-hardfail-00543,카카오 사도 돼? #00543,stock_analysis,True,synthetic_hardfail
qa-hardfail-00544,현대차 지금 차트 어때? #00544,stock_analysis,True,synthetic_hardfail
qa-hardfail-00545,LG에너지솔루션 오늘 들어가도 되는 자리야? #00545,stock_analysis,True,synthetic_hardfail
qa-hardfail-00546,삼성전자 단기 흐름 분석해줘 #00546,stock_analysis,True,synthetic_hardfail
qa-hardfail-00547,SK하이닉스 사도 돼? #00547,stock_analysis,True,synthetic_hardfail
qa-hardfail-00548,NAVER 지금 차트 어때? #00548,stock_analysis,True,synthetic_hardfail
qa-hardfail-00549,카카오 오늘 들어가도 되는 자리야? #00549,stock_analysis,True,synthetic_hardfail
qa-hardfail-00550,현대차 단기 흐름 분석해줘 #00550,stock_analysis,True,synthetic_hardfail
qa-hardfail-00551,LG에너지솔루션 사도 돼? #00551,stock_analysis,True,synthetic_hardfail
qa-hardfail-00552,삼성전자 지금 차트 어때? #00552,stock_analysis,True,synthetic_hardfail
qa-hardfail-00553,SK하이닉스 오늘 들어가도 되는 자리야? #00553,stock_analysis,True,synthetic_hardfail
qa-hardfail-00554,NAVER 단기 흐름 분석해줘 #00554,stock_analysis,True,synthetic_hardfail
qa-hardfail-00555,카카오 사도 돼? #00555,stock_analysis,True,synthetic_hardfail
qa-hardfail-00556,현대차 지금 차트 어때? #00556,stock_analysis,True,synthetic_hardfail
qa-hardfail-00557,LG에너지솔루션 오늘 들어가도 되는 자리야? #00557,stock_analysis,True,synthetic_hardfail
qa-hardfail-00558,삼성전자 단기 흐름 분석해줘 #00558,stock_analysis,True,synthetic_hardfail
qa-hardfail-00559,SK하이닉스 사도 돼? #00559,stock_analysis,True,synthetic_hardfail
qa-hardfail-00560,NAVER 지금 차트 어때? #00560,stock_analysis,True,synthetic_hardfail
qa-hardfail-00561,카카오 오늘 들어가도 되는 자리야? #00561,stock_analysis,True,synthetic_hardfail
qa-hardfail-00562,현대차 단기 흐름 분석해줘 #00562,stock_analysis,True,synthetic_hardfail
qa-hardfail-00563,LG에너지솔루션 사도 돼? #00563,stock_analysis,True,synthetic_hardfail
qa-hardfail-00564,삼성전자 지금 차트 어때? #00564,stock_analysis,True,synthetic_hardfail
qa-hardfail-00565,SK하이닉스 오늘 들어가도 되는 자리야? #00565,stock_analysis,True,synthetic_hardfail
qa-hardfail-00566,NAVER 단기 흐름 분석해줘 #00566,stock_analysis,True,synthetic_hardfail
qa-hardfail-00567,카카오 사도 돼? #00567,stock_analysis,True,synthetic_hardfail
qa-hardfail-00568,현대차 지금 차트 어때? #00568,stock_analysis,True,synthetic_hardfail
qa-hardfail-00569,LG에너지솔루션 오늘 들어가도 되는 자리야? #00569,stock_analysis,True,synthetic_hardfail
qa-hardfail-00570,삼성전자 단기 흐름 분석해줘 #00570,stock_analysis,True,synthetic_hardfail
qa-hardfail-00571,SK하이닉스 사도 돼? #00571,stock_analysis,True,synthetic_hardfail
qa-hardfail-00572,NAVER 지금 차트 어때? #00572,stock_analysis,True,synthetic_hardfail
qa-hardfail-00573,카카오 오늘 들어가도 되는 자리야? #00573,stock_analysis,True,synthetic_hardfail
qa-hardfail-00574,현대차 단기 흐름 분석해줘 #00574,stock_analysis,True,synthetic_hardfail
qa-hardfail-00575,LG에너지솔루션 사도 돼? #00575,stock_analysis,True,synthetic_hardfail
qa-hardfail-00576,삼성전자 지금 차트 어때? #00576,stock_analysis,True,synthetic_hardfail
qa-hardfail-00577,SK하이닉스 오늘 들어가도 되는 자리야? #00577,stock_analysis,True,synthetic_hardfail
qa-hardfail-00578,NAVER 단기 흐름 분석해줘 #00578,stock_analysis,True,synthetic_hardfail
qa-hardfail-00579,카카오 사도 돼? #00579,stock_analysis,True,synthetic_hardfail
qa-hardfail-00580,현대차 지금 차트 어때? #00580,stock_analysis,True,synthetic_hardfail
qa-hardfail-00581,LG에너지솔루션 오늘 들어가도 되는 자리야? #00581,stock_analysis,True,synthetic_hardfail
qa-hardfail-00582,삼성전자 단기 흐름 분석해줘 #00582,stock_analysis,True,synthetic_hardfail
qa-hardfail-00583,SK하이닉스 사도 돼? #00583,stock_analysis,True,synthetic_hardfail
qa-hardfail-00584,NAVER 지금 차트 어때? #00584,stock_analysis,True,synthetic_hardfail
qa-hardfail-00585,카카오 오늘 들어가도 되는 자리야? #00585,stock_analysis,True,synthetic_hardfail
qa-hardfail-00586,현대차 단기 흐름 분석해줘 #00586,stock_analysis,True,synthetic_hardfail
qa-hardfail-00587,LG에너지솔루션 사도 돼? #00587,stock_analysis,True,synthetic_hardfail
qa-hardfail-00588,삼성전자 지금 차트 어때? #00588,stock_analysis,True,synthetic_hardfail
qa-hardfail-00589,SK하이닉스 오늘 들어가도 되는 자리야? #00589,stock_analysis,True,synthetic_hardfail
qa-hardfail-00590,NAVER 단기 흐름 분석해줘 #00590,stock_analysis,True,synthetic_hardfail
qa-hardfail-00591,카카오 사도 돼? #00591,stock_analysis,True,synthetic_hardfail
qa-hardfail-00592,현대차 지금 차트 어때? #00592,stock_analysis,True,synthetic_hardfail
qa-hardfail-00593,LG에너지솔루션 오늘 들어가도 되는 자리야? #00593,stock_analysis,True,synthetic_hardfail
qa-hardfail-00594,삼성전자 단기 흐름 분석해줘 #00594,stock_analysis,True,synthetic_hardfail
qa-hardfail-00595,SK하이닉스 사도 돼? #00595,stock_analysis,True,synthetic_hardfail
qa-hardfail-00596,NAVER 지금 차트 어때? #00596,stock_analysis,True,synthetic_hardfail
qa-hardfail-00597,카카오 오늘 들어가도 되는 자리야? #00597,stock_analysis,True,synthetic_hardfail
qa-hardfail-00598,현대차 단기 흐름 분석해줘 #00598,stock_analysis,True,synthetic_hardfail
qa-hardfail-00599,LG에너지솔루션 사도 돼? #00599,stock_analysis,True,synthetic_hardfail
qa-hardfail-00600,삼성전자 지금 차트 어때? #00600,stock_analysis,True,synthetic_hardfail
qa-hardfail-00601,SK하이닉스 오늘 들어가도 되는 자리야? #00601,stock_analysis,True,synthetic_hardfail
qa-hardfail-00602,NAVER 단기 흐름 분석해줘 #00602,stock_analysis,True,synthetic_hardfail
qa-hardfail-00603,카카오 사도 돼? #00603,stock_analysis,True,synthetic_hardfail
qa-hardfail-00604,현대차 지금 차트 어때? #00604,stock_analysis,True,synthetic_hardfail
qa-hardfail-00605,LG에너지솔루션 오늘 들어가도 되는 자리야? #00605,stock_analysis,True,synthetic_hardfail
qa-hardfail-00606,삼성전자 단기 흐름 분석해줘 #00606,stock_analysis,True,synthetic_hardfail
qa-hardfail-00607,SK하이닉스 사도 돼? #00607,stock_analysis,True,synthetic_hardfail
qa-hardfail-00608,NAVER 지금 차트 어때? #00608,stock_analysis,True,synthetic_hardfail
qa-hardfail-00609,카카오 오늘 들어가도 되는 자리야? #00609,stock_analysis,True,synthetic_hardfail
qa-hardfail-00610,현대차 단기 흐름 분석해줘 #00610,stock_analysis,True,synthetic_hardfail
qa-hardfail-00611,LG에너지솔루션 사도 돼? #00611,stock_analysis,True,synthetic_hardfail
qa-hardfail-00612,삼성전자 지금 차트 어때? #00612,stock_analysis,True,synthetic_hardfail
qa-hardfail-00613,SK하이닉스 오늘 들어가도 되는 자리야? #00613,stock_analysis,True,synthetic_hardfail
qa-hardfail-00614,NAVER 단기 흐름 분석해줘 #00614,stock_analysis,True,synthetic_hardfail
qa-hardfail-00615,카카오 사도 돼? #00615,stock_analysis,True,synthetic_hardfail
qa-hardfail-00616,현대차 지금 차트 어때? #00616,stock_analysis,True,synthetic_hardfail
qa-hardfail-00617,LG에너지솔루션 오늘 들어가도 되는 자리야? #00617,stock_analysis,True,synthetic_hardfail
qa-hardfail-00618,삼성전자 단기 흐름 분석해줘 #00618,stock_analysis,True,synthetic_hardfail
qa-hardfail-00619,SK하이닉스 사도 돼? #00619,stock_analysis,True,synthetic_hardfail
qa-hardfail-00620,NAVER 지금 차트 어때? #00620,stock_analysis,True,synthetic_hardfail
qa-hardfail-00621,카카오 오늘 들어가도 되는 자리야? #00621,stock_analysis,True,synthetic_hardfail
qa-hardfail-00622,현대차 단기 흐름 분석해줘 #00622,stock_analysis,True,synthetic_hardfail
qa-hardfail-00623,LG에너지솔루션 사도 돼? #00623,stock_analysis,True,synthetic_hardfail
qa-hardfail-00624,삼성전자 지금 차트 어때? #00624,stock_analysis,True,synthetic_hardfail
qa-hardfail-00625,SK하이닉스 오늘 들어가도 되는 자리야? #00625,stock_analysis,True,synthetic_hardfail
qa-hardfail-00626,NAVER 단기 흐름 분석해줘 #00626,stock_analysis,True,synthetic_hardfail
qa-hardfail-00627,카카오 사도 돼? #00627,stock_analysis,True,synthetic_hardfail
qa-hardfail-00628,현대차 지금 차트 어때? #00628,stock_analysis,True,synthetic_hardfail
qa-hardfail-00629,LG에너지솔루션 오늘 들어가도 되는 자리야? #00629,stock_analysis,True,synthetic_hardfail
qa-hardfail-00630,삼성전자 단기 흐름 분석해줘 #00630,stock_analysis,True,synthetic_hardfail
qa-hardfail-00631,SK하이닉스 사도 돼? #00631,stock_analysis,True,synthetic_hardfail
qa-hardfail-00632,NAVER 지금 차트 어때? #00632,stock_analysis,True,synthetic_hardfail
qa-hardfail-00633,카카오 오늘 들어가도 되는 자리야? #00633,stock_analysis,True,synthetic_hardfail
qa-hardfail-00634,현대차 단기 흐름 분석해줘 #00634,stock_analysis,True,synthetic_hardfail
qa-hardfail-00635,LG에너지솔루션 사도 돼? #00635,stock_analysis,True,synthetic_hardfail
qa-hardfail-00636,삼성전자 지금 차트 어때? #00636,stock_analysis,True,synthetic_hardfail
qa-hardfail-00637,SK하이닉스 오늘 들어가도 되는 자리야? #00637,stock_analysis,True,synthetic_hardfail
qa-hardfail-00638,NAVER 단기 흐름 분석해줘 #00638,stock_analysis,True,synthetic_hardfail
qa-hardfail-00639,카카오 사도 돼? #00639,stock_analysis,True,synthetic_hardfail
qa-hardfail-00640,현대차 지금 차트 어때? #00640,stock_analysis,True,synthetic_hardfail
qa-hardfail-00641,LG에너지솔루션 오늘 들어가도 되는 자리야? #00641,stock_analysis,True,synthetic_hardfail
qa-hardfail-00642,삼성전자 단기 흐름 분석해줘 #00642,stock_analysis,True,synthetic_hardfail
qa-hardfail-00643,SK하이닉스 사도 돼? #00643,stock_analysis,True,synthetic_hardfail
qa-hardfail-00644,NAVER 지금 차트 어때? #00644,stock_analysis,True,synthetic_hardfail
qa-hardfail-00645,카카오 오늘 들어가도 되는 자리야? #00645,stock_analysis,True,synthetic_hardfail
qa-hardfail-00646,현대차 단기 흐름 분석해줘 #00646,stock_analysis,True,synthetic_hardfail
qa-hardfail-00647,LG에너지솔루션 사도 돼? #00647,stock_analysis,True,synthetic_hardfail
qa-hardfail-00648,삼성전자 지금 차트 어때? #00648,stock_analysis,True,synthetic_hardfail
qa-hardfail-00649,SK하이닉스 오늘 들어가도 되는 자리야? #00649,stock_analysis,True,synthetic_hardfail
qa-hardfail-00650,NAVER 단기 흐름 분석해줘 #00650,stock_analysis,True,synthetic_hardfail
qa-hardfail-00651,카카오 사도 돼? #00651,stock_analysis,True,synthetic_hardfail
qa-hardfail-00652,현대차 지금 차트 어때? #00652,stock_analysis,True,synthetic_hardfail
qa-hardfail-00653,LG에너지솔루션 오늘 들어가도 되는 자리야? #00653,stock_analysis,True,synthetic_hardfail
qa-hardfail-00654,삼성전자 단기 흐름 분석해줘 #00654,stock_analysis,True,synthetic_hardfail
qa-hardfail-00655,SK하이닉스 사도 돼? #00655,stock_analysis,True,synthetic_hardfail
qa-hardfail-00656,NAVER 지금 차트 어때? #00656,stock_analysis,True,synthetic_hardfail
qa-hardfail-00657,카카오 오늘 들어가도 되는 자리야? #00657,stock_analysis,True,synthetic_hardfail
qa-hardfail-00658,현대차 단기 흐름 분석해줘 #00658,stock_analysis,True,synthetic_hardfail
qa-hardfail-00659,LG에너지솔루션 사도 돼? #00659,stock_analysis,True,synthetic_hardfail
qa-hardfail-00660,삼성전자 지금 차트 어때? #00660,stock_analysis,True,synthetic_hardfail
qa-hardfail-00661,SK하이닉스 오늘 들어가도 되는 자리야? #00661,stock_analysis,True,synthetic_hardfail
qa-hardfail-00662,NAVER 단기 흐름 분석해줘 #00662,stock_analysis,True,synthetic_hardfail
qa-hardfail-00663,카카오 사도 돼? #00663,stock_analysis,True,synthetic_hardfail
qa-hardfail-00664,현대차 지금 차트 어때? #00664,stock_analysis,True,synthetic_hardfail
qa-hardfail-00665,LG에너지솔루션 오늘 들어가도 되는 자리야? #00665,stock_analysis,True,synthetic_hardfail
qa-hardfail-00666,삼성전자 단기 흐름 분석해줘 #00666,stock_analysis,True,synthetic_hardfail
qa-hardfail-00667,SK하이닉스 사도 돼? #00667,stock_analysis,True,synthetic_hardfail
qa-hardfail-00668,NAVER 지금 차트 어때? #00668,stock_analysis,True,synthetic_hardfail
qa-hardfail-00669,카카오 오늘 들어가도 되는 자리야? #00669,stock_analysis,True,synthetic_hardfail
qa-hardfail-00670,현대차 단기 흐름 분석해줘 #00670,stock_analysis,True,synthetic_hardfail
qa-hardfail-00671,LG에너지솔루션 사도 돼? #00671,stock_analysis,True,synthetic_hardfail
qa-hardfail-00672,삼성전자 지금 차트 어때? #00672,stock_analysis,True,synthetic_hardfail
qa-hardfail-00673,SK하이닉스 오늘 들어가도 되는 자리야? #00673,stock_analysis,True,synthetic_hardfail
qa-hardfail-00674,NAVER 단기 흐름 분석해줘 #00674,stock_analysis,True,synthetic_hardfail
qa-hardfail-00675,카카오 사도 돼? #00675,stock_analysis,True,synthetic_hardfail
qa-hardfail-00676,현대차 지금 차트 어때? #00676,stock_analysis,True,synthetic_hardfail
qa-hardfail-00677,LG에너지솔루션 오늘 들어가도 되는 자리야? #00677,stock_analysis,True,synthetic_hardfail
qa-hardfail-00678,삼성전자 단기 흐름 분석해줘 #00678,stock_analysis,True,synthetic_hardfail
qa-hardfail-00679,SK하이닉스 사도 돼? #00679,stock_analysis,True,synthetic_hardfail
qa-hardfail-00680,NAVER 지금 차트 어때? #00680,stock_analysis,True,synthetic_hardfail
qa-hardfail-00681,카카오 오늘 들어가도 되는 자리야? #00681,stock_analysis,True,synthetic_hardfail
qa-hardfail-00682,현대차 단기 흐름 분석해줘 #00682,stock_analysis,True,synthetic_hardfail
qa-hardfail-00683,LG에너지솔루션 사도 돼? #00683,stock_analysis,True,synthetic_hardfail
qa-hardfail-00684,삼성전자 지금 차트 어때? #00684,stock_analysis,True,synthetic_hardfail
qa-hardfail-00685,SK하이닉스 오늘 들어가도 되는 자리야? #00685,stock_analysis,True,synthetic_hardfail
qa-hardfail-00686,NAVER 단기 흐름 분석해줘 #00686,stock_analysis,True,synthetic_hardfail
qa-hardfail-00687,카카오 사도 돼? #00687,stock_analysis,True,synthetic_hardfail
qa-hardfail-00688,현대차 지금 차트 어때? #00688,stock_analysis,True,synthetic_hardfail
qa-hardfail-00689,LG에너지솔루션 오늘 들어가도 되는 자리야? #00689,stock_analysis,True,synthetic_hardfail
qa-hardfail-00690,삼성전자 단기 흐름 분석해줘 #00690,stock_analysis,True,synthetic_hardfail
qa-hardfail-00691,SK하이닉스 사도 돼? #00691,stock_analysis,True,synthetic_hardfail
qa-hardfail-00692,NAVER 지금 차트 어때? #00692,stock_analysis,True,synthetic_hardfail
qa-hardfail-00693,카카오 오늘 들어가도 되는 자리야? #00693,stock_analysis,True,synthetic_hardfail
qa-hardfail-00694,현대차 단기 흐름 분석해줘 #00694,stock_analysis,True,synthetic_hardfail
qa-hardfail-00695,LG에너지솔루션 사도 돼? #00695,stock_analysis,True,synthetic_hardfail
qa-hardfail-00696,삼성전자 지금 차트 어때? #00696,stock_analysis,True,synthetic_hardfail
qa-hardfail-00697,SK하이닉스 오늘 들어가도 되는 자리야? #00697,stock_analysis,True,synthetic_hardfail
qa-hardfail-00698,NAVER 단기 흐름 분석해줘 #00698,stock_analysis,True,synthetic_hardfail
qa-hardfail-00699,카카오 사도 돼? #00699,stock_analysis,True,synthetic_hardfail
qa-hardfail-00700,현대차 지금 차트 어때? #00700,stock_analysis,True,synthetic_hardfail
qa-hardfail-00701,LG에너지솔루션 오늘 들어가도 되는 자리야? #00701,stock_analysis,True,synthetic_hardfail
qa-hardfail-00702,삼성전자 단기 흐름 분석해줘 #00702,stock_analysis,True,synthetic_hardfail
qa-hardfail-00703,SK하이닉스 사도 돼? #00703,stock_analysis,True,synthetic_hardfail
qa-hardfail-00704,NAVER 지금 차트 어때? #00704,stock_analysis,True,synthetic_hardfail
qa-hardfail-00705,카카오 오늘 들어가도 되는 자리야? #00705,stock_analysis,True,synthetic_hardfail
qa-hardfail-00706,현대차 단기 흐름 분석해줘 #00706,stock_analysis,True,synthetic_hardfail
qa-hardfail-00707,LG에너지솔루션 사도 돼? #00707,stock_analysis,True,synthetic_hardfail
qa-hardfail-00708,삼성전자 지금 차트 어때? #00708,stock_analysis,True,synthetic_hardfail
qa-hardfail-00709,SK하이닉스 오늘 들어가도 되는 자리야? #00709,stock_analysis,True,synthetic_hardfail
qa-hardfail-00710,NAVER 단기 흐름 분석해줘 #00710,stock_analysis,True,synthetic_hardfail
qa-hardfail-00711,카카오 사도 돼? #00711,stock_analysis,True,synthetic_hardfail
qa-hardfail-00712,현대차 지금 차트 어때? #00712,stock_analysis,True,synthetic_hardfail
qa-hardfail-00713,LG에너지솔루션 오늘 들어가도 되는 자리야? #00713,stock_analysis,True,synthetic_hardfail
qa-hardfail-00714,삼성전자 단기 흐름 분석해줘 #00714,stock_analysis,True,synthetic_hardfail
qa-hardfail-00715,SK하이닉스 사도 돼? #00715,stock_analysis,True,synthetic_hardfail
qa-hardfail-00716,NAVER 지금 차트 어때? #00716,stock_analysis,True,synthetic_hardfail
qa-hardfail-00717,카카오 오늘 들어가도 되는 자리야? #00717,stock_analysis,True,synthetic_hardfail
qa-hardfail-00718,현대차 단기 흐름 분석해줘 #00718,stock_analysis,True,synthetic_hardfail
qa-hardfail-00719,LG에너지솔루션 사도 돼? #00719,stock_analysis,True,synthetic_hardfail
qa-hardfail-00720,삼성전자 지금 차트 어때? #00720,stock_analysis,True,synthetic_hardfail
qa-hardfail-00721,SK하이닉스 오늘 들어가도 되는 자리야? #00721,stock_analysis,True,synthetic_hardfail
qa-hardfail-00722,NAVER 단기 흐름 분석해줘 #00722,stock_analysis,True,synthetic_hardfail
qa-hardfail-00723,카카오 사도 돼? #00723,stock_analysis,True,synthetic_hardfail
qa-hardfail-00724,현대차 지금 차트 어때? #00724,stock_analysis,True,synthetic_hardfail
qa-hardfail-00725,LG에너지솔루션 오늘 들어가도 되는 자리야? #00725,stock_analysis,True,synthetic_hardfail
qa-hardfail-00726,삼성전자 단기 흐름 분석해줘 #00726,stock_analysis,True,synthetic_hardfail
qa-hardfail-00727,SK하이닉스 사도 돼? #00727,stock_analysis,True,synthetic_hardfail
qa-hardfail-00728,NAVER 지금 차트 어때? #00728,stock_analysis,True,synthetic_hardfail
qa-hardfail-00729,카카오 오늘 들어가도 되는 자리야? #00729,stock_analysis,True,synthetic_hardfail
qa-hardfail-00730,현대차 단기 흐름 분석해줘 #00730,stock_analysis,True,synthetic_hardfail
qa-hardfail-00731,LG에너지솔루션 사도 돼? #00731,stock_analysis,True,synthetic_hardfail
qa-hardfail-00732,삼성전자 지금 차트 어때? #00732,stock_analysis,True,synthetic_hardfail
qa-hardfail-00733,SK하이닉스 오늘 들어가도 되는 자리야? #00733,stock_analysis,True,synthetic_hardfail
qa-hardfail-00734,NAVER 단기 흐름 분석해줘 #00734,stock_analysis,True,synthetic_hardfail
qa-hardfail-00735,카카오 사도 돼? #00735,stock_analysis,True,synthetic_hardfail
qa-hardfail-00736,현대차 지금 차트 어때? #00736,stock_analysis,True,synthetic_hardfail
qa-hardfail-00737,LG에너지솔루션 오늘 들어가도 되는 자리야? #00737,stock_analysis,True,synthetic_hardfail
qa-hardfail-00738,삼성전자 단기 흐름 분석해줘 #00738,stock_analysis,True,synthetic_hardfail
qa-hardfail-00739,SK하이닉스 사도 돼? #00739,stock_analysis,True,synthetic_hardfail
qa-hardfail-00740,NAVER 지금 차트 어때? #00740,stock_analysis,True,synthetic_hardfail
qa-hardfail-00741,카카오 오늘 들어가도 되는 자리야? #00741,stock_analysis,True,synthetic_hardfail
qa-hardfail-00742,현대차 단기 흐름 분석해줘 #00742,stock_analysis,True,synthetic_hardfail
qa-hardfail-00743,LG에너지솔루션 사도 돼? #00743,stock_analysis,True,synthetic_hardfail
qa-hardfail-00744,삼성전자 지금 차트 어때? #00744,stock_analysis,True,synthetic_hardfail
qa-hardfail-00745,SK하이닉스 오늘 들어가도 되는 자리야? #00745,stock_analysis,True,synthetic_hardfail
qa-hardfail-00746,NAVER 단기 흐름 분석해줘 #00746,stock_analysis,True,synthetic_hardfail
qa-hardfail-00747,카카오 사도 돼? #00747,stock_analysis,True,synthetic_hardfail
qa-hardfail-00748,현대차 지금 차트 어때? #00748,stock_analysis,True,synthetic_hardfail
qa-hardfail-00749,LG에너지솔루션 오늘 들어가도 되는 자리야? #00749,stock_analysis,True,synthetic_hardfail
qa-hardfail-00750,삼성전자 단기 흐름 분석해줘 #00750,stock_analysis,True,synthetic_hardfail
qa-hardfail-00751,SK하이닉스 사도 돼? #00751,stock_analysis,True,synthetic_hardfail
qa-hardfail-00752,NAVER 지금 차트 어때? #00752,stock_analysis,True,synthetic_hardfail
qa-hardfail-00753,카카오 오늘 들어가도 되는 자리야? #00753,stock_analysis,True,synthetic_hardfail
qa-hardfail-00754,현대차 단기 흐름 분석해줘 #00754,stock_analysis,True,synthetic_hardfail
qa-hardfail-00755,LG에너지솔루션 사도 돼? #00755,stock_analysis,True,synthetic_hardfail
qa-hardfail-00756,삼성전자 지금 차트 어때? #00756,stock_analysis,True,synthetic_hardfail
qa-hardfail-00757,SK하이닉스 오늘 들어가도 되는 자리야? #00757,stock_analysis,True,synthetic_hardfail
qa-hardfail-00758,NAVER 단기 흐름 분석해줘 #00758,stock_analysis,True,synthetic_hardfail
qa-hardfail-00759,카카오 사도 돼? #00759,stock_analysis,True,synthetic_hardfail
qa-hardfail-00760,현대차 지금 차트 어때? #00760,stock_analysis,True,synthetic_hardfail
qa-hardfail-00761,LG에너지솔루션 오늘 들어가도 되는 자리야? #00761,stock_analysis,True,synthetic_hardfail
qa-hardfail-00762,삼성전자 단기 흐름 분석해줘 #00762,stock_analysis,True,synthetic_hardfail
qa-hardfail-00763,SK하이닉스 사도 돼? #00763,stock_analysis,True,synthetic_hardfail
qa-hardfail-00764,NAVER 지금 차트 어때? #00764,stock_analysis,True,synthetic_hardfail
qa-hardfail-00765,카카오 오늘 들어가도 되는 자리야? #00765,stock_analysis,True,synthetic_hardfail
qa-hardfail-00766,현대차 단기 흐름 분석해줘 #00766,stock_analysis,True,synthetic_hardfail
qa-hardfail-00767,LG에너지솔루션 사도 돼? #00767,stock_analysis,True,synthetic_hardfail
qa-hardfail-00768,삼성전자 지금 차트 어때? #00768,stock_analysis,True,synthetic_hardfail
qa-hardfail-00769,SK하이닉스 오늘 들어가도 되는 자리야? #00769,stock_analysis,True,synthetic_hardfail
qa-hardfail-00770,NAVER 단기 흐름 분석해줘 #00770,stock_analysis,True,synthetic_hardfail
qa-hardfail-00771,카카오 사도 돼? #00771,stock_analysis,True,synthetic_hardfail
qa-hardfail-00772,현대차 지금 차트 어때? #00772,stock_analysis,True,synthetic_hardfail
qa-hardfail-00773,LG에너지솔루션 오늘 들어가도 되는 자리야? #00773,stock_analysis,True,synthetic_hardfail
qa-hardfail-00774,삼성전자 단기 흐름 분석해줘 #00774,stock_analysis,True,synthetic_hardfail
qa-hardfail-00775,SK하이닉스 사도 돼? #00775,stock_analysis,True,synthetic_hardfail
qa-hardfail-00776,NAVER 지금 차트 어때? #00776,stock_analysis,True,synthetic_hardfail
qa-hardfail-00777,카카오 오늘 들어가도 되는 자리야? #00777,stock_analysis,True,synthetic_hardfail
qa-hardfail-00778,현대차 단기 흐름 분석해줘 #00778,stock_analysis,True,synthetic_hardfail
qa-hardfail-00779,LG에너지솔루션 사도 돼? #00779,stock_analysis,True,synthetic_hardfail
qa-hardfail-00780,삼성전자 지금 차트 어때? #00780,stock_analysis,True,synthetic_hardfail
qa-hardfail-00781,SK하이닉스 오늘 들어가도 되는 자리야? #00781,stock_analysis,True,synthetic_hardfail
qa-hardfail-00782,NAVER 단기 흐름 분석해줘 #00782,stock_analysis,True,synthetic_hardfail
qa-hardfail-00783,카카오 사도 돼? #00783,stock_analysis,True,synthetic_hardfail
qa-hardfail-00784,현대차 지금 차트 어때? #00784,stock_analysis,True,synthetic_hardfail
qa-hardfail-00785,LG에너지솔루션 오늘 들어가도 되는 자리야? #00785,stock_analysis,True,synthetic_hardfail
qa-hardfail-00786,삼성전자 단기 흐름 분석해줘 #00786,stock_analysis,True,synthetic_hardfail
qa-hardfail-00787,SK하이닉스 사도 돼? #00787,stock_analysis,True,synthetic_hardfail
qa-hardfail-00788,NAVER 지금 차트 어때? #00788,stock_analysis,True,synthetic_hardfail
qa-hardfail-00789,카카오 오늘 들어가도 되는 자리야? #00789,stock_analysis,True,synthetic_hardfail
qa-hardfail-00790,현대차 단기 흐름 분석해줘 #00790,stock_analysis,True,synthetic_hardfail
qa-hardfail-00791,LG에너지솔루션 사도 돼? #00791,stock_analysis,True,synthetic_hardfail
qa-hardfail-00792,삼성전자 지금 차트 어때? #00792,stock_analysis,True,synthetic_hardfail
qa-hardfail-00793,SK하이닉스 오늘 들어가도 되는 자리야? #00793,stock_analysis,True,synthetic_hardfail
qa-hardfail-00794,NAVER 단기 흐름 분석해줘 #00794,stock_analysis,True,synthetic_hardfail
qa-hardfail-00795,카카오 사도 돼? #00795,stock_analysis,True,synthetic_hardfail
qa-hardfail-00796,현대차 지금 차트 어때? #00796,stock_analysis,True,synthetic_hardfail
qa-hardfail-00797,LG에너지솔루션 오늘 들어가도 되는 자리야? #00797,stock_analysis,True,synthetic_hardfail
qa-hardfail-00798,삼성전자 단기 흐름 분석해줘 #00798,stock_analysis,True,synthetic_hardfail
qa-hardfail-00799,SK하이닉스 사도 돼? #00799,stock_analysis,True,synthetic_hardfail
qa-hardfail-00800,NAVER 지금 차트 어때? #00800,stock_analysis,True,synthetic_hardfail
qa-hardfail-00801,카카오 오늘 들어가도 되는 자리야? #00801,stock_analysis,True,synthetic_hardfail
qa-hardfail-00802,현대차 단기 흐름 분석해줘 #00802,stock_analysis,True,synthetic_hardfail
qa-hardfail-00803,LG에너지솔루션 사도 돼? #00803,stock_analysis,True,synthetic_hardfail
qa-hardfail-00804,삼성전자 지금 차트 어때? #00804,stock_analysis,True,synthetic_hardfail
qa-hardfail-00805,SK하이닉스 오늘 들어가도 되는 자리야? #00805,stock_analysis,True,synthetic_hardfail
qa-hardfail-00806,NAVER 단기 흐름 분석해줘 #00806,stock_analysis,True,synthetic_hardfail
qa-hardfail-00807,카카오 사도 돼? #00807,stock_analysis,True,synthetic_hardfail
qa-hardfail-00808,현대차 지금 차트 어때? #00808,stock_analysis,True,synthetic_hardfail
qa-hardfail-00809,LG에너지솔루션 오늘 들어가도 되는 자리야? #00809,stock_analysis,True,synthetic_hardfail
qa-hardfail-00810,삼성전자 단기 흐름 분석해줘 #00810,stock_analysis,True,synthetic_hardfail
qa-hardfail-00811,SK하이닉스 사도 돼? #00811,stock_analysis,True,synthetic_hardfail
qa-hardfail-00812,NAVER 지금 차트 어때? #00812,stock_analysis,True,synthetic_hardfail
qa-hardfail-00813,카카오 오늘 들어가도 되는 자리야? #00813,stock_analysis,True,synthetic_hardfail
qa-hardfail-00814,현대차 단기 흐름 분석해줘 #00814,stock_analysis,True,synthetic_hardfail
qa-hardfail-00815,LG에너지솔루션 사도 돼? #00815,stock_analysis,True,synthetic_hardfail
qa-hardfail-00816,삼성전자 지금 차트 어때? #00816,stock_analysis,True,synthetic_hardfail
qa-hardfail-00817,SK하이닉스 오늘 들어가도 되는 자리야? #00817,stock_analysis,True,synthetic_hardfail
qa-hardfail-00818,NAVER 단기 흐름 분석해줘 #00818,stock_analysis,True,synthetic_hardfail
qa-hardfail-00819,카카오 사도 돼? #00819,stock_analysis,True,synthetic_hardfail
qa-hardfail-00820,현대차 지금 차트 어때? #00820,stock_analysis,True,synthetic_hardfail
qa-hardfail-00821,LG에너지솔루션 오늘 들어가도 되는 자리야? #00821,stock_analysis,True,synthetic_hardfail
qa-hardfail-00822,삼성전자 단기 흐름 분석해줘 #00822,stock_analysis,True,synthetic_hardfail
qa-hardfail-00823,SK하이닉스 사도 돼? #00823,stock_analysis,True,synthetic_hardfail
qa-hardfail-00824,NAVER 지금 차트 어때? #00824,stock_analysis,True,synthetic_hardfail
qa-hardfail-00825,카카오 오늘 들어가도 되는 자리야? #00825,stock_analysis,True,synthetic_hardfail
qa-hardfail-00826,현대차 단기 흐름 분석해줘 #00826,stock_analysis,True,synthetic_hardfail
qa-hardfail-00827,LG에너지솔루션 사도 돼? #00827,stock_analysis,True,synthetic_hardfail
qa-hardfail-00828,삼성전자 지금 차트 어때? #00828,stock_analysis,True,synthetic_hardfail
qa-hardfail-00829,SK하이닉스 오늘 들어가도 되는 자리야? #00829,stock_analysis,True,synthetic_hardfail
qa-hardfail-00830,NAVER 단기 흐름 분석해줘 #00830,stock_analysis,True,synthetic_hardfail
qa-hardfail-00831,카카오 사도 돼? #00831,stock_analysis,True,synthetic_hardfail
qa-hardfail-00832,현대차 지금 차트 어때? #00832,stock_analysis,True,synthetic_hardfail
qa-hardfail-00833,LG에너지솔루션 오늘 들어가도 되는 자리야? #00833,stock_analysis,True,synthetic_hardfail
qa-hardfail-00834,삼성전자 단기 흐름 분석해줘 #00834,stock_analysis,True,synthetic_hardfail
qa-hardfail-00835,SK하이닉스 사도 돼? #00835,stock_analysis,True,synthetic_hardfail
qa-hardfail-00836,NAVER 지금 차트 어때? #00836,stock_analysis,True,synthetic_hardfail
qa-hardfail-00837,카카오 오늘 들어가도 되는 자리야? #00837,stock_analysis,True,synthetic_hardfail
qa-hardfail-00838,현대차 단기 흐름 분석해줘 #00838,stock_analysis,True,synthetic_hardfail
qa-hardfail-00839,LG에너지솔루션 사도 돼? #00839,stock_analysis,True,synthetic_hardfail
qa-hardfail-00840,삼성전자 지금 차트 어때? #00840,stock_analysis,True,synthetic_hardfail
qa-hardfail-00841,SK하이닉스 오늘 들어가도 되는 자리야? #00841,stock_analysis,True,synthetic_hardfail
qa-hardfail-00842,NAVER 단기 흐름 분석해줘 #00842,stock_analysis,True,synthetic_hardfail
qa-hardfail-00843,카카오 사도 돼? #00843,stock_analysis,True,synthetic_hardfail
qa-hardfail-00844,현대차 지금 차트 어때? #00844,stock_analysis,True,synthetic_hardfail
qa-hardfail-00845,LG에너지솔루션 오늘 들어가도 되는 자리야? #00845,stock_analysis,True,synthetic_hardfail
qa-hardfail-00846,삼성전자 단기 흐름 분석해줘 #00846,stock_analysis,True,synthetic_hardfail
qa-hardfail-00847,SK하이닉스 사도 돼? #00847,stock_analysis,True,synthetic_hardfail
qa-hardfail-00848,NAVER 지금 차트 어때? #00848,stock_analysis,True,synthetic_hardfail
qa-hardfail-00849,카카오 오늘 들어가도 되는 자리야? #00849,stock_analysis,True,synthetic_hardfail
qa-hardfail-00850,현대차 단기 흐름 분석해줘 #00850,stock_analysis,True,synthetic_hardfail
qa-hardfail-00851,LG에너지솔루션 사도 돼? #00851,stock_analysis,True,synthetic_hardfail
qa-hardfail-00852,삼성전자 지금 차트 어때? #00852,stock_analysis,True,synthetic_hardfail
qa-hardfail-00853,SK하이닉스 오늘 들어가도 되는 자리야? #00853,stock_analysis,True,synthetic_hardfail
qa-hardfail-00854,NAVER 단기 흐름 분석해줘 #00854,stock_analysis,True,synthetic_hardfail
qa-hardfail-00855,카카오 사도 돼? #00855,stock_analysis,True,synthetic_hardfail
qa-hardfail-00856,현대차 지금 차트 어때? #00856,stock_analysis,True,synthetic_hardfail
qa-hardfail-00857,LG에너지솔루션 오늘 들어가도 되는 자리야? #00857,stock_analysis,True,synthetic_hardfail
qa-hardfail-00858,삼성전자 단기 흐름 분석해줘 #00858,stock_analysis,True,synthetic_hardfail
qa-hardfail-00859,SK하이닉스 사도 돼? #00859,stock_analysis,True,synthetic_hardfail
qa-hardfail-00860,NAVER 지금 차트 어때? #00860,stock_analysis,True,synthetic_hardfail
qa-hardfail-00861,카카오 오늘 들어가도 되는 자리야? #00861,stock_analysis,True,synthetic_hardfail
qa-hardfail-00862,현대차 단기 흐름 분석해줘 #00862,stock_analysis,True,synthetic_hardfail
qa-hardfail-00863,LG에너지솔루션 사도 돼? #00863,stock_analysis,True,synthetic_hardfail
qa-hardfail-00864,삼성전자 지금 차트 어때? #00864,stock_analysis,True,synthetic_hardfail
qa-hardfail-00865,SK하이닉스 오늘 들어가도 되는 자리야? #00865,stock_analysis,True,synthetic_hardfail
qa-hardfail-00866,NAVER 단기 흐름 분석해줘 #00866,stock_analysis,True,synthetic_hardfail
qa-hardfail-00867,카카오 사도 돼? #00867,stock_analysis,True,synthetic_hardfail
qa-hardfail-00868,현대차 지금 차트 어때? #00868,stock_analysis,True,synthetic_hardfail
qa-hardfail-00869,LG에너지솔루션 오늘 들어가도 되는 자리야? #00869,stock_analysis,True,synthetic_hardfail
qa-hardfail-00870,삼성전자 단기 흐름 분석해줘 #00870,stock_analysis,True,synthetic_hardfail
qa-hardfail-00871,SK하이닉스 사도 돼? #00871,stock_analysis,True,synthetic_hardfail
qa-hardfail-00872,NAVER 지금 차트 어때? #00872,stock_analysis,True,synthetic_hardfail
qa-hardfail-00873,카카오 오늘 들어가도 되는 자리야? #00873,stock_analysis,True,synthetic_hardfail
qa-hardfail-00874,현대차 단기 흐름 분석해줘 #00874,stock_analysis,True,synthetic_hardfail
qa-hardfail-00875,LG에너지솔루션 사도 돼? #00875,stock_analysis,True,synthetic_hardfail
qa-hardfail-00876,삼성전자 지금 차트 어때? #00876,stock_analysis,True,synthetic_hardfail
qa-hardfail-00877,SK하이닉스 오늘 들어가도 되는 자리야? #00877,stock_analysis,True,synthetic_hardfail
qa-hardfail-00878,NAVER 단기 흐름 분석해줘 #00878,stock_analysis,True,synthetic_hardfail
qa-hardfail-00879,카카오 사도 돼? #00879,stock_analysis,True,synthetic_hardfail
qa-hardfail-00880,현대차 지금 차트 어때? #00880,stock_analysis,True,synthetic_hardfail
qa-hardfail-00881,LG에너지솔루션 오늘 들어가도 되는 자리야? #00881,stock_analysis,True,synthetic_hardfail
qa-hardfail-00882,삼성전자 단기 흐름 분석해줘 #00882,stock_analysis,True,synthetic_hardfail
qa-hardfail-00883,SK하이닉스 사도 돼? #00883,stock_analysis,True,synthetic_hardfail
qa-hardfail-00884,NAVER 지금 차트 어때? #00884,stock_analysis,True,synthetic_hardfail
qa-hardfail-00885,카카오 오늘 들어가도 되는 자리야? #00885,stock_analysis,True,synthetic_hardfail
qa-hardfail-00886,현대차 단기 흐름 분석해줘 #00886,stock_analysis,True,synthetic_hardfail
qa-hardfail-00887,LG에너지솔루션 사도 돼? #00887,stock_analysis,True,synthetic_hardfail
qa-hardfail-00888,삼성전자 지금 차트 어때? #00888,stock_analysis,True,synthetic_hardfail
qa-hardfail-00889,SK하이닉스 오늘 들어가도 되는 자리야? #00889,stock_analysis,True,synthetic_hardfail
qa-hardfail-00890,NAVER 단기 흐름 분석해줘 #00890,stock_analysis,True,synthetic_hardfail
qa-hardfail-00891,카카오 사도 돼? #00891,stock_analysis,True,synthetic_hardfail
qa-hardfail-00892,현대차 지금 차트 어때? #00892,stock_analysis,True,synthetic_hardfail
qa-hardfail-00893,LG에너지솔루션 오늘 들어가도 되는 자리야? #00893,stock_analysis,True,synthetic_hardfail
qa-hardfail-00894,삼성전자 단기 흐름 분석해줘 #00894,stock_analysis,True,synthetic_hardfail
qa-hardfail-00895,SK하이닉스 사도 돼? #00895,stock_analysis,True,synthetic_hardfail
qa-hardfail-00896,NAVER 지금 차트 어때? #00896,stock_analysis,True,synthetic_hardfail
qa-hardfail-00897,카카오 오늘 들어가도 되는 자리야? #00897,stock_analysis,True,synthetic_hardfail
qa-hardfail-00898,현대차 단기 흐름 분석해줘 #00898,stock_analysis,True,synthetic_hardfail
qa-hardfail-00899,LG에너지솔루션 사도 돼? #00899,stock_analysis,True,synthetic_hardfail
qa-hardfail-00900,삼성전자 지금 차트 어때? #00900,stock_analysis,True,synthetic_hardfail
qa-hardfail-00901,SK하이닉스 오늘 들어가도 되는 자리야? #00901,stock_analysis,True,synthetic_hardfail
qa-hardfail-00902,NAVER 단기 흐름 분석해줘 #00902,stock_analysis,True,synthetic_hardfail
qa-hardfail-00903,카카오 사도 돼? #00903,stock_analysis,True,synthetic_hardfail
qa-hardfail-00904,현대차 지금 차트 어때? #00904,stock_analysis,True,synthetic_hardfail
qa-hardfail-00905,LG에너지솔루션 오늘 들어가도 되는 자리야? #00905,stock_analysis,True,synthetic_hardfail
qa-hardfail-00906,삼성전자 단기 흐름 분석해줘 #00906,stock_analysis,True,synthetic_hardfail
qa-hardfail-00907,SK하이닉스 사도 돼? #00907,stock_analysis,True,synthetic_hardfail
qa-hardfail-00908,NAVER 지금 차트 어때? #00908,stock_analysis,True,synthetic_hardfail
qa-hardfail-00909,카카오 오늘 들어가도 되는 자리야? #00909,stock_analysis,True,synthetic_hardfail
qa-hardfail-00910,현대차 단기 흐름 분석해줘 #00910,stock_analysis,True,synthetic_hardfail
qa-hardfail-00911,LG에너지솔루션 사도 돼? #00911,stock_analysis,True,synthetic_hardfail
qa-hardfail-00912,삼성전자 지금 차트 어때? #00912,stock_analysis,True,synthetic_hardfail
qa-hardfail-00913,SK하이닉스 오늘 들어가도 되는 자리야? #00913,stock_analysis,True,synthetic_hardfail
qa-hardfail-00914,NAVER 단기 흐름 분석해줘 #00914,stock_analysis,True,synthetic_hardfail
qa-hardfail-00915,카카오 사도 돼? #00915,stock_analysis,True,synthetic_hardfail
qa-hardfail-00916,현대차 지금 차트 어때? #00916,stock_analysis,True,synthetic_hardfail
qa-hardfail-00917,LG에너지솔루션 오늘 들어가도 되는 자리야? #00917,stock_analysis,True,synthetic_hardfail
qa-hardfail-00918,삼성전자 단기 흐름 분석해줘 #00918,stock_analysis,True,synthetic_hardfail
qa-hardfail-00919,SK하이닉스 사도 돼? #00919,stock_analysis,True,synthetic_hardfail
qa-hardfail-00920,NAVER 지금 차트 어때? #00920,stock_analysis,True,synthetic_hardfail
qa-hardfail-00921,카카오 오늘 들어가도 되는 자리야? #00921,stock_analysis,True,synthetic_hardfail
qa-hardfail-00922,현대차 단기 흐름 분석해줘 #00922,stock_analysis,True,synthetic_hardfail
qa-hardfail-00923,LG에너지솔루션 사도 돼? #00923,stock_analysis,True,synthetic_hardfail
qa-hardfail-00924,삼성전자 지금 차트 어때? #00924,stock_analysis,True,synthetic_hardfail
qa-hardfail-00925,SK하이닉스 오늘 들어가도 되는 자리야? #00925,stock_analysis,True,synthetic_hardfail
qa-hardfail-00926,NAVER 단기 흐름 분석해줘 #00926,stock_analysis,True,synthetic_hardfail
qa-hardfail-00927,카카오 사도 돼? #00927,stock_analysis,True,synthetic_hardfail
qa-hardfail-00928,현대차 지금 차트 어때? #00928,stock_analysis,True,synthetic_hardfail
qa-hardfail-00929,LG에너지솔루션 오늘 들어가도 되는 자리야? #00929,stock_analysis,True,synthetic_hardfail
qa-hardfail-00930,삼성전자 단기 흐름 분석해줘 #00930,stock_analysis,True,synthetic_hardfail
qa-hardfail-00931,SK하이닉스 사도 돼? #00931,stock_analysis,True,synthetic_hardfail
qa-hardfail-00932,NAVER 지금 차트 어때? #00932,stock_analysis,True,synthetic_hardfail
qa-hardfail-00933,카카오 오늘 들어가도 되는 자리야? #00933,stock_analysis,True,synthetic_hardfail
qa-hardfail-00934,현대차 단기 흐름 분석해줘 #00934,stock_analysis,True,synthetic_hardfail
qa-hardfail-00935,LG에너지솔루션 사도 돼? #00935,stock_analysis,True,synthetic_hardfail
qa-hardfail-00936,삼성전자 지금 차트 어때? #00936,stock_analysis,True,synthetic_hardfail
qa-hardfail-00937,SK하이닉스 오늘 들어가도 되는 자리야? #00937,stock_analysis,True,synthetic_hardfail
qa-hardfail-00938,NAVER 단기 흐름 분석해줘 #00938,stock_analysis,True,synthetic_hardfail
qa-hardfail-00939,카카오 사도 돼? #00939,stock_analysis,True,synthetic_hardfail
qa-hardfail-00940,현대차 지금 차트 어때? #00940,stock_analysis,True,synthetic_hardfail
qa-hardfail-00941,LG에너지솔루션 오늘 들어가도 되는 자리야? #00941,stock_analysis,True,synthetic_hardfail
qa-hardfail-00942,삼성전자 단기 흐름 분석해줘 #00942,stock_analysis,True,synthetic_hardfail
qa-hardfail-00943,SK하이닉스 사도 돼? #00943,stock_analysis,True,synthetic_hardfail
qa-hardfail-00944,NAVER 지금 차트 어때? #00944,stock_analysis,True,synthetic_hardfail
qa-hardfail-00945,카카오 오늘 들어가도 되는 자리야? #00945,stock_analysis,True,synthetic_hardfail
qa-hardfail-00946,현대차 단기 흐름 분석해줘 #00946,stock_analysis,True,synthetic_hardfail
qa-hardfail-00947,LG에너지솔루션 사도 돼? #00947,stock_analysis,True,synthetic_hardfail
qa-hardfail-00948,삼성전자 지금 차트 어때? #00948,stock_analysis,True,synthetic_hardfail
qa-hardfail-00949,SK하이닉스 오늘 들어가도 되는 자리야? #00949,stock_analysis,True,synthetic_hardfail
qa-hardfail-00950,NAVER 단기 흐름 분석해줘 #00950,stock_analysis,True,synthetic_hardfail
qa-hardfail-00951,카카오 사도 돼? #00951,stock_analysis,True,synthetic_hardfail
qa-hardfail-00952,현대차 지금 차트 어때? #00952,stock_analysis,True,synthetic_hardfail
qa-hardfail-00953,LG에너지솔루션 오늘 들어가도 되는 자리야? #00953,stock_analysis,True,synthetic_hardfail
qa-hardfail-00954,삼성전자 단기 흐름 분석해줘 #00954,stock_analysis,True,synthetic_hardfail
qa-hardfail-00955,SK하이닉스 사도 돼? #00955,stock_analysis,True,synthetic_hardfail
qa-hardfail-00956,NAVER 지금 차트 어때? #00956,stock_analysis,True,synthetic_hardfail
qa-hardfail-00957,카카오 오늘 들어가도 되는 자리야? #00957,stock_analysis,True,synthetic_hardfail
qa-hardfail-00958,현대차 단기 흐름 분석해줘 #00958,stock_analysis,True,synthetic_hardfail
qa-hardfail-00959,LG에너지솔루션 사도 돼? #00959,stock_analysis,True,synthetic_hardfail
qa-hardfail-00960,삼성전자 지금 차트 어때? #00960,stock_analysis,True,synthetic_hardfail
qa-hardfail-00961,SK하이닉스 오늘 들어가도 되는 자리야? #00961,stock_analysis,True,synthetic_hardfail
qa-hardfail-00962,NAVER 단기 흐름 분석해줘 #00962,stock_analysis,True,synthetic_hardfail
qa-hardfail-00963,카카오 사도 돼? #00963,stock_analysis,True,synthetic_hardfail
qa-hardfail-00964,현대차 지금 차트 어때? #00964,stock_analysis,True,synthetic_hardfail
qa-hardfail-00965,LG에너지솔루션 오늘 들어가도 되는 자리야? #00965,stock_analysis,True,synthetic_hardfail
qa-hardfail-00966,삼성전자 단기 흐름 분석해줘 #00966,stock_analysis,True,synthetic_hardfail
qa-hardfail-00967,SK하이닉스 사도 돼? #00967,stock_analysis,True,synthetic_hardfail
qa-hardfail-00968,NAVER 지금 차트 어때? #00968,stock_analysis,True,synthetic_hardfail
qa-hardfail-00969,카카오 오늘 들어가도 되는 자리야? #00969,stock_analysis,True,synthetic_hardfail
qa-hardfail-00970,현대차 단기 흐름 분석해줘 #00970,stock_analysis,True,synthetic_hardfail
qa-hardfail-00971,LG에너지솔루션 사도 돼? #00971,stock_analysis,True,synthetic_hardfail
qa-hardfail-00972,삼성전자 지금 차트 어때? #00972,stock_analysis,True,synthetic_hardfail
qa-hardfail-00973,SK하이닉스 오늘 들어가도 되는 자리야? #00973,stock_analysis,True,synthetic_hardfail
qa-hardfail-00974,NAVER 단기 흐름 분석해줘 #00974,stock_analysis,True,synthetic_hardfail
qa-hardfail-00975,카카오 사도 돼? #00975,stock_analysis,True,synthetic_hardfail
qa-hardfail-00976,현대차 지금 차트 어때? #00976,stock_analysis,True,synthetic_hardfail
qa-hardfail-00977,LG에너지솔루션 오늘 들어가도 되는 자리야? #00977,stock_analysis,True,synthetic_hardfail
qa-hardfail-00978,삼성전자 단기 흐름 분석해줘 #00978,stock_analysis,True,synthetic_hardfail
qa-hardfail-00979,SK하이닉스 사도 돼? #00979,stock_analysis,True,synthetic_hardfail
qa-hardfail-00980,NAVER 지금 차트 어때? #00980,stock_analysis,True,synthetic_hardfail
qa-hardfail-00981,카카오 오늘 들어가도 되는 자리야? #00981,stock_analysis,True,synthetic_hardfail
qa-hardfail-00982,현대차 단기 흐름 분석해줘 #00982,stock_analysis,True,synthetic_hardfail
qa-hardfail-00983,LG에너지솔루션 사도 돼? #00983,stock_analysis,True,synthetic_hardfail
qa-hardfail-00984,삼성전자 지금 차트 어때? #00984,stock_analysis,True,synthetic_hardfail
qa-hardfail-00985,SK하이닉스 오늘 들어가도 되는 자리야? #00985,stock_analysis,True,synthetic_hardfail
qa-hardfail-00986,NAVER 단기 흐름 분석해줘 #00986,stock_analysis,True,synthetic_hardfail
qa-hardfail-00987,카카오 사도 돼? #00987,stock_analysis,True,synthetic_hardfail
qa-hardfail-00988,현대차 지금 차트 어때? #00988,stock_analysis,True,synthetic_hardfail
qa-hardfail-00989,LG에너지솔루션 오늘 들어가도 되는 자리야? #00989,stock_analysis,True,synthetic_hardfail
qa-hardfail-00990,삼성전자 단기 흐름 분석해줘 #00990,stock_analysis,True,synthetic_hardfail
qa-hardfail-00991,SK하이닉스 사도 돼? #00991,stock_analysis,True,synthetic_hardfail
qa-hardfail-00992,NAVER 지금 차트 어때? #00992,stock_analysis,True,synthetic_hardfail
qa-hardfail-00993,카카오 오늘 들어가도 되는 자리야? #00993,stock_analysis,True,synthetic_hardfail
qa-hardfail-00994,현대차 단기 흐름 분석해줘 #00994,stock_analysis,True,synthetic_hardfail
qa-hardfail-00995,LG에너지솔루션 사도 돼? #00995,stock_analysis,True,synthetic_hardfail
qa-hardfail-00996,삼성전자 지금 차트 어때? #00996,stock_analysis,True,synthetic_hardfail
qa-hardfail-00997,SK하이닉스 오늘 들어가도 되는 자리야? #00997,stock_analysis,True,synthetic_hardfail
qa-hardfail-00998,NAVER 단기 흐름 분석해줘 #00998,stock_analysis,True,synthetic_hardfail
qa-hardfail-00999,카카오 사도 돼? #00999,stock_analysis,True,synthetic_hardfail
qa-hardfail-01000,현대차 지금 차트 어때? #01000,stock_analysis,True,synthetic_hardfail
qa-hardfail-01001,LG에너지솔루션 오늘 들어가도 되는 자리야? #01001,stock_analysis,True,synthetic_hardfail
qa-hardfail-01002,삼성전자 단기 흐름 분석해줘 #01002,stock_analysis,True,synthetic_hardfail
qa-hardfail-01003,SK하이닉스 사도 돼? #01003,stock_analysis,True,synthetic_hardfail
qa-hardfail-01004,NAVER 지금 차트 어때? #01004,stock_analysis,True,synthetic_hardfail
qa-hardfail-01005,카카오 오늘 들어가도 되는 자리야? #01005,stock_analysis,True,synthetic_hardfail
qa-hardfail-01006,현대차 단기 흐름 분석해줘 #01006,stock_analysis,True,synthetic_hardfail
qa-hardfail-01007,LG에너지솔루션 사도 돼? #01007,stock_analysis,True,synthetic_hardfail
qa-hardfail-01008,삼성전자 지금 차트 어때? #01008,stock_analysis,True,synthetic_hardfail
qa-hardfail-01009,SK하이닉스 오늘 들어가도 되는 자리야? #01009,stock_analysis,True,synthetic_hardfail
qa-hardfail-01010,NAVER 단기 흐름 분석해줘 #01010,stock_analysis,True,synthetic_hardfail
qa-hardfail-01011,카카오 사도 돼? #01011,stock_analysis,True,synthetic_hardfail
qa-hardfail-01012,현대차 지금 차트 어때? #01012,stock_analysis,True,synthetic_hardfail
qa-hardfail-01013,LG에너지솔루션 오늘 들어가도 되는 자리야? #01013,stock_analysis,True,synthetic_hardfail
qa-hardfail-01014,삼성전자 단기 흐름 분석해줘 #01014,stock_analysis,True,synthetic_hardfail
qa-hardfail-01015,SK하이닉스 사도 돼? #01015,stock_analysis,True,synthetic_hardfail
qa-hardfail-01016,NAVER 지금 차트 어때? #01016,stock_analysis,True,synthetic_hardfail
qa-hardfail-01017,카카오 오늘 들어가도 되는 자리야? #01017,stock_analysis,True,synthetic_hardfail
qa-hardfail-01018,현대차 단기 흐름 분석해줘 #01018,stock_analysis,True,synthetic_hardfail
qa-hardfail-01019,LG에너지솔루션 사도 돼? #01019,stock_analysis,True,synthetic_hardfail
qa-hardfail-01020,삼성전자 지금 차트 어때? #01020,stock_analysis,True,synthetic_hardfail
qa-hardfail-01021,SK하이닉스 오늘 들어가도 되는 자리야? #01021,stock_analysis,True,synthetic_hardfail
qa-hardfail-01022,NAVER 단기 흐름 분석해줘 #01022,stock_analysis,True,synthetic_hardfail
qa-hardfail-01023,카카오 사도 돼? #01023,stock_analysis,True,synthetic_hardfail
qa-hardfail-01024,현대차 지금 차트 어때? #01024,stock_analysis,True,synthetic_hardfail
qa-hardfail-01025,LG에너지솔루션 오늘 들어가도 되는 자리야? #01025,stock_analysis,True,synthetic_hardfail
qa-hardfail-01026,삼성전자 단기 흐름 분석해줘 #01026,stock_analysis,True,synthetic_hardfail
qa-hardfail-01027,SK하이닉스 사도 돼? #01027,stock_analysis,True,synthetic_hardfail
qa-hardfail-01028,NAVER 지금 차트 어때? #01028,stock_analysis,True,synthetic_hardfail
qa-hardfail-01029,카카오 오늘 들어가도 되는 자리야? #01029,stock_analysis,True,synthetic_hardfail
qa-hardfail-01030,현대차 단기 흐름 분석해줘 #01030,stock_analysis,True,synthetic_hardfail
qa-hardfail-01031,LG에너지솔루션 사도 돼? #01031,stock_analysis,True,synthetic_hardfail
qa-hardfail-01032,삼성전자 지금 차트 어때? #01032,stock_analysis,True,synthetic_hardfail
qa-hardfail-01033,SK하이닉스 오늘 들어가도 되는 자리야? #01033,stock_analysis,True,synthetic_hardfail
qa-hardfail-01034,NAVER 단기 흐름 분석해줘 #01034,stock_analysis,True,synthetic_hardfail
qa-hardfail-01035,카카오 사도 돼? #01035,stock_analysis,True,synthetic_hardfail
qa-hardfail-01036,현대차 지금 차트 어때? #01036,stock_analysis,True,synthetic_hardfail
qa-hardfail-01037,LG에너지솔루션 오늘 들어가도 되는 자리야? #01037,stock_analysis,True,synthetic_hardfail
qa-hardfail-01038,삼성전자 단기 흐름 분석해줘 #01038,stock_analysis,True,synthetic_hardfail
qa-hardfail-01039,SK하이닉스 사도 돼? #01039,stock_analysis,True,synthetic_hardfail
qa-hardfail-01040,NAVER 지금 차트 어때? #01040,stock_analysis,True,synthetic_hardfail
qa-hardfail-01041,카카오 오늘 들어가도 되는 자리야? #01041,stock_analysis,True,synthetic_hardfail
qa-hardfail-01042,현대차 단기 흐름 분석해줘 #01042,stock_analysis,True,synthetic_hardfail
qa-hardfail-01043,LG에너지솔루션 사도 돼? #01043,stock_analysis,True,synthetic_hardfail
qa-hardfail-01044,삼성전자 지금 차트 어때? #01044,stock_analysis,True,synthetic_hardfail
qa-hardfail-01045,SK하이닉스 오늘 들어가도 되는 자리야? #01045,stock_analysis,True,synthetic_hardfail
qa-hardfail-01046,NAVER 단기 흐름 분석해줘 #01046,stock_analysis,True,synthetic_hardfail
qa-hardfail-01047,카카오 사도 돼? #01047,stock_analysis,True,synthetic_hardfail
qa-hardfail-01048,현대차 지금 차트 어때? #01048,stock_analysis,True,synthetic_hardfail
qa-hardfail-01049,LG에너지솔루션 오늘 들어가도 되는 자리야? #01049,stock_analysis,True,synthetic_hardfail
qa-hardfail-01050,삼성전자 단기 흐름 분석해줘 #01050,stock_analysis,True,synthetic_hardfail
qa-hardfail-01051,SK하이닉스 사도 돼? #01051,stock_analysis,True,synthetic_hardfail
qa-hardfail-01052,NAVER 지금 차트 어때? #01052,stock_analysis,True,synthetic_hardfail
qa-hardfail-01053,카카오 오늘 들어가도 되는 자리야? #01053,stock_analysis,True,synthetic_hardfail
qa-hardfail-01054,현대차 단기 흐름 분석해줘 #01054,stock_analysis,True,synthetic_hardfail
qa-hardfail-01055,LG에너지솔루션 사도 돼? #01055,stock_analysis,True,synthetic_hardfail
qa-hardfail-01056,삼성전자 지금 차트 어때? #01056,stock_analysis,True,synthetic_hardfail
qa-hardfail-01057,SK하이닉스 오늘 들어가도 되는 자리야? #01057,stock_analysis,True,synthetic_hardfail
qa-hardfail-01058,NAVER 단기 흐름 분석해줘 #01058,stock_analysis,True,synthetic_hardfail
qa-hardfail-01059,카카오 사도 돼? #01059,stock_analysis,True,synthetic_hardfail
qa-hardfail-01060,현대차 지금 차트 어때? #01060,stock_analysis,True,synthetic_hardfail
qa-hardfail-01061,LG에너지솔루션 오늘 들어가도 되는 자리야? #01061,stock_analysis,True,synthetic_hardfail
qa-hardfail-01062,삼성전자 단기 흐름 분석해줘 #01062,stock_analysis,True,synthetic_hardfail
qa-hardfail-01063,SK하이닉스 사도 돼? #01063,stock_analysis,True,synthetic_hardfail
qa-hardfail-01064,NAVER 지금 차트 어때? #01064,stock_analysis,True,synthetic_hardfail
qa-hardfail-01065,카카오 오늘 들어가도 되는 자리야? #01065,stock_analysis,True,synthetic_hardfail
qa-hardfail-01066,현대차 단기 흐름 분석해줘 #01066,stock_analysis,True,synthetic_hardfail
qa-hardfail-01067,LG에너지솔루션 사도 돼? #01067,stock_analysis,True,synthetic_hardfail
qa-hardfail-01068,삼성전자 지금 차트 어때? #01068,stock_analysis,True,synthetic_hardfail
qa-hardfail-01069,SK하이닉스 오늘 들어가도 되는 자리야? #01069,stock_analysis,True,synthetic_hardfail
qa-hardfail-01070,NAVER 단기 흐름 분석해줘 #01070,stock_analysis,True,synthetic_hardfail
qa-hardfail-01071,카카오 사도 돼? #01071,stock_analysis,True,synthetic_hardfail
qa-hardfail-01072,현대차 지금 차트 어때? #01072,stock_analysis,True,synthetic_hardfail
qa-hardfail-01073,LG에너지솔루션 오늘 들어가도 되는 자리야? #01073,stock_analysis,True,synthetic_hardfail
qa-hardfail-01074,삼성전자 단기 흐름 분석해줘 #01074,stock_analysis,True,synthetic_hardfail
qa-hardfail-01075,SK하이닉스 사도 돼? #01075,stock_analysis,True,synthetic_hardfail
qa-hardfail-01076,NAVER 지금 차트 어때? #01076,stock_analysis,True,synthetic_hardfail
qa-hardfail-01077,카카오 오늘 들어가도 되는 자리야? #01077,stock_analysis,True,synthetic_hardfail
qa-hardfail-01078,현대차 단기 흐름 분석해줘 #01078,stock_analysis,True,synthetic_hardfail
qa-hardfail-01079,LG에너지솔루션 사도 돼? #01079,stock_analysis,True,synthetic_hardfail
qa-hardfail-01080,삼성전자 지금 차트 어때? #01080,stock_analysis,True,synthetic_hardfail
qa-hardfail-01081,SK하이닉스 오늘 들어가도 되는 자리야? #01081,stock_analysis,True,synthetic_hardfail
qa-hardfail-01082,NAVER 단기 흐름 분석해줘 #01082,stock_analysis,True,synthetic_hardfail
qa-hardfail-01083,카카오 사도 돼? #01083,stock_analysis,True,synthetic_hardfail
qa-hardfail-01084,현대차 지금 차트 어때? #01084,stock_analysis,True,synthetic_hardfail
qa-hardfail-01085,LG에너지솔루션 오늘 들어가도 되는 자리야? #01085,stock_analysis,True,synthetic_hardfail
qa-hardfail-01086,삼성전자 단기 흐름 분석해줘 #01086,stock_analysis,True,synthetic_hardfail
qa-hardfail-01087,SK하이닉스 사도 돼? #01087,stock_analysis,True,synthetic_hardfail
qa-hardfail-01088,NAVER 지금 차트 어때? #01088,stock_analysis,True,synthetic_hardfail
qa-hardfail-01089,카카오 오늘 들어가도 되는 자리야? #01089,stock_analysis,True,synthetic_hardfail
qa-hardfail-01090,현대차 단기 흐름 분석해줘 #01090,stock_analysis,True,synthetic_hardfail
qa-hardfail-01091,LG에너지솔루션 사도 돼? #01091,stock_analysis,True,synthetic_hardfail
qa-hardfail-01092,삼성전자 지금 차트 어때? #01092,stock_analysis,True,synthetic_hardfail
qa-hardfail-01093,SK하이닉스 오늘 들어가도 되는 자리야? #01093,stock_analysis,True,synthetic_hardfail
qa-hardfail-01094,NAVER 단기 흐름 분석해줘 #01094,stock_analysis,True,synthetic_hardfail
qa-hardfail-01095,카카오 사도 돼? #01095,stock_analysis,True,synthetic_hardfail
qa-hardfail-01096,현대차 지금 차트 어때? #01096,stock_analysis,True,synthetic_hardfail
qa-hardfail-01097,LG에너지솔루션 오늘 들어가도 되는 자리야? #01097,stock_analysis,True,synthetic_hardfail
qa-hardfail-01098,삼성전자 단기 흐름 분석해줘 #01098,stock_analysis,True,synthetic_hardfail
qa-hardfail-01099,SK하이닉스 사도 돼? #01099,stock_analysis,True,synthetic_hardfail
qa-hardfail-01100,NAVER 지금 차트 어때? #01100,stock_analysis,True,synthetic_hardfail
qa-hardfail-01101,카카오 오늘 들어가도 되는 자리야? #01101,stock_analysis,True,synthetic_hardfail
qa-hardfail-01102,현대차 단기 흐름 분석해줘 #01102,stock_analysis,True,synthetic_hardfail
qa-hardfail-01103,LG에너지솔루션 사도 돼? #01103,stock_analysis,True,synthetic_hardfail
qa-hardfail-01104,삼성전자 지금 차트 어때? #01104,stock_analysis,True,synthetic_hardfail
qa-hardfail-01105,SK하이닉스 오늘 들어가도 되는 자리야? #01105,stock_analysis,True,synthetic_hardfail
qa-hardfail-01106,NAVER 단기 흐름 분석해줘 #01106,stock_analysis,True,synthetic_hardfail
qa-hardfail-01107,카카오 사도 돼? #01107,stock_analysis,True,synthetic_hardfail
qa-hardfail-01108,현대차 지금 차트 어때? #01108,stock_analysis,True,synthetic_hardfail
qa-hardfail-01109,LG에너지솔루션 오늘 들어가도 되는 자리야? #01109,stock_analysis,True,synthetic_hardfail
qa-hardfail-01110,삼성전자 단기 흐름 분석해줘 #01110,stock_analysis,True,synthetic_hardfail
qa-hardfail-01111,SK하이닉스 사도 돼? #01111,stock_analysis,True,synthetic_hardfail
qa-hardfail-01112,NAVER 지금 차트 어때? #01112,stock_analysis,True,synthetic_hardfail
qa-hardfail-01113,카카오 오늘 들어가도 되는 자리야? #01113,stock_analysis,True,synthetic_hardfail
qa-hardfail-01114,현대차 단기 흐름 분석해줘 #01114,stock_analysis,True,synthetic_hardfail
qa-hardfail-01115,LG에너지솔루션 사도 돼? #01115,stock_analysis,True,synthetic_hardfail
qa-hardfail-01116,삼성전자 지금 차트 어때? #01116,stock_analysis,True,synthetic_hardfail
qa-hardfail-01117,SK하이닉스 오늘 들어가도 되는 자리야? #01117,stock_analysis,True,synthetic_hardfail
qa-hardfail-01118,NAVER 단기 흐름 분석해줘 #01118,stock_analysis,True,synthetic_hardfail
qa-hardfail-01119,카카오 사도 돼? #01119,stock_analysis,True,synthetic_hardfail
qa-hardfail-01120,현대차 지금 차트 어때? #01120,stock_analysis,True,synthetic_hardfail
qa-hardfail-01121,LG에너지솔루션 오늘 들어가도 되는 자리야? #01121,stock_analysis,True,synthetic_hardfail
qa-hardfail-01122,삼성전자 단기 흐름 분석해줘 #01122,stock_analysis,True,synthetic_hardfail
qa-hardfail-01123,SK하이닉스 사도 돼? #01123,stock_analysis,True,synthetic_hardfail
qa-hardfail-01124,NAVER 지금 차트 어때? #01124,stock_analysis,True,synthetic_hardfail
qa-hardfail-01125,카카오 오늘 들어가도 되는 자리야? #01125,stock_analysis,True,synthetic_hardfail
qa-hardfail-01126,현대차 단기 흐름 분석해줘 #01126,stock_analysis,True,synthetic_hardfail
qa-hardfail-01127,LG에너지솔루션 사도 돼? #01127,stock_analysis,True,synthetic_hardfail
qa-hardfail-01128,삼성전자 지금 차트 어때? #01128,stock_analysis,True,synthetic_hardfail
qa-hardfail-01129,SK하이닉스 오늘 들어가도 되는 자리야? #01129,stock_analysis,True,synthetic_hardfail
qa-hardfail-01130,NAVER 단기 흐름 분석해줘 #01130,stock_analysis,True,synthetic_hardfail
qa-hardfail-01131,카카오 사도 돼? #01131,stock_analysis,True,synthetic_hardfail
qa-hardfail-01132,현대차 지금 차트 어때? #01132,stock_analysis,True,synthetic_hardfail
qa-hardfail-01133,LG에너지솔루션 오늘 들어가도 되는 자리야? #01133,stock_analysis,True,synthetic_hardfail
qa-hardfail-01134,삼성전자 단기 흐름 분석해줘 #01134,stock_analysis,True,synthetic_hardfail
qa-hardfail-01135,SK하이닉스 사도 돼? #01135,stock_analysis,True,synthetic_hardfail
qa-hardfail-01136,NAVER 지금 차트 어때? #01136,stock_analysis,True,synthetic_hardfail
qa-hardfail-01137,카카오 오늘 들어가도 되는 자리야? #01137,stock_analysis,True,synthetic_hardfail
qa-hardfail-01138,현대차 단기 흐름 분석해줘 #01138,stock_analysis,True,synthetic_hardfail
qa-hardfail-01139,LG에너지솔루션 사도 돼? #01139,stock_analysis,True,synthetic_hardfail
qa-hardfail-01140,삼성전자 지금 차트 어때? #01140,stock_analysis,True,synthetic_hardfail
qa-hardfail-01141,SK하이닉스 오늘 들어가도 되는 자리야? #01141,stock_analysis,True,synthetic_hardfail
qa-hardfail-01142,NAVER 단기 흐름 분석해줘 #01142,stock_analysis,True,synthetic_hardfail
qa-hardfail-01143,카카오 사도 돼? #01143,stock_analysis,True,synthetic_hardfail
qa-hardfail-01144,현대차 지금 차트 어때? #01144,stock_analysis,True,synthetic_hardfail
qa-hardfail-01145,LG에너지솔루션 오늘 들어가도 되는 자리야? #01145,stock_analysis,True,synthetic_hardfail
qa-hardfail-01146,삼성전자 단기 흐름 분석해줘 #01146,stock_analysis,True,synthetic_hardfail
qa-hardfail-01147,SK하이닉스 사도 돼? #01147,stock_analysis,True,synthetic_hardfail
qa-hardfail-01148,NAVER 지금 차트 어때? #01148,stock_analysis,True,synthetic_hardfail
qa-hardfail-01149,카카오 오늘 들어가도 되는 자리야? #01149,stock_analysis,True,synthetic_hardfail
qa-hardfail-01150,현대차 단기 흐름 분석해줘 #01150,stock_analysis,True,synthetic_hardfail
qa-hardfail-01151,LG에너지솔루션 사도 돼? #01151,stock_analysis,True,synthetic_hardfail
qa-hardfail-01152,삼성전자 지금 차트 어때? #01152,stock_analysis,True,synthetic_hardfail
qa-hardfail-01153,SK하이닉스 오늘 들어가도 되는 자리야? #01153,stock_analysis,True,synthetic_hardfail
qa-hardfail-01154,NAVER 단기 흐름 분석해줘 #01154,stock_analysis,True,synthetic_hardfail
qa-hardfail-01155,카카오 사도 돼? #01155,stock_analysis,True,synthetic_hardfail
qa-hardfail-01156,현대차 지금 차트 어때? #01156,stock_analysis,True,synthetic_hardfail
qa-hardfail-01157,LG에너지솔루션 오늘 들어가도 되는 자리야? #01157,stock_analysis,True,synthetic_hardfail
qa-hardfail-01158,삼성전자 단기 흐름 분석해줘 #01158,stock_analysis,True,synthetic_hardfail
qa-hardfail-01159,SK하이닉스 사도 돼? #01159,stock_analysis,True,synthetic_hardfail
qa-hardfail-01160,NAVER 지금 차트 어때? #01160,stock_analysis,True,synthetic_hardfail
qa-hardfail-01161,카카오 오늘 들어가도 되는 자리야? #01161,stock_analysis,True,synthetic_hardfail
qa-hardfail-01162,현대차 단기 흐름 분석해줘 #01162,stock_analysis,True,synthetic_hardfail
qa-hardfail-01163,LG에너지솔루션 사도 돼? #01163,stock_analysis,True,synthetic_hardfail
qa-hardfail-01164,삼성전자 지금 차트 어때? #01164,stock_analysis,True,synthetic_hardfail
qa-hardfail-01165,SK하이닉스 오늘 들어가도 되는 자리야? #01165,stock_analysis,True,synthetic_hardfail
qa-hardfail-01166,NAVER 단기 흐름 분석해줘 #01166,stock_analysis,True,synthetic_hardfail
qa-hardfail-01167,카카오 사도 돼? #01167,stock_analysis,True,synthetic_hardfail
qa-hardfail-01168,현대차 지금 차트 어때? #01168,stock_analysis,True,synthetic_hardfail
qa-hardfail-01169,LG에너지솔루션 오늘 들어가도 되는 자리야? #01169,stock_analysis,True,synthetic_hardfail
qa-hardfail-01170,삼성전자 단기 흐름 분석해줘 #01170,stock_analysis,True,synthetic_hardfail
qa-hardfail-01171,SK하이닉스 사도 돼? #01171,stock_analysis,True,synthetic_hardfail
qa-hardfail-01172,NAVER 지금 차트 어때? #01172,stock_analysis,True,synthetic_hardfail
qa-hardfail-01173,카카오 오늘 들어가도 되는 자리야? #01173,stock_analysis,True,synthetic_hardfail
qa-hardfail-01174,현대차 단기 흐름 분석해줘 #01174,stock_analysis,True,synthetic_hardfail
qa-hardfail-01175,LG에너지솔루션 사도 돼? #01175,stock_analysis,True,synthetic_hardfail
qa-hardfail-01176,삼성전자 지금 차트 어때? #01176,stock_analysis,True,synthetic_hardfail
qa-hardfail-01177,SK하이닉스 오늘 들어가도 되는 자리야? #01177,stock_analysis,True,synthetic_hardfail
qa-hardfail-01178,NAVER 단기 흐름 분석해줘 #01178,stock_analysis,True,synthetic_hardfail
qa-hardfail-01179,카카오 사도 돼? #01179,stock_analysis,True,synthetic_hardfail
qa-hardfail-01180,현대차 지금 차트 어때? #01180,stock_analysis,True,synthetic_hardfail
qa-hardfail-01181,LG에너지솔루션 오늘 들어가도 되는 자리야? #01181,stock_analysis,True,synthetic_hardfail
qa-hardfail-01182,삼성전자 단기 흐름 분석해줘 #01182,stock_analysis,True,synthetic_hardfail
qa-hardfail-01183,SK하이닉스 사도 돼? #01183,stock_analysis,True,synthetic_hardfail
qa-hardfail-01184,NAVER 지금 차트 어때? #01184,stock_analysis,True,synthetic_hardfail
qa-hardfail-01185,카카오 오늘 들어가도 되는 자리야? #01185,stock_analysis,True,synthetic_hardfail
qa-hardfail-01186,현대차 단기 흐름 분석해줘 #01186,stock_analysis,True,synthetic_hardfail
qa-hardfail-01187,LG에너지솔루션 사도 돼? #01187,stock_analysis,True,synthetic_hardfail
qa-hardfail-01188,삼성전자 지금 차트 어때? #01188,stock_analysis,True,synthetic_hardfail
qa-hardfail-01189,SK하이닉스 오늘 들어가도 되는 자리야? #01189,stock_analysis,True,synthetic_hardfail
qa-hardfail-01190,NAVER 단기 흐름 분석해줘 #01190,stock_analysis,True,synthetic_hardfail
qa-hardfail-01191,카카오 사도 돼? #01191,stock_analysis,True,synthetic_hardfail
qa-hardfail-01192,현대차 지금 차트 어때? #01192,stock_analysis,True,synthetic_hardfail
qa-hardfail-01193,LG에너지솔루션 오늘 들어가도 되는 자리야? #01193,stock_analysis,True,synthetic_hardfail
qa-hardfail-01194,삼성전자 단기 흐름 분석해줘 #01194,stock_analysis,True,synthetic_hardfail
qa-hardfail-01195,SK하이닉스 사도 돼? #01195,stock_analysis,True,synthetic_hardfail
qa-hardfail-01196,NAVER 지금 차트 어때? #01196,stock_analysis,True,synthetic_hardfail
qa-hardfail-01197,카카오 오늘 들어가도 되는 자리야? #01197,stock_analysis,True,synthetic_hardfail
qa-hardfail-01198,현대차 단기 흐름 분석해줘 #01198,stock_analysis,True,synthetic_hardfail
qa-hardfail-01199,LG에너지솔루션 사도 돼? #01199,stock_analysis,True,synthetic_hardfail
qa-hardfail-01200,삼성전자 지금 차트 어때? #01200,stock_analysis,True,synthetic_hardfail
qa-hardfail-01201,SK하이닉스 오늘 들어가도 되는 자리야? #01201,stock_analysis,True,synthetic_hardfail
qa-hardfail-01202,NAVER 단기 흐름 분석해줘 #01202,stock_analysis,True,synthetic_hardfail
qa-hardfail-01203,카카오 사도 돼? #01203,stock_analysis,True,synthetic_hardfail
qa-hardfail-01204,현대차 지금 차트 어때? #01204,stock_analysis,True,synthetic_hardfail
qa-hardfail-01205,LG에너지솔루션 오늘 들어가도 되는 자리야? #01205,stock_analysis,True,synthetic_hardfail
qa-hardfail-01206,삼성전자 단기 흐름 분석해줘 #01206,stock_analysis,True,synthetic_hardfail
qa-hardfail-01207,SK하이닉스 사도 돼? #01207,stock_analysis,True,synthetic_hardfail
qa-hardfail-01208,NAVER 지금 차트 어때? #01208,stock_analysis,True,synthetic_hardfail
qa-hardfail-01209,카카오 오늘 들어가도 되는 자리야? #01209,stock_analysis,True,synthetic_hardfail
qa-hardfail-01210,현대차 단기 흐름 분석해줘 #01210,stock_analysis,True,synthetic_hardfail
qa-hardfail-01211,LG에너지솔루션 사도 돼? #01211,stock_analysis,True,synthetic_hardfail
qa-hardfail-01212,삼성전자 지금 차트 어때? #01212,stock_analysis,True,synthetic_hardfail
qa-hardfail-01213,SK하이닉스 오늘 들어가도 되는 자리야? #01213,stock_analysis,True,synthetic_hardfail
qa-hardfail-01214,NAVER 단기 흐름 분석해줘 #01214,stock_analysis,True,synthetic_hardfail
qa-hardfail-01215,카카오 사도 돼? #01215,stock_analysis,True,synthetic_hardfail
qa-hardfail-01216,현대차 지금 차트 어때? #01216,stock_analysis,True,synthetic_hardfail
qa-hardfail-01217,LG에너지솔루션 오늘 들어가도 되는 자리야? #01217,stock_analysis,True,synthetic_hardfail
qa-hardfail-01218,삼성전자 단기 흐름 분석해줘 #01218,stock_analysis,True,synthetic_hardfail
qa-hardfail-01219,SK하이닉스 사도 돼? #01219,stock_analysis,True,synthetic_hardfail
qa-hardfail-01220,NAVER 지금 차트 어때? #01220,stock_analysis,True,synthetic_hardfail
qa-hardfail-01221,카카오 오늘 들어가도 되는 자리야? #01221,stock_analysis,True,synthetic_hardfail
qa-hardfail-01222,현대차 단기 흐름 분석해줘 #01222,stock_analysis,True,synthetic_hardfail
qa-hardfail-01223,LG에너지솔루션 사도 돼? #01223,stock_analysis,True,synthetic_hardfail
qa-hardfail-01224,삼성전자 지금 차트 어때? #01224,stock_analysis,True,synthetic_hardfail
qa-hardfail-01225,SK하이닉스 오늘 들어가도 되는 자리야? #01225,stock_analysis,True,synthetic_hardfail
qa-hardfail-01226,NAVER 단기 흐름 분석해줘 #01226,stock_analysis,True,synthetic_hardfail
qa-hardfail-01227,카카오 사도 돼? #01227,stock_analysis,True,synthetic_hardfail
qa-hardfail-01228,현대차 지금 차트 어때? #01228,stock_analysis,True,synthetic_hardfail
qa-hardfail-01229,LG에너지솔루션 오늘 들어가도 되는 자리야? #01229,stock_analysis,True,synthetic_hardfail
qa-hardfail-01230,삼성전자 단기 흐름 분석해줘 #01230,stock_analysis,True,synthetic_hardfail
qa-hardfail-01231,SK하이닉스 사도 돼? #01231,stock_analysis,True,synthetic_hardfail
qa-hardfail-01232,NAVER 지금 차트 어때? #01232,stock_analysis,True,synthetic_hardfail
qa-hardfail-01233,카카오 오늘 들어가도 되는 자리야? #01233,stock_analysis,True,synthetic_hardfail
qa-hardfail-01234,현대차 단기 흐름 분석해줘 #01234,stock_analysis,True,synthetic_hardfail
qa-hardfail-01235,LG에너지솔루션 사도 돼? #01235,stock_analysis,True,synthetic_hardfail
qa-hardfail-01236,삼성전자 지금 차트 어때? #01236,stock_analysis,True,synthetic_hardfail
qa-hardfail-01237,SK하이닉스 오늘 들어가도 되는 자리야? #01237,stock_analysis,True,synthetic_hardfail
qa-hardfail-01238,NAVER 단기 흐름 분석해줘 #01238,stock_analysis,True,synthetic_hardfail
qa-hardfail-01239,카카오 사도 돼? #01239,stock_analysis,True,synthetic_hardfail
qa-hardfail-01240,현대차 지금 차트 어때? #01240,stock_analysis,True,synthetic_hardfail
qa-hardfail-01241,LG에너지솔루션 오늘 들어가도 되는 자리야? #01241,stock_analysis,True,synthetic_hardfail
qa-hardfail-01242,삼성전자 단기 흐름 분석해줘 #01242,stock_analysis,True,synthetic_hardfail
qa-hardfail-01243,SK하이닉스 사도 돼? #01243,stock_analysis,True,synthetic_hardfail
qa-hardfail-01244,NAVER 지금 차트 어때? #01244,stock_analysis,True,synthetic_hardfail
qa-hardfail-01245,카카오 오늘 들어가도 되는 자리야? #01245,stock_analysis,True,synthetic_hardfail
qa-hardfail-01246,현대차 단기 흐름 분석해줘 #01246,stock_analysis,True,synthetic_hardfail
qa-hardfail-01247,LG에너지솔루션 사도 돼? #01247,stock_analysis,True,synthetic_hardfail
qa-hardfail-01248,삼성전자 지금 차트 어때? #01248,stock_analysis,True,synthetic_hardfail
qa-hardfail-01249,SK하이닉스 오늘 들어가도 되는 자리야? #01249,stock_analysis,True,synthetic_hardfail
qa-hardfail-01250,NAVER 단기 흐름 분석해줘 #01250,stock_analysis,True,synthetic_hardfail
qa-hardfail-01251,카카오 사도 돼? #01251,stock_analysis,True,synthetic_hardfail
qa-hardfail-01252,현대차 지금 차트 어때? #01252,stock_analysis,True,synthetic_hardfail
qa-hardfail-01253,LG에너지솔루션 오늘 들어가도 되는 자리야? #01253,stock_analysis,True,synthetic_hardfail
qa-hardfail-01254,삼성전자 단기 흐름 분석해줘 #01254,stock_analysis,True,synthetic_hardfail
qa-hardfail-01255,SK하이닉스 사도 돼? #01255,stock_analysis,True,synthetic_hardfail
qa-hardfail-01256,NAVER 지금 차트 어때? #01256,stock_analysis,True,synthetic_hardfail
qa-hardfail-01257,카카오 오늘 들어가도 되는 자리야? #01257,stock_analysis,True,synthetic_hardfail
qa-hardfail-01258,현대차 단기 흐름 분석해줘 #01258,stock_analysis,True,synthetic_hardfail
qa-hardfail-01259,LG에너지솔루션 사도 돼? #01259,stock_analysis,True,synthetic_hardfail
qa-hardfail-01260,삼성전자 지금 차트 어때? #01260,stock_analysis,True,synthetic_hardfail
qa-hardfail-01261,SK하이닉스 오늘 들어가도 되는 자리야? #01261,stock_analysis,True,synthetic_hardfail
qa-hardfail-01262,NAVER 단기 흐름 분석해줘 #01262,stock_analysis,True,synthetic_hardfail
qa-hardfail-01263,카카오 사도 돼? #01263,stock_analysis,True,synthetic_hardfail
qa-hardfail-01264,현대차 지금 차트 어때? #01264,stock_analysis,True,synthetic_hardfail
qa-hardfail-01265,LG에너지솔루션 오늘 들어가도 되는 자리야? #01265,stock_analysis,True,synthetic_hardfail
qa-hardfail-01266,삼성전자 단기 흐름 분석해줘 #01266,stock_analysis,True,synthetic_hardfail
qa-hardfail-01267,SK하이닉스 사도 돼? #01267,stock_analysis,True,synthetic_hardfail
qa-hardfail-01268,NAVER 지금 차트 어때? #01268,stock_analysis,True,synthetic_hardfail
qa-hardfail-01269,카카오 오늘 들어가도 되는 자리야? #01269,stock_analysis,True,synthetic_hardfail
qa-hardfail-01270,현대차 단기 흐름 분석해줘 #01270,stock_analysis,True,synthetic_hardfail
qa-hardfail-01271,LG에너지솔루션 사도 돼? #01271,stock_analysis,True,synthetic_hardfail
qa-hardfail-01272,삼성전자 지금 차트 어때? #01272,stock_analysis,True,synthetic_hardfail
qa-hardfail-01273,SK하이닉스 오늘 들어가도 되는 자리야? #01273,stock_analysis,True,synthetic_hardfail
qa-hardfail-01274,NAVER 단기 흐름 분석해줘 #01274,stock_analysis,True,synthetic_hardfail
qa-hardfail-01275,카카오 사도 돼? #01275,stock_analysis,True,synthetic_hardfail
qa-hardfail-01276,현대차 지금 차트 어때? #01276,stock_analysis,True,synthetic_hardfail
qa-hardfail-01277,LG에너지솔루션 오늘 들어가도 되는 자리야? #01277,stock_analysis,True,synthetic_hardfail
qa-hardfail-01278,삼성전자 단기 흐름 분석해줘 #01278,stock_analysis,True,synthetic_hardfail
qa-hardfail-01279,SK하이닉스 사도 돼? #01279,stock_analysis,True,synthetic_hardfail
qa-hardfail-01280,NAVER 지금 차트 어때? #01280,stock_analysis,True,synthetic_hardfail
qa-hardfail-01281,카카오 오늘 들어가도 되는 자리야? #01281,stock_analysis,True,synthetic_hardfail
qa-hardfail-01282,현대차 단기 흐름 분석해줘 #01282,stock_analysis,True,synthetic_hardfail
qa-hardfail-01283,LG에너지솔루션 사도 돼? #01283,stock_analysis,True,synthetic_hardfail
qa-hardfail-01284,삼성전자 지금 차트 어때? #01284,stock_analysis,True,synthetic_hardfail
qa-hardfail-01285,SK하이닉스 오늘 들어가도 되는 자리야? #01285,stock_analysis,True,synthetic_hardfail
qa-hardfail-01286,NAVER 단기 흐름 분석해줘 #01286,stock_analysis,True,synthetic_hardfail
qa-hardfail-01287,카카오 사도 돼? #01287,stock_analysis,True,synthetic_hardfail
qa-hardfail-01288,현대차 지금 차트 어때? #01288,stock_analysis,True,synthetic_hardfail
qa-hardfail-01289,LG에너지솔루션 오늘 들어가도 되는 자리야? #01289,stock_analysis,True,synthetic_hardfail
qa-hardfail-01290,삼성전자 단기 흐름 분석해줘 #01290,stock_analysis,True,synthetic_hardfail
qa-hardfail-01291,SK하이닉스 사도 돼? #01291,stock_analysis,True,synthetic_hardfail
qa-hardfail-01292,NAVER 지금 차트 어때? #01292,stock_analysis,True,synthetic_hardfail
qa-hardfail-01293,카카오 오늘 들어가도 되는 자리야? #01293,stock_analysis,True,synthetic_hardfail
qa-hardfail-01294,현대차 단기 흐름 분석해줘 #01294,stock_analysis,True,synthetic_hardfail
qa-hardfail-01295,LG에너지솔루션 사도 돼? #01295,stock_analysis,True,synthetic_hardfail
qa-hardfail-01296,삼성전자 지금 차트 어때? #01296,stock_analysis,True,synthetic_hardfail
qa-hardfail-01297,SK하이닉스 오늘 들어가도 되는 자리야? #01297,stock_analysis,True,synthetic_hardfail
qa-hardfail-01298,NAVER 단기 흐름 분석해줘 #01298,stock_analysis,True,synthetic_hardfail
qa-hardfail-01299,카카오 사도 돼? #01299,stock_analysis,True,synthetic_hardfail
qa-hardfail-01300,현대차 지금 차트 어때? #01300,stock_analysis,True,synthetic_hardfail
qa-hardfail-01301,LG에너지솔루션 오늘 들어가도 되는 자리야? #01301,stock_analysis,True,synthetic_hardfail
qa-hardfail-01302,삼성전자 단기 흐름 분석해줘 #01302,stock_analysis,True,synthetic_hardfail
qa-hardfail-01303,SK하이닉스 사도 돼? #01303,stock_analysis,True,synthetic_hardfail
qa-hardfail-01304,NAVER 지금 차트 어때? #01304,stock_analysis,True,synthetic_hardfail
qa-hardfail-01305,카카오 오늘 들어가도 되는 자리야? #01305,stock_analysis,True,synthetic_hardfail
qa-hardfail-01306,현대차 단기 흐름 분석해줘 #01306,stock_analysis,True,synthetic_hardfail
qa-hardfail-01307,LG에너지솔루션 사도 돼? #01307,stock_analysis,True,synthetic_hardfail
qa-hardfail-01308,삼성전자 지금 차트 어때? #01308,stock_analysis,True,synthetic_hardfail
qa-hardfail-01309,SK하이닉스 오늘 들어가도 되는 자리야? #01309,stock_analysis,True,synthetic_hardfail
qa-hardfail-01310,NAVER 단기 흐름 분석해줘 #01310,stock_analysis,True,synthetic_hardfail
qa-hardfail-01311,카카오 사도 돼? #01311,stock_analysis,True,synthetic_hardfail
qa-hardfail-01312,현대차 지금 차트 어때? #01312,stock_analysis,True,synthetic_hardfail
qa-hardfail-01313,LG에너지솔루션 오늘 들어가도 되는 자리야? #01313,stock_analysis,True,synthetic_hardfail
qa-hardfail-01314,삼성전자 단기 흐름 분석해줘 #01314,stock_analysis,True,synthetic_hardfail
qa-hardfail-01315,SK하이닉스 사도 돼? #01315,stock_analysis,True,synthetic_hardfail
qa-hardfail-01316,NAVER 지금 차트 어때? #01316,stock_analysis,True,synthetic_hardfail
qa-hardfail-01317,카카오 오늘 들어가도 되는 자리야? #01317,stock_analysis,True,synthetic_hardfail
qa-hardfail-01318,현대차 단기 흐름 분석해줘 #01318,stock_analysis,True,synthetic_hardfail
qa-hardfail-01319,LG에너지솔루션 사도 돼? #01319,stock_analysis,True,synthetic_hardfail
qa-hardfail-01320,삼성전자 지금 차트 어때? #01320,stock_analysis,True,synthetic_hardfail
qa-hardfail-01321,SK하이닉스 오늘 들어가도 되는 자리야? #01321,stock_analysis,True,synthetic_hardfail
qa-hardfail-01322,NAVER 단기 흐름 분석해줘 #01322,stock_analysis,True,synthetic_hardfail
qa-hardfail-01323,카카오 사도 돼? #01323,stock_analysis,True,synthetic_hardfail
qa-hardfail-01324,현대차 지금 차트 어때? #01324,stock_analysis,True,synthetic_hardfail
qa-hardfail-01325,LG에너지솔루션 오늘 들어가도 되는 자리야? #01325,stock_analysis,True,synthetic_hardfail
qa-hardfail-01326,삼성전자 단기 흐름 분석해줘 #01326,stock_analysis,True,synthetic_hardfail
qa-hardfail-01327,SK하이닉스 사도 돼? #01327,stock_analysis,True,synthetic_hardfail
qa-hardfail-01328,NAVER 지금 차트 어때? #01328,stock_analysis,True,synthetic_hardfail
qa-hardfail-01329,카카오 오늘 들어가도 되는 자리야? #01329,stock_analysis,True,synthetic_hardfail
qa-hardfail-01330,현대차 단기 흐름 분석해줘 #01330,stock_analysis,True,synthetic_hardfail
qa-hardfail-01331,LG에너지솔루션 사도 돼? #01331,stock_analysis,True,synthetic_hardfail
qa-hardfail-01332,삼성전자 지금 차트 어때? #01332,stock_analysis,True,synthetic_hardfail
qa-hardfail-01333,SK하이닉스 오늘 들어가도 되는 자리야? #01333,stock_analysis,True,synthetic_hardfail
qa-hardfail-01334,NAVER 단기 흐름 분석해줘 #01334,stock_analysis,True,synthetic_hardfail
qa-hardfail-01335,카카오 사도 돼? #01335,stock_analysis,True,synthetic_hardfail
qa-hardfail-01336,현대차 지금 차트 어때? #01336,stock_analysis,True,synthetic_hardfail
qa-hardfail-01337,LG에너지솔루션 오늘 들어가도 되는 자리야? #01337,stock_analysis,True,synthetic_hardfail
qa-hardfail-01338,삼성전자 단기 흐름 분석해줘 #01338,stock_analysis,True,synthetic_hardfail
qa-hardfail-01339,SK하이닉스 사도 돼? #01339,stock_analysis,True,synthetic_hardfail
qa-hardfail-01340,NAVER 지금 차트 어때? #01340,stock_analysis,True,synthetic_hardfail
qa-hardfail-01341,카카오 오늘 들어가도 되는 자리야? #01341,stock_analysis,True,synthetic_hardfail
qa-hardfail-01342,현대차 단기 흐름 분석해줘 #01342,stock_analysis,True,synthetic_hardfail
qa-hardfail-01343,LG에너지솔루션 사도 돼? #01343,stock_analysis,True,synthetic_hardfail
qa-hardfail-01344,삼성전자 지금 차트 어때? #01344,stock_analysis,True,synthetic_hardfail
qa-hardfail-01345,SK하이닉스 오늘 들어가도 되는 자리야? #01345,stock_analysis,True,synthetic_hardfail
qa-hardfail-01346,NAVER 단기 흐름 분석해줘 #01346,stock_analysis,True,synthetic_hardfail
qa-hardfail-01347,카카오 사도 돼? #01347,stock_analysis,True,synthetic_hardfail
qa-hardfail-01348,현대차 지금 차트 어때? #01348,stock_analysis,True,synthetic_hardfail
qa-hardfail-01349,LG에너지솔루션 오늘 들어가도 되는 자리야? #01349,stock_analysis,True,synthetic_hardfail
qa-hardfail-01350,삼성전자 단기 흐름 분석해줘 #01350,stock_analysis,True,synthetic_hardfail
qa-hardfail-01351,SK하이닉스 사도 돼? #01351,stock_analysis,True,synthetic_hardfail
qa-hardfail-01352,NAVER 지금 차트 어때? #01352,stock_analysis,True,synthetic_hardfail
qa-hardfail-01353,카카오 오늘 들어가도 되는 자리야? #01353,stock_analysis,True,synthetic_hardfail
qa-hardfail-01354,현대차 단기 흐름 분석해줘 #01354,stock_analysis,True,synthetic_hardfail
qa-hardfail-01355,LG에너지솔루션 사도 돼? #01355,stock_analysis,True,synthetic_hardfail
qa-hardfail-01356,삼성전자 지금 차트 어때? #01356,stock_analysis,True,synthetic_hardfail
qa-hardfail-01357,SK하이닉스 오늘 들어가도 되는 자리야? #01357,stock_analysis,True,synthetic_hardfail
qa-hardfail-01358,NAVER 단기 흐름 분석해줘 #01358,stock_analysis,True,synthetic_hardfail
qa-hardfail-01359,카카오 사도 돼? #01359,stock_analysis,True,synthetic_hardfail
qa-hardfail-01360,현대차 지금 차트 어때? #01360,stock_analysis,True,synthetic_hardfail
qa-hardfail-01361,LG에너지솔루션 오늘 들어가도 되는 자리야? #01361,stock_analysis,True,synthetic_hardfail
qa-hardfail-01362,삼성전자 단기 흐름 분석해줘 #01362,stock_analysis,True,synthetic_hardfail
qa-hardfail-01363,SK하이닉스 사도 돼? #01363,stock_analysis,True,synthetic_hardfail
qa-hardfail-01364,NAVER 지금 차트 어때? #01364,stock_analysis,True,synthetic_hardfail
qa-hardfail-01365,카카오 오늘 들어가도 되는 자리야? #01365,stock_analysis,True,synthetic_hardfail
qa-hardfail-01366,현대차 단기 흐름 분석해줘 #01366,stock_analysis,True,synthetic_hardfail
qa-hardfail-01367,LG에너지솔루션 사도 돼? #01367,stock_analysis,True,synthetic_hardfail
qa-hardfail-01368,삼성전자 지금 차트 어때? #01368,stock_analysis,True,synthetic_hardfail
qa-hardfail-01369,SK하이닉스 오늘 들어가도 되는 자리야? #01369,stock_analysis,True,synthetic_hardfail
qa-hardfail-01370,NAVER 단기 흐름 분석해줘 #01370,stock_analysis,True,synthetic_hardfail
qa-hardfail-01371,카카오 사도 돼? #01371,stock_analysis,True,synthetic_hardfail
qa-hardfail-01372,현대차 지금 차트 어때? #01372,stock_analysis,True,synthetic_hardfail
qa-hardfail-01373,LG에너지솔루션 오늘 들어가도 되는 자리야? #01373,stock_analysis,True,synthetic_hardfail
qa-hardfail-01374,삼성전자 단기 흐름 분석해줘 #01374,stock_analysis,True,synthetic_hardfail
qa-hardfail-01375,SK하이닉스 사도 돼? #01375,stock_analysis,True,synthetic_hardfail
qa-hardfail-01376,NAVER 지금 차트 어때? #01376,stock_analysis,True,synthetic_hardfail
qa-hardfail-01377,카카오 오늘 들어가도 되는 자리야? #01377,stock_analysis,True,synthetic_hardfail
qa-hardfail-01378,현대차 단기 흐름 분석해줘 #01378,stock_analysis,True,synthetic_hardfail
qa-hardfail-01379,LG에너지솔루션 사도 돼? #01379,stock_analysis,True,synthetic_hardfail
qa-hardfail-01380,삼성전자 지금 차트 어때? #01380,stock_analysis,True,synthetic_hardfail
qa-hardfail-01381,SK하이닉스 오늘 들어가도 되는 자리야? #01381,stock_analysis,True,synthetic_hardfail
qa-hardfail-01382,NAVER 단기 흐름 분석해줘 #01382,stock_analysis,True,synthetic_hardfail
qa-hardfail-01383,카카오 사도 돼? #01383,stock_analysis,True,synthetic_hardfail
qa-hardfail-01384,현대차 지금 차트 어때? #01384,stock_analysis,True,synthetic_hardfail
qa-hardfail-01385,LG에너지솔루션 오늘 들어가도 되는 자리야? #01385,stock_analysis,True,synthetic_hardfail
qa-hardfail-01386,삼성전자 단기 흐름 분석해줘 #01386,stock_analysis,True,synthetic_hardfail
qa-hardfail-01387,SK하이닉스 사도 돼? #01387,stock_analysis,True,synthetic_hardfail
qa-hardfail-01388,NAVER 지금 차트 어때? #01388,stock_analysis,True,synthetic_hardfail
qa-hardfail-01389,카카오 오늘 들어가도 되는 자리야? #01389,stock_analysis,True,synthetic_hardfail
qa-hardfail-01390,현대차 단기 흐름 분석해줘 #01390,stock_analysis,True,synthetic_hardfail
qa-hardfail-01391,LG에너지솔루션 사도 돼? #01391,stock_analysis,True,synthetic_hardfail
qa-hardfail-01392,삼성전자 지금 차트 어때? #01392,stock_analysis,True,synthetic_hardfail
qa-hardfail-01393,SK하이닉스 오늘 들어가도 되는 자리야? #01393,stock_analysis,True,synthetic_hardfail
qa-hardfail-01394,NAVER 단기 흐름 분석해줘 #01394,stock_analysis,True,synthetic_hardfail
qa-hardfail-01395,카카오 사도 돼? #01395,stock_analysis,True,synthetic_hardfail
qa-hardfail-01396,현대차 지금 차트 어때? #01396,stock_analysis,True,synthetic_hardfail
qa-hardfail-01397,LG에너지솔루션 오늘 들어가도 되는 자리야? #01397,stock_analysis,True,synthetic_hardfail
qa-hardfail-01398,삼성전자 단기 흐름 분석해줘 #01398,stock_analysis,True,synthetic_hardfail
qa-hardfail-01399,SK하이닉스 사도 돼? #01399,stock_analysis,True,synthetic_hardfail
qa-hardfail-01400,NAVER 지금 차트 어때? #01400,stock_analysis,True,synthetic_hardfail
qa-hardfail-01401,카카오 오늘 들어가도 되는 자리야? #01401,stock_analysis,True,synthetic_hardfail
qa-hardfail-01402,현대차 단기 흐름 분석해줘 #01402,stock_analysis,True,synthetic_hardfail
qa-hardfail-01403,LG에너지솔루션 사도 돼? #01403,stock_analysis,True,synthetic_hardfail
qa-hardfail-01404,삼성전자 지금 차트 어때? #01404,stock_analysis,True,synthetic_hardfail
qa-hardfail-01405,SK하이닉스 오늘 들어가도 되는 자리야? #01405,stock_analysis,True,synthetic_hardfail
qa-hardfail-01406,NAVER 단기 흐름 분석해줘 #01406,stock_analysis,True,synthetic_hardfail
qa-hardfail-01407,카카오 사도 돼? #01407,stock_analysis,True,synthetic_hardfail
qa-hardfail-01408,현대차 지금 차트 어때? #01408,stock_analysis,True,synthetic_hardfail
qa-hardfail-01409,LG에너지솔루션 오늘 들어가도 되는 자리야? #01409,stock_analysis,True,synthetic_hardfail
qa-hardfail-01410,삼성전자 단기 흐름 분석해줘 #01410,stock_analysis,True,synthetic_hardfail
qa-hardfail-01411,SK하이닉스 사도 돼? #01411,stock_analysis,True,synthetic_hardfail
qa-hardfail-01412,NAVER 지금 차트 어때? #01412,stock_analysis,True,synthetic_hardfail
qa-hardfail-01413,카카오 오늘 들어가도 되는 자리야? #01413,stock_analysis,True,synthetic_hardfail
qa-hardfail-01414,현대차 단기 흐름 분석해줘 #01414,stock_analysis,True,synthetic_hardfail
qa-hardfail-01415,LG에너지솔루션 사도 돼? #01415,stock_analysis,True,synthetic_hardfail
qa-hardfail-01416,삼성전자 지금 차트 어때? #01416,stock_analysis,True,synthetic_hardfail
qa-hardfail-01417,SK하이닉스 오늘 들어가도 되는 자리야? #01417,stock_analysis,True,synthetic_hardfail
qa-hardfail-01418,NAVER 단기 흐름 분석해줘 #01418,stock_analysis,True,synthetic_hardfail
qa-hardfail-01419,카카오 사도 돼? #01419,stock_analysis,True,synthetic_hardfail
qa-hardfail-01420,현대차 지금 차트 어때? #01420,stock_analysis,True,synthetic_hardfail
qa-hardfail-01421,LG에너지솔루션 오늘 들어가도 되는 자리야? #01421,stock_analysis,True,synthetic_hardfail
qa-hardfail-01422,삼성전자 단기 흐름 분석해줘 #01422,stock_analysis,True,synthetic_hardfail
qa-hardfail-01423,SK하이닉스 사도 돼? #01423,stock_analysis,True,synthetic_hardfail
qa-hardfail-01424,NAVER 지금 차트 어때? #01424,stock_analysis,True,synthetic_hardfail
qa-hardfail-01425,카카오 오늘 들어가도 되는 자리야? #01425,stock_analysis,True,synthetic_hardfail
qa-hardfail-01426,현대차 단기 흐름 분석해줘 #01426,stock_analysis,True,synthetic_hardfail
qa-hardfail-01427,LG에너지솔루션 사도 돼? #01427,stock_analysis,True,synthetic_hardfail
qa-hardfail-01428,삼성전자 지금 차트 어때? #01428,stock_analysis,True,synthetic_hardfail
qa-hardfail-01429,SK하이닉스 오늘 들어가도 되는 자리야? #01429,stock_analysis,True,synthetic_hardfail
qa-hardfail-01430,NAVER 단기 흐름 분석해줘 #01430,stock_analysis,True,synthetic_hardfail
qa-hardfail-01431,카카오 사도 돼? #01431,stock_analysis,True,synthetic_hardfail
qa-hardfail-01432,현대차 지금 차트 어때? #01432,stock_analysis,True,synthetic_hardfail
qa-hardfail-01433,LG에너지솔루션 오늘 들어가도 되는 자리야? #01433,stock_analysis,True,synthetic_hardfail
qa-hardfail-01434,삼성전자 단기 흐름 분석해줘 #01434,stock_analysis,True,synthetic_hardfail
qa-hardfail-01435,SK하이닉스 사도 돼? #01435,stock_analysis,True,synthetic_hardfail
qa-hardfail-01436,NAVER 지금 차트 어때? #01436,stock_analysis,True,synthetic_hardfail
qa-hardfail-01437,카카오 오늘 들어가도 되는 자리야? #01437,stock_analysis,True,synthetic_hardfail
qa-hardfail-01438,현대차 단기 흐름 분석해줘 #01438,stock_analysis,True,synthetic_hardfail
qa-hardfail-01439,LG에너지솔루션 사도 돼? #01439,stock_analysis,True,synthetic_hardfail
qa-hardfail-01440,삼성전자 지금 차트 어때? #01440,stock_analysis,True,synthetic_hardfail
qa-hardfail-01441,SK하이닉스 오늘 들어가도 되는 자리야? #01441,stock_analysis,True,synthetic_hardfail
qa-hardfail-01442,NAVER 단기 흐름 분석해줘 #01442,stock_analysis,True,synthetic_hardfail
qa-hardfail-01443,카카오 사도 돼? #01443,stock_analysis,True,synthetic_hardfail
qa-hardfail-01444,현대차 지금 차트 어때? #01444,stock_analysis,True,synthetic_hardfail
qa-hardfail-01445,LG에너지솔루션 오늘 들어가도 되는 자리야? #01445,stock_analysis,True,synthetic_hardfail
qa-hardfail-01446,삼성전자 단기 흐름 분석해줘 #01446,stock_analysis,True,synthetic_hardfail
qa-hardfail-01447,SK하이닉스 사도 돼? #01447,stock_analysis,True,synthetic_hardfail
qa-hardfail-01448,NAVER 지금 차트 어때? #01448,stock_analysis,True,synthetic_hardfail
qa-hardfail-01449,카카오 오늘 들어가도 되는 자리야? #01449,stock_analysis,True,synthetic_hardfail
qa-hardfail-01450,현대차 단기 흐름 분석해줘 #01450,stock_analysis,True,synthetic_hardfail
qa-hardfail-01451,LG에너지솔루션 사도 돼? #01451,stock_analysis,True,synthetic_hardfail
qa-hardfail-01452,삼성전자 지금 차트 어때? #01452,stock_analysis,True,synthetic_hardfail
qa-hardfail-01453,SK하이닉스 오늘 들어가도 되는 자리야? #01453,stock_analysis,True,synthetic_hardfail
qa-hardfail-01454,NAVER 단기 흐름 분석해줘 #01454,stock_analysis,True,synthetic_hardfail
qa-hardfail-01455,카카오 사도 돼? #01455,stock_analysis,True,synthetic_hardfail
qa-hardfail-01456,현대차 지금 차트 어때? #01456,stock_analysis,True,synthetic_hardfail
qa-hardfail-01457,LG에너지솔루션 오늘 들어가도 되는 자리야? #01457,stock_analysis,True,synthetic_hardfail
qa-hardfail-01458,삼성전자 단기 흐름 분석해줘 #01458,stock_analysis,True,synthetic_hardfail
qa-hardfail-01459,SK하이닉스 사도 돼? #01459,stock_analysis,True,synthetic_hardfail
qa-hardfail-01460,NAVER 지금 차트 어때? #01460,stock_analysis,True,synthetic_hardfail
qa-hardfail-01461,카카오 오늘 들어가도 되는 자리야? #01461,stock_analysis,True,synthetic_hardfail
qa-hardfail-01462,현대차 단기 흐름 분석해줘 #01462,stock_analysis,True,synthetic_hardfail
qa-hardfail-01463,LG에너지솔루션 사도 돼? #01463,stock_analysis,True,synthetic_hardfail
qa-hardfail-01464,삼성전자 지금 차트 어때? #01464,stock_analysis,True,synthetic_hardfail
qa-hardfail-01465,SK하이닉스 오늘 들어가도 되는 자리야? #01465,stock_analysis,True,synthetic_hardfail
qa-hardfail-01466,NAVER 단기 흐름 분석해줘 #01466,stock_analysis,True,synthetic_hardfail
qa-hardfail-01467,카카오 사도 돼? #01467,stock_analysis,True,synthetic_hardfail
qa-hardfail-01468,현대차 지금 차트 어때? #01468,stock_analysis,True,synthetic_hardfail
qa-hardfail-01469,LG에너지솔루션 오늘 들어가도 되는 자리야? #01469,stock_analysis,True,synthetic_hardfail
qa-hardfail-01470,삼성전자 단기 흐름 분석해줘 #01470,stock_analysis,True,synthetic_hardfail
qa-hardfail-01471,SK하이닉스 사도 돼? #01471,stock_analysis,True,synthetic_hardfail
qa-hardfail-01472,NAVER 지금 차트 어때? #01472,stock_analysis,True,synthetic_hardfail
qa-hardfail-01473,카카오 오늘 들어가도 되는 자리야? #01473,stock_analysis,True,synthetic_hardfail
qa-hardfail-01474,현대차 단기 흐름 분석해줘 #01474,stock_analysis,True,synthetic_hardfail
qa-hardfail-01475,LG에너지솔루션 사도 돼? #01475,stock_analysis,True,synthetic_hardfail
qa-hardfail-01476,삼성전자 지금 차트 어때? #01476,stock_analysis,True,synthetic_hardfail
qa-hardfail-01477,SK하이닉스 오늘 들어가도 되는 자리야? #01477,stock_analysis,True,synthetic_hardfail
qa-hardfail-01478,NAVER 단기 흐름 분석해줘 #01478,stock_analysis,True,synthetic_hardfail
qa-hardfail-01479,카카오 사도 돼? #01479,stock_analysis,True,synthetic_hardfail
qa-hardfail-01480,현대차 지금 차트 어때? #01480,stock_analysis,True,synthetic_hardfail
qa-hardfail-01481,LG에너지솔루션 오늘 들어가도 되는 자리야? #01481,stock_analysis,True,synthetic_hardfail
qa-hardfail-01482,삼성전자 단기 흐름 분석해줘 #01482,stock_analysis,True,synthetic_hardfail
qa-hardfail-01483,SK하이닉스 사도 돼? #01483,stock_analysis,True,synthetic_hardfail
qa-hardfail-01484,NAVER 지금 차트 어때? #01484,stock_analysis,True,synthetic_hardfail
qa-hardfail-01485,카카오 오늘 들어가도 되는 자리야? #01485,stock_analysis,True,synthetic_hardfail
qa-hardfail-01486,현대차 단기 흐름 분석해줘 #01486,stock_analysis,True,synthetic_hardfail
qa-hardfail-01487,LG에너지솔루션 사도 돼? #01487,stock_analysis,True,synthetic_hardfail
qa-hardfail-01488,삼성전자 지금 차트 어때? #01488,stock_analysis,True,synthetic_hardfail
qa-hardfail-01489,SK하이닉스 오늘 들어가도 되는 자리야? #01489,stock_analysis,True,synthetic_hardfail
qa-hardfail-01490,NAVER 단기 흐름 분석해줘 #01490,stock_analysis,True,synthetic_hardfail
qa-hardfail-01491,카카오 사도 돼? #01491,stock_analysis,True,synthetic_hardfail
qa-hardfail-01492,현대차 지금 차트 어때? #01492,stock_analysis,True,synthetic_hardfail
qa-hardfail-01493,LG에너지솔루션 오늘 들어가도 되는 자리야? #01493,stock_analysis,True,synthetic_hardfail
qa-hardfail-01494,삼성전자 단기 흐름 분석해줘 #01494,stock_analysis,True,synthetic_hardfail
qa-hardfail-01495,SK하이닉스 사도 돼? #01495,stock_analysis,True,synthetic_hardfail
qa-hardfail-01496,NAVER 지금 차트 어때? #01496,stock_analysis,True,synthetic_hardfail
qa-hardfail-01497,카카오 오늘 들어가도 되는 자리야? #01497,stock_analysis,True,synthetic_hardfail
qa-hardfail-01498,현대차 단기 흐름 분석해줘 #01498,stock_analysis,True,synthetic_hardfail
qa-hardfail-01499,LG에너지솔루션 사도 돼? #01499,stock_analysis,True,synthetic_hardfail
qa-hardfail-01500,삼성전자 지금 차트 어때? #01500,stock_analysis,True,synthetic_hardfail
qa-hardfail-01501,SK하이닉스 오늘 들어가도 되는 자리야? #01501,stock_analysis,True,synthetic_hardfail
qa-hardfail-01502,NAVER 단기 흐름 분석해줘 #01502,stock_analysis,True,synthetic_hardfail
qa-hardfail-01503,카카오 사도 돼? #01503,stock_analysis,True,synthetic_hardfail
qa-hardfail-01504,현대차 지금 차트 어때? #01504,stock_analysis,True,synthetic_hardfail
qa-hardfail-01505,LG에너지솔루션 오늘 들어가도 되는 자리야? #01505,stock_analysis,True,synthetic_hardfail
qa-hardfail-01506,삼성전자 단기 흐름 분석해줘 #01506,stock_analysis,True,synthetic_hardfail
qa-hardfail-01507,SK하이닉스 사도 돼? #01507,stock_analysis,True,synthetic_hardfail
qa-hardfail-01508,NAVER 지금 차트 어때? #01508,stock_analysis,True,synthetic_hardfail
qa-hardfail-01509,카카오 오늘 들어가도 되는 자리야? #01509,stock_analysis,True,synthetic_hardfail
qa-hardfail-01510,현대차 단기 흐름 분석해줘 #01510,stock_analysis,True,synthetic_hardfail
qa-hardfail-01511,LG에너지솔루션 사도 돼? #01511,stock_analysis,True,synthetic_hardfail
qa-hardfail-01512,삼성전자 지금 차트 어때? #01512,stock_analysis,True,synthetic_hardfail
qa-hardfail-01513,SK하이닉스 오늘 들어가도 되는 자리야? #01513,stock_analysis,True,synthetic_hardfail
qa-hardfail-01514,NAVER 단기 흐름 분석해줘 #01514,stock_analysis,True,synthetic_hardfail
qa-hardfail-01515,카카오 사도 돼? #01515,stock_analysis,True,synthetic_hardfail
qa-hardfail-01516,현대차 지금 차트 어때? #01516,stock_analysis,True,synthetic_hardfail
qa-hardfail-01517,LG에너지솔루션 오늘 들어가도 되는 자리야? #01517,stock_analysis,True,synthetic_hardfail
qa-hardfail-01518,삼성전자 단기 흐름 분석해줘 #01518,stock_analysis,True,synthetic_hardfail
qa-hardfail-01519,SK하이닉스 사도 돼? #01519,stock_analysis,True,synthetic_hardfail
qa-hardfail-01520,NAVER 지금 차트 어때? #01520,stock_analysis,True,synthetic_hardfail
qa-hardfail-01521,카카오 오늘 들어가도 되는 자리야? #01521,stock_analysis,True,synthetic_hardfail
qa-hardfail-01522,현대차 단기 흐름 분석해줘 #01522,stock_analysis,True,synthetic_hardfail
qa-hardfail-01523,LG에너지솔루션 사도 돼? #01523,stock_analysis,True,synthetic_hardfail
qa-hardfail-01524,삼성전자 지금 차트 어때? #01524,stock_analysis,True,synthetic_hardfail
qa-hardfail-01525,SK하이닉스 오늘 들어가도 되는 자리야? #01525,stock_analysis,True,synthetic_hardfail
qa-hardfail-01526,NAVER 단기 흐름 분석해줘 #01526,stock_analysis,True,synthetic_hardfail
qa-hardfail-01527,카카오 사도 돼? #01527,stock_analysis,True,synthetic_hardfail
qa-hardfail-01528,현대차 지금 차트 어때? #01528,stock_analysis,True,synthetic_hardfail
qa-hardfail-01529,LG에너지솔루션 오늘 들어가도 되는 자리야? #01529,stock_analysis,True,synthetic_hardfail
qa-hardfail-01530,삼성전자 단기 흐름 분석해줘 #01530,stock_analysis,True,synthetic_hardfail
qa-hardfail-01531,SK하이닉스 사도 돼? #01531,stock_analysis,True,synthetic_hardfail
qa-hardfail-01532,NAVER 지금 차트 어때? #01532,stock_analysis,True,synthetic_hardfail
qa-hardfail-01533,카카오 오늘 들어가도 되는 자리야? #01533,stock_analysis,True,synthetic_hardfail
qa-hardfail-01534,현대차 단기 흐름 분석해줘 #01534,stock_analysis,True,synthetic_hardfail
qa-hardfail-01535,LG에너지솔루션 사도 돼? #01535,stock_analysis,True,synthetic_hardfail
qa-hardfail-01536,삼성전자 지금 차트 어때? #01536,stock_analysis,True,synthetic_hardfail
qa-hardfail-01537,SK하이닉스 오늘 들어가도 되는 자리야? #01537,stock_analysis,True,synthetic_hardfail
qa-hardfail-01538,NAVER 단기 흐름 분석해줘 #01538,stock_analysis,True,synthetic_hardfail
qa-hardfail-01539,카카오 사도 돼? #01539,stock_analysis,True,synthetic_hardfail
qa-hardfail-01540,현대차 지금 차트 어때? #01540,stock_analysis,True,synthetic_hardfail
qa-hardfail-01541,LG에너지솔루션 오늘 들어가도 되는 자리야? #01541,stock_analysis,True,synthetic_hardfail
qa-hardfail-01542,삼성전자 단기 흐름 분석해줘 #01542,stock_analysis,True,synthetic_hardfail
qa-hardfail-01543,SK하이닉스 사도 돼? #01543,stock_analysis,True,synthetic_hardfail
qa-hardfail-01544,NAVER 지금 차트 어때? #01544,stock_analysis,True,synthetic_hardfail
qa-hardfail-01545,카카오 오늘 들어가도 되는 자리야? #01545,stock_analysis,True,synthetic_hardfail
qa-hardfail-01546,현대차 단기 흐름 분석해줘 #01546,stock_analysis,True,synthetic_hardfail
qa-hardfail-01547,LG에너지솔루션 사도 돼? #01547,stock_analysis,True,synthetic_hardfail
qa-hardfail-01548,삼성전자 지금 차트 어때? #01548,stock_analysis,True,synthetic_hardfail
qa-hardfail-01549,SK하이닉스 오늘 들어가도 되는 자리야? #01549,stock_analysis,True,synthetic_hardfail
qa-hardfail-01550,NAVER 단기 흐름 분석해줘 #01550,stock_analysis,True,synthetic_hardfail
qa-hardfail-01551,카카오 사도 돼? #01551,stock_analysis,True,synthetic_hardfail
qa-hardfail-01552,현대차 지금 차트 어때? #01552,stock_analysis,True,synthetic_hardfail
qa-hardfail-01553,LG에너지솔루션 오늘 들어가도 되는 자리야? #01553,stock_analysis,True,synthetic_hardfail
qa-hardfail-01554,삼성전자 단기 흐름 분석해줘 #01554,stock_analysis,True,synthetic_hardfail
qa-hardfail-01555,SK하이닉스 사도 돼? #01555,stock_analysis,True,synthetic_hardfail
qa-hardfail-01556,NAVER 지금 차트 어때? #01556,stock_analysis,True,synthetic_hardfail
qa-hardfail-01557,카카오 오늘 들어가도 되는 자리야? #01557,stock_analysis,True,synthetic_hardfail
qa-hardfail-01558,현대차 단기 흐름 분석해줘 #01558,stock_analysis,True,synthetic_hardfail
qa-hardfail-01559,LG에너지솔루션 사도 돼? #01559,stock_analysis,True,synthetic_hardfail
qa-hardfail-01560,삼성전자 지금 차트 어때? #01560,stock_analysis,True,synthetic_hardfail
qa-hardfail-01561,SK하이닉스 오늘 들어가도 되는 자리야? #01561,stock_analysis,True,synthetic_hardfail
qa-hardfail-01562,NAVER 단기 흐름 분석해줘 #01562,stock_analysis,True,synthetic_hardfail
qa-hardfail-01563,카카오 사도 돼? #01563,stock_analysis,True,synthetic_hardfail
qa-hardfail-01564,현대차 지금 차트 어때? #01564,stock_analysis,True,synthetic_hardfail
qa-hardfail-01565,LG에너지솔루션 오늘 들어가도 되는 자리야? #01565,stock_analysis,True,synthetic_hardfail
qa-hardfail-01566,삼성전자 단기 흐름 분석해줘 #01566,stock_analysis,True,synthetic_hardfail
qa-hardfail-01567,SK하이닉스 사도 돼? #01567,stock_analysis,True,synthetic_hardfail
qa-hardfail-01568,NAVER 지금 차트 어때? #01568,stock_analysis,True,synthetic_hardfail
qa-hardfail-01569,카카오 오늘 들어가도 되는 자리야? #01569,stock_analysis,True,synthetic_hardfail
qa-hardfail-01570,현대차 단기 흐름 분석해줘 #01570,stock_analysis,True,synthetic_hardfail
qa-hardfail-01571,LG에너지솔루션 사도 돼? #01571,stock_analysis,True,synthetic_hardfail
qa-hardfail-01572,삼성전자 지금 차트 어때? #01572,stock_analysis,True,synthetic_hardfail
qa-hardfail-01573,SK하이닉스 오늘 들어가도 되는 자리야? #01573,stock_analysis,True,synthetic_hardfail
qa-hardfail-01574,NAVER 단기 흐름 분석해줘 #01574,stock_analysis,True,synthetic_hardfail
qa-hardfail-01575,카카오 사도 돼? #01575,stock_analysis,True,synthetic_hardfail
qa-hardfail-01576,현대차 지금 차트 어때? #01576,stock_analysis,True,synthetic_hardfail
qa-hardfail-01577,LG에너지솔루션 오늘 들어가도 되는 자리야? #01577,stock_analysis,True,synthetic_hardfail
qa-hardfail-01578,삼성전자 단기 흐름 분석해줘 #01578,stock_analysis,True,synthetic_hardfail
qa-hardfail-01579,SK하이닉스 사도 돼? #01579,stock_analysis,True,synthetic_hardfail
qa-hardfail-01580,NAVER 지금 차트 어때? #01580,stock_analysis,True,synthetic_hardfail
qa-hardfail-01581,카카오 오늘 들어가도 되는 자리야? #01581,stock_analysis,True,synthetic_hardfail
qa-hardfail-01582,현대차 단기 흐름 분석해줘 #01582,stock_analysis,True,synthetic_hardfail
qa-hardfail-01583,LG에너지솔루션 사도 돼? #01583,stock_analysis,True,synthetic_hardfail
qa-hardfail-01584,삼성전자 지금 차트 어때? #01584,stock_analysis,True,synthetic_hardfail
qa-hardfail-01585,SK하이닉스 오늘 들어가도 되는 자리야? #01585,stock_analysis,True,synthetic_hardfail
qa-hardfail-01586,NAVER 단기 흐름 분석해줘 #01586,stock_analysis,True,synthetic_hardfail
qa-hardfail-01587,카카오 사도 돼? #01587,stock_analysis,True,synthetic_hardfail
qa-hardfail-01588,현대차 지금 차트 어때? #01588,stock_analysis,True,synthetic_hardfail
qa-hardfail-01589,LG에너지솔루션 오늘 들어가도 되는 자리야? #01589,stock_analysis,True,synthetic_hardfail
qa-hardfail-01590,삼성전자 단기 흐름 분석해줘 #01590,stock_analysis,True,synthetic_hardfail
qa-hardfail-01591,SK하이닉스 사도 돼? #01591,stock_analysis,True,synthetic_hardfail
qa-hardfail-01592,NAVER 지금 차트 어때? #01592,stock_analysis,True,synthetic_hardfail
qa-hardfail-01593,카카오 오늘 들어가도 되는 자리야? #01593,stock_analysis,True,synthetic_hardfail
qa-hardfail-01594,현대차 단기 흐름 분석해줘 #01594,stock_analysis,True,synthetic_hardfail
qa-hardfail-01595,LG에너지솔루션 사도 돼? #01595,stock_analysis,True,synthetic_hardfail
qa-hardfail-01596,삼성전자 지금 차트 어때? #01596,stock_analysis,True,synthetic_hardfail
qa-hardfail-01597,SK하이닉스 오늘 들어가도 되는 자리야? #01597,stock_analysis,True,synthetic_hardfail
qa-hardfail-01598,NAVER 단기 흐름 분석해줘 #01598,stock_analysis,True,synthetic_hardfail
qa-hardfail-01599,카카오 사도 돼? #01599,stock_analysis,True,synthetic_hardfail
qa-hardfail-01600,현대차 지금 차트 어때? #01600,stock_analysis,True,synthetic_hardfail
qa-hardfail-01601,LG에너지솔루션 오늘 들어가도 되는 자리야? #01601,stock_analysis,True,synthetic_hardfail
qa-hardfail-01602,삼성전자 단기 흐름 분석해줘 #01602,stock_analysis,True,synthetic_hardfail
qa-hardfail-01603,SK하이닉스 사도 돼? #01603,stock_analysis,True,synthetic_hardfail
qa-hardfail-01604,NAVER 지금 차트 어때? #01604,stock_analysis,True,synthetic_hardfail
qa-hardfail-01605,카카오 오늘 들어가도 되는 자리야? #01605,stock_analysis,True,synthetic_hardfail
qa-hardfail-01606,현대차 단기 흐름 분석해줘 #01606,stock_analysis,True,synthetic_hardfail
qa-hardfail-01607,LG에너지솔루션 사도 돼? #01607,stock_analysis,True,synthetic_hardfail
qa-hardfail-01608,삼성전자 지금 차트 어때? #01608,stock_analysis,True,synthetic_hardfail
qa-hardfail-01609,SK하이닉스 오늘 들어가도 되는 자리야? #01609,stock_analysis,True,synthetic_hardfail
qa-hardfail-01610,NAVER 단기 흐름 분석해줘 #01610,stock_analysis,True,synthetic_hardfail
qa-hardfail-01611,카카오 사도 돼? #01611,stock_analysis,True,synthetic_hardfail
qa-hardfail-01612,현대차 지금 차트 어때? #01612,stock_analysis,True,synthetic_hardfail
qa-hardfail-01613,LG에너지솔루션 오늘 들어가도 되는 자리야? #01613,stock_analysis,True,synthetic_hardfail
qa-hardfail-01614,삼성전자 단기 흐름 분석해줘 #01614,stock_analysis,True,synthetic_hardfail
qa-hardfail-01615,SK하이닉스 사도 돼? #01615,stock_analysis,True,synthetic_hardfail
qa-hardfail-01616,NAVER 지금 차트 어때? #01616,stock_analysis,True,synthetic_hardfail
qa-hardfail-01617,카카오 오늘 들어가도 되는 자리야? #01617,stock_analysis,True,synthetic_hardfail
qa-hardfail-01618,현대차 단기 흐름 분석해줘 #01618,stock_analysis,True,synthetic_hardfail
qa-hardfail-01619,LG에너지솔루션 사도 돼? #01619,stock_analysis,True,synthetic_hardfail
qa-hardfail-01620,삼성전자 지금 차트 어때? #01620,stock_analysis,True,synthetic_hardfail
qa-hardfail-01621,SK하이닉스 오늘 들어가도 되는 자리야? #01621,stock_analysis,True,synthetic_hardfail
qa-hardfail-01622,NAVER 단기 흐름 분석해줘 #01622,stock_analysis,True,synthetic_hardfail
qa-hardfail-01623,카카오 사도 돼? #01623,stock_analysis,True,synthetic_hardfail
qa-hardfail-01624,현대차 지금 차트 어때? #01624,stock_analysis,True,synthetic_hardfail
qa-hardfail-01625,LG에너지솔루션 오늘 들어가도 되는 자리야? #01625,stock_analysis,True,synthetic_hardfail
qa-hardfail-01626,삼성전자 단기 흐름 분석해줘 #01626,stock_analysis,True,synthetic_hardfail
qa-hardfail-01627,SK하이닉스 사도 돼? #01627,stock_analysis,True,synthetic_hardfail
qa-hardfail-01628,NAVER 지금 차트 어때? #01628,stock_analysis,True,synthetic_hardfail
qa-hardfail-01629,카카오 오늘 들어가도 되는 자리야? #01629,stock_analysis,True,synthetic_hardfail
qa-hardfail-01630,현대차 단기 흐름 분석해줘 #01630,stock_analysis,True,synthetic_hardfail
qa-hardfail-01631,LG에너지솔루션 사도 돼? #01631,stock_analysis,True,synthetic_hardfail
qa-hardfail-01632,삼성전자 지금 차트 어때? #01632,stock_analysis,True,synthetic_hardfail
qa-hardfail-01633,SK하이닉스 오늘 들어가도 되는 자리야? #01633,stock_analysis,True,synthetic_hardfail
qa-hardfail-01634,NAVER 단기 흐름 분석해줘 #01634,stock_analysis,True,synthetic_hardfail
qa-hardfail-01635,카카오 사도 돼? #01635,stock_analysis,True,synthetic_hardfail
qa-hardfail-01636,현대차 지금 차트 어때? #01636,stock_analysis,True,synthetic_hardfail
qa-hardfail-01637,LG에너지솔루션 오늘 들어가도 되는 자리야? #01637,stock_analysis,True,synthetic_hardfail
qa-hardfail-01638,삼성전자 단기 흐름 분석해줘 #01638,stock_analysis,True,synthetic_hardfail
qa-hardfail-01639,SK하이닉스 사도 돼? #01639,stock_analysis,True,synthetic_hardfail
qa-hardfail-01640,NAVER 지금 차트 어때? #01640,stock_analysis,True,synthetic_hardfail
qa-hardfail-01641,카카오 오늘 들어가도 되는 자리야? #01641,stock_analysis,True,synthetic_hardfail
qa-hardfail-01642,현대차 단기 흐름 분석해줘 #01642,stock_analysis,True,synthetic_hardfail
qa-hardfail-01643,LG에너지솔루션 사도 돼? #01643,stock_analysis,True,synthetic_hardfail
qa-hardfail-01644,삼성전자 지금 차트 어때? #01644,stock_analysis,True,synthetic_hardfail
qa-hardfail-01645,SK하이닉스 오늘 들어가도 되는 자리야? #01645,stock_analysis,True,synthetic_hardfail
qa-hardfail-01646,NAVER 단기 흐름 분석해줘 #01646,stock_analysis,True,synthetic_hardfail
qa-hardfail-01647,카카오 사도 돼? #01647,stock_analysis,True,synthetic_hardfail
qa-hardfail-01648,현대차 지금 차트 어때? #01648,stock_analysis,True,synthetic_hardfail
qa-hardfail-01649,LG에너지솔루션 오늘 들어가도 되는 자리야? #01649,stock_analysis,True,synthetic_hardfail
qa-hardfail-01650,삼성전자 단기 흐름 분석해줘 #01650,stock_analysis,True,synthetic_hardfail
qa-hardfail-01651,SK하이닉스 사도 돼? #01651,stock_analysis,True,synthetic_hardfail
qa-hardfail-01652,NAVER 지금 차트 어때? #01652,stock_analysis,True,synthetic_hardfail
qa-hardfail-01653,카카오 오늘 들어가도 되는 자리야? #01653,stock_analysis,True,synthetic_hardfail
qa-hardfail-01654,현대차 단기 흐름 분석해줘 #01654,stock_analysis,True,synthetic_hardfail
qa-hardfail-01655,LG에너지솔루션 사도 돼? #01655,stock_analysis,True,synthetic_hardfail
qa-hardfail-01656,삼성전자 지금 차트 어때? #01656,stock_analysis,True,synthetic_hardfail
qa-hardfail-01657,SK하이닉스 오늘 들어가도 되는 자리야? #01657,stock_analysis,True,synthetic_hardfail
qa-hardfail-01658,NAVER 단기 흐름 분석해줘 #01658,stock_analysis,True,synthetic_hardfail
qa-hardfail-01659,카카오 사도 돼? #01659,stock_analysis,True,synthetic_hardfail
qa-hardfail-01660,현대차 지금 차트 어때? #01660,stock_analysis,True,synthetic_hardfail
qa-hardfail-01661,LG에너지솔루션 오늘 들어가도 되는 자리야? #01661,stock_analysis,True,synthetic_hardfail
qa-hardfail-01662,삼성전자 단기 흐름 분석해줘 #01662,stock_analysis,True,synthetic_hardfail
qa-hardfail-01663,SK하이닉스 사도 돼? #01663,stock_analysis,True,synthetic_hardfail
qa-hardfail-01664,NAVER 지금 차트 어때? #01664,stock_analysis,True,synthetic_hardfail
qa-hardfail-01665,카카오 오늘 들어가도 되는 자리야? #01665,stock_analysis,True,synthetic_hardfail
qa-hardfail-01666,현대차 단기 흐름 분석해줘 #01666,stock_analysis,True,synthetic_hardfail
qa-hardfail-01667,LG에너지솔루션 사도 돼? #01667,stock_analysis,True,synthetic_hardfail
qa-hardfail-01668,삼성전자 지금 차트 어때? #01668,stock_analysis,True,synthetic_hardfail
qa-hardfail-01669,SK하이닉스 오늘 들어가도 되는 자리야? #01669,stock_analysis,True,synthetic_hardfail
qa-hardfail-01670,NAVER 단기 흐름 분석해줘 #01670,stock_analysis,True,synthetic_hardfail
qa-hardfail-01671,카카오 사도 돼? #01671,stock_analysis,True,synthetic_hardfail
qa-hardfail-01672,현대차 지금 차트 어때? #01672,stock_analysis,True,synthetic_hardfail
qa-hardfail-01673,LG에너지솔루션 오늘 들어가도 되는 자리야? #01673,stock_analysis,True,synthetic_hardfail
qa-hardfail-01674,삼성전자 단기 흐름 분석해줘 #01674,stock_analysis,True,synthetic_hardfail
qa-hardfail-01675,SK하이닉스 사도 돼? #01675,stock_analysis,True,synthetic_hardfail
qa-hardfail-01676,NAVER 지금 차트 어때? #01676,stock_analysis,True,synthetic_hardfail
qa-hardfail-01677,카카오 오늘 들어가도 되는 자리야? #01677,stock_analysis,True,synthetic_hardfail
qa-hardfail-01678,현대차 단기 흐름 분석해줘 #01678,stock_analysis,True,synthetic_hardfail
qa-hardfail-01679,LG에너지솔루션 사도 돼? #01679,stock_analysis,True,synthetic_hardfail
qa-hardfail-01680,삼성전자 지금 차트 어때? #01680,stock_analysis,True,synthetic_hardfail
qa-hardfail-01681,SK하이닉스 오늘 들어가도 되는 자리야? #01681,stock_analysis,True,synthetic_hardfail
qa-hardfail-01682,NAVER 단기 흐름 분석해줘 #01682,stock_analysis,True,synthetic_hardfail
qa-hardfail-01683,카카오 사도 돼? #01683,stock_analysis,True,synthetic_hardfail
qa-hardfail-01684,현대차 지금 차트 어때? #01684,stock_analysis,True,synthetic_hardfail
qa-hardfail-01685,LG에너지솔루션 오늘 들어가도 되는 자리야? #01685,stock_analysis,True,synthetic_hardfail
qa-hardfail-01686,삼성전자 단기 흐름 분석해줘 #01686,stock_analysis,True,synthetic_hardfail
qa-hardfail-01687,SK하이닉스 사도 돼? #01687,stock_analysis,True,synthetic_hardfail
qa-hardfail-01688,NAVER 지금 차트 어때? #01688,stock_analysis,True,synthetic_hardfail
qa-hardfail-01689,카카오 오늘 들어가도 되는 자리야? #01689,stock_analysis,True,synthetic_hardfail
qa-hardfail-01690,현대차 단기 흐름 분석해줘 #01690,stock_analysis,True,synthetic_hardfail
qa-hardfail-01691,LG에너지솔루션 사도 돼? #01691,stock_analysis,True,synthetic_hardfail
qa-hardfail-01692,삼성전자 지금 차트 어때? #01692,stock_analysis,True,synthetic_hardfail
qa-hardfail-01693,SK하이닉스 오늘 들어가도 되는 자리야? #01693,stock_analysis,True,synthetic_hardfail
qa-hardfail-01694,NAVER 단기 흐름 분석해줘 #01694,stock_analysis,True,synthetic_hardfail
qa-hardfail-01695,카카오 사도 돼? #01695,stock_analysis,True,synthetic_hardfail
qa-hardfail-01696,현대차 지금 차트 어때? #01696,stock_analysis,True,synthetic_hardfail
qa-hardfail-01697,LG에너지솔루션 오늘 들어가도 되는 자리야? #01697,stock_analysis,True,synthetic_hardfail
qa-hardfail-01698,삼성전자 단기 흐름 분석해줘 #01698,stock_analysis,True,synthetic_hardfail
qa-hardfail-01699,SK하이닉스 사도 돼? #01699,stock_analysis,True,synthetic_hardfail
qa-hardfail-01700,NAVER 지금 차트 어때? #01700,stock_analysis,True,synthetic_hardfail
qa-hardfail-01701,카카오 오늘 들어가도 되는 자리야? #01701,stock_analysis,True,synthetic_hardfail
qa-hardfail-01702,현대차 단기 흐름 분석해줘 #01702,stock_analysis,True,synthetic_hardfail
qa-hardfail-01703,LG에너지솔루션 사도 돼? #01703,stock_analysis,True,synthetic_hardfail
qa-hardfail-01704,삼성전자 지금 차트 어때? #01704,stock_analysis,True,synthetic_hardfail
qa-hardfail-01705,SK하이닉스 오늘 들어가도 되는 자리야? #01705,stock_analysis,True,synthetic_hardfail
qa-hardfail-01706,NAVER 단기 흐름 분석해줘 #01706,stock_analysis,True,synthetic_hardfail
qa-hardfail-01707,카카오 사도 돼? #01707,stock_analysis,True,synthetic_hardfail
qa-hardfail-01708,현대차 지금 차트 어때? #01708,stock_analysis,True,synthetic_hardfail
qa-hardfail-01709,LG에너지솔루션 오늘 들어가도 되는 자리야? #01709,stock_analysis,True,synthetic_hardfail
qa-hardfail-01710,삼성전자 단기 흐름 분석해줘 #01710,stock_analysis,True,synthetic_hardfail
qa-hardfail-01711,SK하이닉스 사도 돼? #01711,stock_analysis,True,synthetic_hardfail
qa-hardfail-01712,NAVER 지금 차트 어때? #01712,stock_analysis,True,synthetic_hardfail
qa-hardfail-01713,카카오 오늘 들어가도 되는 자리야? #01713,stock_analysis,True,synthetic_hardfail
qa-hardfail-01714,현대차 단기 흐름 분석해줘 #01714,stock_analysis,True,synthetic_hardfail
qa-hardfail-01715,LG에너지솔루션 사도 돼? #01715,stock_analysis,True,synthetic_hardfail
qa-hardfail-01716,삼성전자 지금 차트 어때? #01716,stock_analysis,True,synthetic_hardfail
qa-hardfail-01717,SK하이닉스 오늘 들어가도 되는 자리야? #01717,stock_analysis,True,synthetic_hardfail
qa-hardfail-01718,NAVER 단기 흐름 분석해줘 #01718,stock_analysis,True,synthetic_hardfail
qa-hardfail-01719,카카오 사도 돼? #01719,stock_analysis,True,synthetic_hardfail
qa-hardfail-01720,현대차 지금 차트 어때? #01720,stock_analysis,True,synthetic_hardfail
qa-hardfail-01721,LG에너지솔루션 오늘 들어가도 되는 자리야? #01721,stock_analysis,True,synthetic_hardfail
qa-hardfail-01722,삼성전자 단기 흐름 분석해줘 #01722,stock_analysis,True,synthetic_hardfail
qa-hardfail-01723,SK하이닉스 사도 돼? #01723,stock_analysis,True,synthetic_hardfail
qa-hardfail-01724,NAVER 지금 차트 어때? #01724,stock_analysis,True,synthetic_hardfail
qa-hardfail-01725,카카오 오늘 들어가도 되는 자리야? #01725,stock_analysis,True,synthetic_hardfail
qa-hardfail-01726,현대차 단기 흐름 분석해줘 #01726,stock_analysis,True,synthetic_hardfail
qa-hardfail-01727,LG에너지솔루션 사도 돼? #01727,stock_analysis,True,synthetic_hardfail
qa-hardfail-01728,삼성전자 지금 차트 어때? #01728,stock_analysis,True,synthetic_hardfail
qa-hardfail-01729,SK하이닉스 오늘 들어가도 되는 자리야? #01729,stock_analysis,True,synthetic_hardfail
qa-hardfail-01730,NAVER 단기 흐름 분석해줘 #01730,stock_analysis,True,synthetic_hardfail
qa-hardfail-01731,카카오 사도 돼? #01731,stock_analysis,True,synthetic_hardfail
qa-hardfail-01732,현대차 지금 차트 어때? #01732,stock_analysis,True,synthetic_hardfail
qa-hardfail-01733,LG에너지솔루션 오늘 들어가도 되는 자리야? #01733,stock_analysis,True,synthetic_hardfail
qa-hardfail-01734,삼성전자 단기 흐름 분석해줘 #01734,stock_analysis,True,synthetic_hardfail
qa-hardfail-01735,SK하이닉스 사도 돼? #01735,stock_analysis,True,synthetic_hardfail
qa-hardfail-01736,NAVER 지금 차트 어때? #01736,stock_analysis,True,synthetic_hardfail
qa-hardfail-01737,카카오 오늘 들어가도 되는 자리야? #01737,stock_analysis,True,synthetic_hardfail
qa-hardfail-01738,현대차 단기 흐름 분석해줘 #01738,stock_analysis,True,synthetic_hardfail
qa-hardfail-01739,LG에너지솔루션 사도 돼? #01739,stock_analysis,True,synthetic_hardfail
qa-hardfail-01740,삼성전자 지금 차트 어때? #01740,stock_analysis,True,synthetic_hardfail
qa-hardfail-01741,SK하이닉스 오늘 들어가도 되는 자리야? #01741,stock_analysis,True,synthetic_hardfail
qa-hardfail-01742,NAVER 단기 흐름 분석해줘 #01742,stock_analysis,True,synthetic_hardfail
qa-hardfail-01743,카카오 사도 돼? #01743,stock_analysis,True,synthetic_hardfail
qa-hardfail-01744,현대차 지금 차트 어때? #01744,stock_analysis,True,synthetic_hardfail
qa-hardfail-01745,LG에너지솔루션 오늘 들어가도 되는 자리야? #01745,stock_analysis,True,synthetic_hardfail
qa-hardfail-01746,삼성전자 단기 흐름 분석해줘 #01746,stock_analysis,True,synthetic_hardfail
qa-hardfail-01747,SK하이닉스 사도 돼? #01747,stock_analysis,True,synthetic_hardfail
qa-hardfail-01748,NAVER 지금 차트 어때? #01748,stock_analysis,True,synthetic_hardfail
qa-hardfail-01749,카카오 오늘 들어가도 되는 자리야? #01749,stock_analysis,True,synthetic_hardfail
qa-hardfail-01750,현대차 단기 흐름 분석해줘 #01750,stock_analysis,True,synthetic_hardfail
qa-hardfail-01751,LG에너지솔루션 사도 돼? #01751,stock_analysis,True,synthetic_hardfail
qa-hardfail-01752,삼성전자 지금 차트 어때? #01752,stock_analysis,True,synthetic_hardfail
qa-hardfail-01753,SK하이닉스 오늘 들어가도 되는 자리야? #01753,stock_analysis,True,synthetic_hardfail
qa-hardfail-01754,NAVER 단기 흐름 분석해줘 #01754,stock_analysis,True,synthetic_hardfail
qa-hardfail-01755,카카오 사도 돼? #01755,stock_analysis,True,synthetic_hardfail
qa-hardfail-01756,현대차 지금 차트 어때? #01756,stock_analysis,True,synthetic_hardfail
qa-hardfail-01757,LG에너지솔루션 오늘 들어가도 되는 자리야? #01757,stock_analysis,True,synthetic_hardfail
qa-hardfail-01758,삼성전자 단기 흐름 분석해줘 #01758,stock_analysis,True,synthetic_hardfail
qa-hardfail-01759,SK하이닉스 사도 돼? #01759,stock_analysis,True,synthetic_hardfail
qa-hardfail-01760,NAVER 지금 차트 어때? #01760,stock_analysis,True,synthetic_hardfail
qa-hardfail-01761,카카오 오늘 들어가도 되는 자리야? #01761,stock_analysis,True,synthetic_hardfail
qa-hardfail-01762,현대차 단기 흐름 분석해줘 #01762,stock_analysis,True,synthetic_hardfail
qa-hardfail-01763,LG에너지솔루션 사도 돼? #01763,stock_analysis,True,synthetic_hardfail
qa-hardfail-01764,삼성전자 지금 차트 어때? #01764,stock_analysis,True,synthetic_hardfail
qa-hardfail-01765,SK하이닉스 오늘 들어가도 되는 자리야? #01765,stock_analysis,True,synthetic_hardfail
qa-hardfail-01766,NAVER 단기 흐름 분석해줘 #01766,stock_analysis,True,synthetic_hardfail
qa-hardfail-01767,카카오 사도 돼? #01767,stock_analysis,True,synthetic_hardfail
qa-hardfail-01768,현대차 지금 차트 어때? #01768,stock_analysis,True,synthetic_hardfail
qa-hardfail-01769,LG에너지솔루션 오늘 들어가도 되는 자리야? #01769,stock_analysis,True,synthetic_hardfail
qa-hardfail-01770,삼성전자 단기 흐름 분석해줘 #01770,stock_analysis,True,synthetic_hardfail
qa-hardfail-01771,SK하이닉스 사도 돼? #01771,stock_analysis,True,synthetic_hardfail
qa-hardfail-01772,NAVER 지금 차트 어때? #01772,stock_analysis,True,synthetic_hardfail
qa-hardfail-01773,카카오 오늘 들어가도 되는 자리야? #01773,stock_analysis,True,synthetic_hardfail
qa-hardfail-01774,현대차 단기 흐름 분석해줘 #01774,stock_analysis,True,synthetic_hardfail
qa-hardfail-01775,LG에너지솔루션 사도 돼? #01775,stock_analysis,True,synthetic_hardfail
qa-hardfail-01776,삼성전자 지금 차트 어때? #01776,stock_analysis,True,synthetic_hardfail
qa-hardfail-01777,SK하이닉스 오늘 들어가도 되는 자리야? #01777,stock_analysis,True,synthetic_hardfail
qa-hardfail-01778,NAVER 단기 흐름 분석해줘 #01778,stock_analysis,True,synthetic_hardfail
qa-hardfail-01779,카카오 사도 돼? #01779,stock_analysis,True,synthetic_hardfail
qa-hardfail-01780,현대차 지금 차트 어때? #01780,stock_analysis,True,synthetic_hardfail
qa-hardfail-01781,LG에너지솔루션 오늘 들어가도 되는 자리야? #01781,stock_analysis,True,synthetic_hardfail
qa-hardfail-01782,삼성전자 단기 흐름 분석해줘 #01782,stock_analysis,True,synthetic_hardfail
qa-hardfail-01783,SK하이닉스 사도 돼? #01783,stock_analysis,True,synthetic_hardfail
qa-hardfail-01784,NAVER 지금 차트 어때? #01784,stock_analysis,True,synthetic_hardfail
qa-hardfail-01785,카카오 오늘 들어가도 되는 자리야? #01785,stock_analysis,True,synthetic_hardfail
qa-hardfail-01786,현대차 단기 흐름 분석해줘 #01786,stock_analysis,True,synthetic_hardfail
qa-hardfail-01787,LG에너지솔루션 사도 돼? #01787,stock_analysis,True,synthetic_hardfail
qa-hardfail-01788,삼성전자 지금 차트 어때? #01788,stock_analysis,True,synthetic_hardfail
qa-hardfail-01789,SK하이닉스 오늘 들어가도 되는 자리야? #01789,stock_analysis,True,synthetic_hardfail
qa-hardfail-01790,NAVER 단기 흐름 분석해줘 #01790,stock_analysis,True,synthetic_hardfail
qa-hardfail-01791,카카오 사도 돼? #01791,stock_analysis,True,synthetic_hardfail
qa-hardfail-01792,현대차 지금 차트 어때? #01792,stock_analysis,True,synthetic_hardfail
qa-hardfail-01793,LG에너지솔루션 오늘 들어가도 되는 자리야? #01793,stock_analysis,True,synthetic_hardfail
qa-hardfail-01794,삼성전자 단기 흐름 분석해줘 #01794,stock_analysis,True,synthetic_hardfail
qa-hardfail-01795,SK하이닉스 사도 돼? #01795,stock_analysis,True,synthetic_hardfail
qa-hardfail-01796,NAVER 지금 차트 어때? #01796,stock_analysis,True,synthetic_hardfail
qa-hardfail-01797,카카오 오늘 들어가도 되는 자리야? #01797,stock_analysis,True,synthetic_hardfail
qa-hardfail-01798,현대차 단기 흐름 분석해줘 #01798,stock_analysis,True,synthetic_hardfail
qa-hardfail-01799,LG에너지솔루션 사도 돼? #01799,stock_analysis,True,synthetic_hardfail
qa-hardfail-01800,삼성전자 지금 차트 어때? #01800,stock_analysis,True,synthetic_hardfail
qa-hardfail-01801,SK하이닉스 오늘 들어가도 되는 자리야? #01801,stock_analysis,True,synthetic_hardfail
qa-hardfail-01802,NAVER 단기 흐름 분석해줘 #01802,stock_analysis,True,synthetic_hardfail
qa-hardfail-01803,카카오 사도 돼? #01803,stock_analysis,True,synthetic_hardfail
qa-hardfail-01804,현대차 지금 차트 어때? #01804,stock_analysis,True,synthetic_hardfail
qa-hardfail-01805,LG에너지솔루션 오늘 들어가도 되는 자리야? #01805,stock_analysis,True,synthetic_hardfail
qa-hardfail-01806,삼성전자 단기 흐름 분석해줘 #01806,stock_analysis,True,synthetic_hardfail
qa-hardfail-01807,SK하이닉스 사도 돼? #01807,stock_analysis,True,synthetic_hardfail
qa-hardfail-01808,NAVER 지금 차트 어때? #01808,stock_analysis,True,synthetic_hardfail
qa-hardfail-01809,카카오 오늘 들어가도 되는 자리야? #01809,stock_analysis,True,synthetic_hardfail
qa-hardfail-01810,현대차 단기 흐름 분석해줘 #01810,stock_analysis,True,synthetic_hardfail
qa-hardfail-01811,LG에너지솔루션 사도 돼? #01811,stock_analysis,True,synthetic_hardfail
qa-hardfail-01812,삼성전자 지금 차트 어때? #01812,stock_analysis,True,synthetic_hardfail
qa-hardfail-01813,SK하이닉스 오늘 들어가도 되는 자리야? #01813,stock_analysis,True,synthetic_hardfail
qa-hardfail-01814,NAVER 단기 흐름 분석해줘 #01814,stock_analysis,True,synthetic_hardfail
qa-hardfail-01815,카카오 사도 돼? #01815,stock_analysis,True,synthetic_hardfail
qa-hardfail-01816,현대차 지금 차트 어때? #01816,stock_analysis,True,synthetic_hardfail
qa-hardfail-01817,LG에너지솔루션 오늘 들어가도 되는 자리야? #01817,stock_analysis,True,synthetic_hardfail
qa-hardfail-01818,삼성전자 단기 흐름 분석해줘 #01818,stock_analysis,True,synthetic_hardfail
qa-hardfail-01819,SK하이닉스 사도 돼? #01819,stock_analysis,True,synthetic_hardfail
qa-hardfail-01820,NAVER 지금 차트 어때? #01820,stock_analysis,True,synthetic_hardfail
qa-hardfail-01821,카카오 오늘 들어가도 되는 자리야? #01821,stock_analysis,True,synthetic_hardfail
qa-hardfail-01822,현대차 단기 흐름 분석해줘 #01822,stock_analysis,True,synthetic_hardfail
qa-hardfail-01823,LG에너지솔루션 사도 돼? #01823,stock_analysis,True,synthetic_hardfail
qa-hardfail-01824,삼성전자 지금 차트 어때? #01824,stock_analysis,True,synthetic_hardfail
qa-hardfail-01825,SK하이닉스 오늘 들어가도 되는 자리야? #01825,stock_analysis,True,synthetic_hardfail
qa-hardfail-01826,NAVER 단기 흐름 분석해줘 #01826,stock_analysis,True,synthetic_hardfail
qa-hardfail-01827,카카오 사도 돼? #01827,stock_analysis,True,synthetic_hardfail
qa-hardfail-01828,현대차 지금 차트 어때? #01828,stock_analysis,True,synthetic_hardfail
qa-hardfail-01829,LG에너지솔루션 오늘 들어가도 되는 자리야? #01829,stock_analysis,True,synthetic_hardfail
qa-hardfail-01830,삼성전자 단기 흐름 분석해줘 #01830,stock_analysis,True,synthetic_hardfail
qa-hardfail-01831,SK하이닉스 사도 돼? #01831,stock_analysis,True,synthetic_hardfail
qa-hardfail-01832,NAVER 지금 차트 어때? #01832,stock_analysis,True,synthetic_hardfail
qa-hardfail-01833,카카오 오늘 들어가도 되는 자리야? #01833,stock_analysis,True,synthetic_hardfail
qa-hardfail-01834,현대차 단기 흐름 분석해줘 #01834,stock_analysis,True,synthetic_hardfail
qa-hardfail-01835,LG에너지솔루션 사도 돼? #01835,stock_analysis,True,synthetic_hardfail
qa-hardfail-01836,삼성전자 지금 차트 어때? #01836,stock_analysis,True,synthetic_hardfail
qa-hardfail-01837,SK하이닉스 오늘 들어가도 되는 자리야? #01837,stock_analysis,True,synthetic_hardfail
qa-hardfail-01838,NAVER 단기 흐름 분석해줘 #01838,stock_analysis,True,synthetic_hardfail
qa-hardfail-01839,카카오 사도 돼? #01839,stock_analysis,True,synthetic_hardfail
qa-hardfail-01840,현대차 지금 차트 어때? #01840,stock_analysis,True,synthetic_hardfail
qa-hardfail-01841,LG에너지솔루션 오늘 들어가도 되는 자리야? #01841,stock_analysis,True,synthetic_hardfail
qa-hardfail-01842,삼성전자 단기 흐름 분석해줘 #01842,stock_analysis,True,synthetic_hardfail
qa-hardfail-01843,SK하이닉스 사도 돼? #01843,stock_analysis,True,synthetic_hardfail
qa-hardfail-01844,NAVER 지금 차트 어때? #01844,stock_analysis,True,synthetic_hardfail
qa-hardfail-01845,카카오 오늘 들어가도 되는 자리야? #01845,stock_analysis,True,synthetic_hardfail
qa-hardfail-01846,현대차 단기 흐름 분석해줘 #01846,stock_analysis,True,synthetic_hardfail
qa-hardfail-01847,LG에너지솔루션 사도 돼? #01847,stock_analysis,True,synthetic_hardfail
qa-hardfail-01848,삼성전자 지금 차트 어때? #01848,stock_analysis,True,synthetic_hardfail
qa-hardfail-01849,SK하이닉스 오늘 들어가도 되는 자리야? #01849,stock_analysis,True,synthetic_hardfail
qa-hardfail-01850,NAVER 단기 흐름 분석해줘 #01850,stock_analysis,True,synthetic_hardfail
qa-hardfail-01851,카카오 사도 돼? #01851,stock_analysis,True,synthetic_hardfail
qa-hardfail-01852,현대차 지금 차트 어때? #01852,stock_analysis,True,synthetic_hardfail
qa-hardfail-01853,LG에너지솔루션 오늘 들어가도 되는 자리야? #01853,stock_analysis,True,synthetic_hardfail
qa-hardfail-01854,삼성전자 단기 흐름 분석해줘 #01854,stock_analysis,True,synthetic_hardfail
qa-hardfail-01855,SK하이닉스 사도 돼? #01855,stock_analysis,True,synthetic_hardfail
qa-hardfail-01856,NAVER 지금 차트 어때? #01856,stock_analysis,True,synthetic_hardfail
qa-hardfail-01857,카카오 오늘 들어가도 되는 자리야? #01857,stock_analysis,True,synthetic_hardfail
qa-hardfail-01858,현대차 단기 흐름 분석해줘 #01858,stock_analysis,True,synthetic_hardfail
qa-hardfail-01859,LG에너지솔루션 사도 돼? #01859,stock_analysis,True,synthetic_hardfail
qa-hardfail-01860,삼성전자 지금 차트 어때? #01860,stock_analysis,True,synthetic_hardfail
qa-hardfail-01861,SK하이닉스 오늘 들어가도 되는 자리야? #01861,stock_analysis,True,synthetic_hardfail
qa-hardfail-01862,NAVER 단기 흐름 분석해줘 #01862,stock_analysis,True,synthetic_hardfail
qa-hardfail-01863,카카오 사도 돼? #01863,stock_analysis,True,synthetic_hardfail
qa-hardfail-01864,현대차 지금 차트 어때? #01864,stock_analysis,True,synthetic_hardfail
qa-hardfail-01865,LG에너지솔루션 오늘 들어가도 되는 자리야? #01865,stock_analysis,True,synthetic_hardfail
qa-hardfail-01866,삼성전자 단기 흐름 분석해줘 #01866,stock_analysis,True,synthetic_hardfail
qa-hardfail-01867,SK하이닉스 사도 돼? #01867,stock_analysis,True,synthetic_hardfail
qa-hardfail-01868,NAVER 지금 차트 어때? #01868,stock_analysis,True,synthetic_hardfail
qa-hardfail-01869,카카오 오늘 들어가도 되는 자리야? #01869,stock_analysis,True,synthetic_hardfail
qa-hardfail-01870,현대차 단기 흐름 분석해줘 #01870,stock_analysis,True,synthetic_hardfail
qa-hardfail-01871,LG에너지솔루션 사도 돼? #01871,stock_analysis,True,synthetic_hardfail
qa-hardfail-01872,삼성전자 지금 차트 어때? #01872,stock_analysis,True,synthetic_hardfail
qa-hardfail-01873,SK하이닉스 오늘 들어가도 되는 자리야? #01873,stock_analysis,True,synthetic_hardfail
qa-hardfail-01874,NAVER 단기 흐름 분석해줘 #01874,stock_analysis,True,synthetic_hardfail
qa-hardfail-01875,카카오 사도 돼? #01875,stock_analysis,True,synthetic_hardfail
qa-hardfail-01876,현대차 지금 차트 어때? #01876,stock_analysis,True,synthetic_hardfail
qa-hardfail-01877,LG에너지솔루션 오늘 들어가도 되는 자리야? #01877,stock_analysis,True,synthetic_hardfail
qa-hardfail-01878,삼성전자 단기 흐름 분석해줘 #01878,stock_analysis,True,synthetic_hardfail
qa-hardfail-01879,SK하이닉스 사도 돼? #01879,stock_analysis,True,synthetic_hardfail
qa-hardfail-01880,NAVER 지금 차트 어때? #01880,stock_analysis,True,synthetic_hardfail
qa-hardfail-01881,카카오 오늘 들어가도 되는 자리야? #01881,stock_analysis,True,synthetic_hardfail
qa-hardfail-01882,현대차 단기 흐름 분석해줘 #01882,stock_analysis,True,synthetic_hardfail
qa-hardfail-01883,LG에너지솔루션 사도 돼? #01883,stock_analysis,True,synthetic_hardfail
qa-hardfail-01884,삼성전자 지금 차트 어때? #01884,stock_analysis,True,synthetic_hardfail
qa-hardfail-01885,SK하이닉스 오늘 들어가도 되는 자리야? #01885,stock_analysis,True,synthetic_hardfail
qa-hardfail-01886,NAVER 단기 흐름 분석해줘 #01886,stock_analysis,True,synthetic_hardfail
qa-hardfail-01887,카카오 사도 돼? #01887,stock_analysis,True,synthetic_hardfail
qa-hardfail-01888,현대차 지금 차트 어때? #01888,stock_analysis,True,synthetic_hardfail
qa-hardfail-01889,LG에너지솔루션 오늘 들어가도 되는 자리야? #01889,stock_analysis,True,synthetic_hardfail
qa-hardfail-01890,삼성전자 단기 흐름 분석해줘 #01890,stock_analysis,True,synthetic_hardfail
qa-hardfail-01891,SK하이닉스 사도 돼? #01891,stock_analysis,True,synthetic_hardfail
qa-hardfail-01892,NAVER 지금 차트 어때? #01892,stock_analysis,True,synthetic_hardfail
qa-hardfail-01893,카카오 오늘 들어가도 되는 자리야? #01893,stock_analysis,True,synthetic_hardfail
qa-hardfail-01894,현대차 단기 흐름 분석해줘 #01894,stock_analysis,True,synthetic_hardfail
qa-hardfail-01895,LG에너지솔루션 사도 돼? #01895,stock_analysis,True,synthetic_hardfail
qa-hardfail-01896,삼성전자 지금 차트 어때? #01896,stock_analysis,True,synthetic_hardfail
qa-hardfail-01897,SK하이닉스 오늘 들어가도 되는 자리야? #01897,stock_analysis,True,synthetic_hardfail
qa-hardfail-01898,NAVER 단기 흐름 분석해줘 #01898,stock_analysis,True,synthetic_hardfail
qa-hardfail-01899,카카오 사도 돼? #01899,stock_analysis,True,synthetic_hardfail
qa-hardfail-01900,현대차 지금 차트 어때? #01900,stock_analysis,True,synthetic_hardfail
qa-hardfail-01901,LG에너지솔루션 오늘 들어가도 되는 자리야? #01901,stock_analysis,True,synthetic_hardfail
qa-hardfail-01902,삼성전자 단기 흐름 분석해줘 #01902,stock_analysis,True,synthetic_hardfail
qa-hardfail-01903,SK하이닉스 사도 돼? #01903,stock_analysis,True,synthetic_hardfail
qa-hardfail-01904,NAVER 지금 차트 어때? #01904,stock_analysis,True,synthetic_hardfail
qa-hardfail-01905,카카오 오늘 들어가도 되는 자리야? #01905,stock_analysis,True,synthetic_hardfail
qa-hardfail-01906,현대차 단기 흐름 분석해줘 #01906,stock_analysis,True,synthetic_hardfail
qa-hardfail-01907,LG에너지솔루션 사도 돼? #01907,stock_analysis,True,synthetic_hardfail
qa-hardfail-01908,삼성전자 지금 차트 어때? #01908,stock_analysis,True,synthetic_hardfail
qa-hardfail-01909,SK하이닉스 오늘 들어가도 되는 자리야? #01909,stock_analysis,True,synthetic_hardfail
qa-hardfail-01910,NAVER 단기 흐름 분석해줘 #01910,stock_analysis,True,synthetic_hardfail
qa-hardfail-01911,카카오 사도 돼? #01911,stock_analysis,True,synthetic_hardfail
qa-hardfail-01912,현대차 지금 차트 어때? #01912,stock_analysis,True,synthetic_hardfail
qa-hardfail-01913,LG에너지솔루션 오늘 들어가도 되는 자리야? #01913,stock_analysis,True,synthetic_hardfail
qa-hardfail-01914,삼성전자 단기 흐름 분석해줘 #01914,stock_analysis,True,synthetic_hardfail
qa-hardfail-01915,SK하이닉스 사도 돼? #01915,stock_analysis,True,synthetic_hardfail
qa-hardfail-01916,NAVER 지금 차트 어때? #01916,stock_analysis,True,synthetic_hardfail
qa-hardfail-01917,카카오 오늘 들어가도 되는 자리야? #01917,stock_analysis,True,synthetic_hardfail
qa-hardfail-01918,현대차 단기 흐름 분석해줘 #01918,stock_analysis,True,synthetic_hardfail
qa-hardfail-01919,LG에너지솔루션 사도 돼? #01919,stock_analysis,True,synthetic_hardfail
qa-hardfail-01920,삼성전자 지금 차트 어때? #01920,stock_analysis,True,synthetic_hardfail
qa-hardfail-01921,SK하이닉스 오늘 들어가도 되는 자리야? #01921,stock_analysis,True,synthetic_hardfail
qa-hardfail-01922,NAVER 단기 흐름 분석해줘 #01922,stock_analysis,True,synthetic_hardfail
qa-hardfail-01923,카카오 사도 돼? #01923,stock_analysis,True,synthetic_hardfail
qa-hardfail-01924,현대차 지금 차트 어때? #01924,stock_analysis,True,synthetic_hardfail
qa-hardfail-01925,LG에너지솔루션 오늘 들어가도 되는 자리야? #01925,stock_analysis,True,synthetic_hardfail
qa-hardfail-01926,삼성전자 단기 흐름 분석해줘 #01926,stock_analysis,True,synthetic_hardfail
qa-hardfail-01927,SK하이닉스 사도 돼? #01927,stock_analysis,True,synthetic_hardfail
qa-hardfail-01928,NAVER 지금 차트 어때? #01928,stock_analysis,True,synthetic_hardfail
qa-hardfail-01929,카카오 오늘 들어가도 되는 자리야? #01929,stock_analysis,True,synthetic_hardfail
qa-hardfail-01930,현대차 단기 흐름 분석해줘 #01930,stock_analysis,True,synthetic_hardfail
qa-hardfail-01931,LG에너지솔루션 사도 돼? #01931,stock_analysis,True,synthetic_hardfail
qa-hardfail-01932,삼성전자 지금 차트 어때? #01932,stock_analysis,True,synthetic_hardfail
qa-hardfail-01933,SK하이닉스 오늘 들어가도 되는 자리야? #01933,stock_analysis,True,synthetic_hardfail
qa-hardfail-01934,NAVER 단기 흐름 분석해줘 #01934,stock_analysis,True,synthetic_hardfail
qa-hardfail-01935,카카오 사도 돼? #01935,stock_analysis,True,synthetic_hardfail
qa-hardfail-01936,현대차 지금 차트 어때? #01936,stock_analysis,True,synthetic_hardfail
qa-hardfail-01937,LG에너지솔루션 오늘 들어가도 되는 자리야? #01937,stock_analysis,True,synthetic_hardfail
qa-hardfail-01938,삼성전자 단기 흐름 분석해줘 #01938,stock_analysis,True,synthetic_hardfail
qa-hardfail-01939,SK하이닉스 사도 돼? #01939,stock_analysis,True,synthetic_hardfail
qa-hardfail-01940,NAVER 지금 차트 어때? #01940,stock_analysis,True,synthetic_hardfail
qa-hardfail-01941,카카오 오늘 들어가도 되는 자리야? #01941,stock_analysis,True,synthetic_hardfail
qa-hardfail-01942,현대차 단기 흐름 분석해줘 #01942,stock_analysis,True,synthetic_hardfail
qa-hardfail-01943,LG에너지솔루션 사도 돼? #01943,stock_analysis,True,synthetic_hardfail
qa-hardfail-01944,삼성전자 지금 차트 어때? #01944,stock_analysis,True,synthetic_hardfail
qa-hardfail-01945,SK하이닉스 오늘 들어가도 되는 자리야? #01945,stock_analysis,True,synthetic_hardfail
qa-hardfail-01946,NAVER 단기 흐름 분석해줘 #01946,stock_analysis,True,synthetic_hardfail
qa-hardfail-01947,카카오 사도 돼? #01947,stock_analysis,True,synthetic_hardfail
qa-hardfail-01948,현대차 지금 차트 어때? #01948,stock_analysis,True,synthetic_hardfail
qa-hardfail-01949,LG에너지솔루션 오늘 들어가도 되는 자리야? #01949,stock_analysis,True,synthetic_hardfail
qa-hardfail-01950,삼성전자 단기 흐름 분석해줘 #01950,stock_analysis,True,synthetic_hardfail
qa-hardfail-01951,SK하이닉스 사도 돼? #01951,stock_analysis,True,synthetic_hardfail
qa-hardfail-01952,NAVER 지금 차트 어때? #01952,stock_analysis,True,synthetic_hardfail
qa-hardfail-01953,카카오 오늘 들어가도 되는 자리야? #01953,stock_analysis,True,synthetic_hardfail
qa-hardfail-01954,현대차 단기 흐름 분석해줘 #01954,stock_analysis,True,synthetic_hardfail
qa-hardfail-01955,LG에너지솔루션 사도 돼? #01955,stock_analysis,True,synthetic_hardfail
qa-hardfail-01956,삼성전자 지금 차트 어때? #01956,stock_analysis,True,synthetic_hardfail
qa-hardfail-01957,SK하이닉스 오늘 들어가도 되는 자리야? #01957,stock_analysis,True,synthetic_hardfail
qa-hardfail-01958,NAVER 단기 흐름 분석해줘 #01958,stock_analysis,True,synthetic_hardfail
qa-hardfail-01959,카카오 사도 돼? #01959,stock_analysis,True,synthetic_hardfail
qa-hardfail-01960,현대차 지금 차트 어때? #01960,stock_analysis,True,synthetic_hardfail
qa-hardfail-01961,LG에너지솔루션 오늘 들어가도 되는 자리야? #01961,stock_analysis,True,synthetic_hardfail
qa-hardfail-01962,삼성전자 단기 흐름 분석해줘 #01962,stock_analysis,True,synthetic_hardfail
qa-hardfail-01963,SK하이닉스 사도 돼? #01963,stock_analysis,True,synthetic_hardfail
qa-hardfail-01964,NAVER 지금 차트 어때? #01964,stock_analysis,True,synthetic_hardfail
qa-hardfail-01965,카카오 오늘 들어가도 되는 자리야? #01965,stock_analysis,True,synthetic_hardfail
qa-hardfail-01966,현대차 단기 흐름 분석해줘 #01966,stock_analysis,True,synthetic_hardfail
qa-hardfail-01967,LG에너지솔루션 사도 돼? #01967,stock_analysis,True,synthetic_hardfail
qa-hardfail-01968,삼성전자 지금 차트 어때? #01968,stock_analysis,True,synthetic_hardfail
qa-hardfail-01969,SK하이닉스 오늘 들어가도 되는 자리야? #01969,stock_analysis,True,synthetic_hardfail
qa-hardfail-01970,NAVER 단기 흐름 분석해줘 #01970,stock_analysis,True,synthetic_hardfail
qa-hardfail-01971,카카오 사도 돼? #01971,stock_analysis,True,synthetic_hardfail
qa-hardfail-01972,현대차 지금 차트 어때? #01972,stock_analysis,True,synthetic_hardfail
qa-hardfail-01973,LG에너지솔루션 오늘 들어가도 되는 자리야? #01973,stock_analysis,True,synthetic_hardfail
qa-hardfail-01974,삼성전자 단기 흐름 분석해줘 #01974,stock_analysis,True,synthetic_hardfail
qa-hardfail-01975,SK하이닉스 사도 돼? #01975,stock_analysis,True,synthetic_hardfail
qa-hardfail-01976,NAVER 지금 차트 어때? #01976,stock_analysis,True,synthetic_hardfail
qa-hardfail-01977,카카오 오늘 들어가도 되는 자리야? #01977,stock_analysis,True,synthetic_hardfail
qa-hardfail-01978,현대차 단기 흐름 분석해줘 #01978,stock_analysis,True,synthetic_hardfail
qa-hardfail-01979,LG에너지솔루션 사도 돼? #01979,stock_analysis,True,synthetic_hardfail
qa-hardfail-01980,삼성전자 지금 차트 어때? #01980,stock_analysis,True,synthetic_hardfail
qa-hardfail-01981,SK하이닉스 오늘 들어가도 되는 자리야? #01981,stock_analysis,True,synthetic_hardfail
qa-hardfail-01982,NAVER 단기 흐름 분석해줘 #01982,stock_analysis,True,synthetic_hardfail
qa-hardfail-01983,카카오 사도 돼? #01983,stock_analysis,True,synthetic_hardfail
qa-hardfail-01984,현대차 지금 차트 어때? #01984,stock_analysis,True,synthetic_hardfail
qa-hardfail-01985,LG에너지솔루션 오늘 들어가도 되는 자리야? #01985,stock_analysis,True,synthetic_hardfail
qa-hardfail-01986,삼성전자 단기 흐름 분석해줘 #01986,stock_analysis,True,synthetic_hardfail
qa-hardfail-01987,SK하이닉스 사도 돼? #01987,stock_analysis,True,synthetic_hardfail
qa-hardfail-01988,NAVER 지금 차트 어때? #01988,stock_analysis,True,synthetic_hardfail
qa-hardfail-01989,카카오 오늘 들어가도 되는 자리야? #01989,stock_analysis,True,synthetic_hardfail
qa-hardfail-01990,현대차 단기 흐름 분석해줘 #01990,stock_analysis,True,synthetic_hardfail
qa-hardfail-01991,LG에너지솔루션 사도 돼? #01991,stock_analysis,True,synthetic_hardfail
qa-hardfail-01992,삼성전자 지금 차트 어때? #01992,stock_analysis,True,synthetic_hardfail
qa-hardfail-01993,SK하이닉스 오늘 들어가도 되는 자리야? #01993,stock_analysis,True,synthetic_hardfail
qa-hardfail-01994,NAVER 단기 흐름 분석해줘 #01994,stock_analysis,True,synthetic_hardfail
qa-hardfail-01995,카카오 사도 돼? #01995,stock_analysis,True,synthetic_hardfail
qa-hardfail-01996,현대차 지금 차트 어때? #01996,stock_analysis,True,synthetic_hardfail
qa-hardfail-01997,LG에너지솔루션 오늘 들어가도 되는 자리야? #01997,stock_analysis,True,synthetic_hardfail
qa-hardfail-01998,삼성전자 단기 흐름 분석해줘 #01998,stock_analysis,True,synthetic_hardfail
qa-hardfail-01999,SK하이닉스 사도 돼? #01999,stock_analysis,True,synthetic_hardfail
qa-hardfail-02000,NAVER 지금 차트 어때? #02000,stock_analysis,True,synthetic_hardfail
qa-hardfail-02001,카카오 오늘 들어가도 되는 자리야? #02001,stock_analysis,True,synthetic_hardfail
qa-hardfail-02002,현대차 단기 흐름 분석해줘 #02002,stock_analysis,True,synthetic_hardfail
qa-hardfail-02003,LG에너지솔루션 사도 돼? #02003,stock_analysis,True,synthetic_hardfail
qa-hardfail-02004,삼성전자 지금 차트 어때? #02004,stock_analysis,True,synthetic_hardfail
qa-hardfail-02005,SK하이닉스 오늘 들어가도 되는 자리야? #02005,stock_analysis,True,synthetic_hardfail
qa-hardfail-02006,NAVER 단기 흐름 분석해줘 #02006,stock_analysis,True,synthetic_hardfail
qa-hardfail-02007,카카오 사도 돼? #02007,stock_analysis,True,synthetic_hardfail
qa-hardfail-02008,현대차 지금 차트 어때? #02008,stock_analysis,True,synthetic_hardfail
qa-hardfail-02009,LG에너지솔루션 오늘 들어가도 되는 자리야? #02009,stock_analysis,True,synthetic_hardfail
qa-hardfail-02010,삼성전자 단기 흐름 분석해줘 #02010,stock_analysis,True,synthetic_hardfail
qa-hardfail-02011,SK하이닉스 사도 돼? #02011,stock_analysis,True,synthetic_hardfail
qa-hardfail-02012,NAVER 지금 차트 어때? #02012,stock_analysis,True,synthetic_hardfail
qa-hardfail-02013,카카오 오늘 들어가도 되는 자리야? #02013,stock_analysis,True,synthetic_hardfail
qa-hardfail-02014,현대차 단기 흐름 분석해줘 #02014,stock_analysis,True,synthetic_hardfail
qa-hardfail-02015,LG에너지솔루션 사도 돼? #02015,stock_analysis,True,synthetic_hardfail
qa-hardfail-02016,삼성전자 지금 차트 어때? #02016,stock_analysis,True,synthetic_hardfail
qa-hardfail-02017,SK하이닉스 오늘 들어가도 되는 자리야? #02017,stock_analysis,True,synthetic_hardfail
qa-hardfail-02018,NAVER 단기 흐름 분석해줘 #02018,stock_analysis,True,synthetic_hardfail
qa-hardfail-02019,카카오 사도 돼? #02019,stock_analysis,True,synthetic_hardfail
qa-hardfail-02020,현대차 지금 차트 어때? #02020,stock_analysis,True,synthetic_hardfail
qa-hardfail-02021,LG에너지솔루션 오늘 들어가도 되는 자리야? #02021,stock_analysis,True,synthetic_hardfail
qa-hardfail-02022,삼성전자 단기 흐름 분석해줘 #02022,stock_analysis,True,synthetic_hardfail
qa-hardfail-02023,SK하이닉스 사도 돼? #02023,stock_analysis,True,synthetic_hardfail
qa-hardfail-02024,NAVER 지금 차트 어때? #02024,stock_analysis,True,synthetic_hardfail
qa-hardfail-02025,카카오 오늘 들어가도 되는 자리야? #02025,stock_analysis,True,synthetic_hardfail
qa-hardfail-02026,현대차 단기 흐름 분석해줘 #02026,stock_analysis,True,synthetic_hardfail
qa-hardfail-02027,LG에너지솔루션 사도 돼? #02027,stock_analysis,True,synthetic_hardfail
qa-hardfail-02028,삼성전자 지금 차트 어때? #02028,stock_analysis,True,synthetic_hardfail
qa-hardfail-02029,SK하이닉스 오늘 들어가도 되는 자리야? #02029,stock_analysis,True,synthetic_hardfail
qa-hardfail-02030,NAVER 단기 흐름 분석해줘 #02030,stock_analysis,True,synthetic_hardfail
qa-hardfail-02031,카카오 사도 돼? #02031,stock_analysis,True,synthetic_hardfail
qa-hardfail-02032,현대차 지금 차트 어때? #02032,stock_analysis,True,synthetic_hardfail
qa-hardfail-02033,LG에너지솔루션 오늘 들어가도 되는 자리야? #02033,stock_analysis,True,synthetic_hardfail
qa-hardfail-02034,삼성전자 단기 흐름 분석해줘 #02034,stock_analysis,True,synthetic_hardfail
qa-hardfail-02035,SK하이닉스 사도 돼? #02035,stock_analysis,True,synthetic_hardfail
qa-hardfail-02036,NAVER 지금 차트 어때? #02036,stock_analysis,True,synthetic_hardfail
qa-hardfail-02037,카카오 오늘 들어가도 되는 자리야? #02037,stock_analysis,True,synthetic_hardfail
qa-hardfail-02038,현대차 단기 흐름 분석해줘 #02038,stock_analysis,True,synthetic_hardfail
qa-hardfail-02039,LG에너지솔루션 사도 돼? #02039,stock_analysis,True,synthetic_hardfail
qa-hardfail-02040,삼성전자 지금 차트 어때? #02040,stock_analysis,True,synthetic_hardfail
qa-hardfail-02041,SK하이닉스 오늘 들어가도 되는 자리야? #02041,stock_analysis,True,synthetic_hardfail
qa-hardfail-02042,NAVER 단기 흐름 분석해줘 #02042,stock_analysis,True,synthetic_hardfail
qa-hardfail-02043,카카오 사도 돼? #02043,stock_analysis,True,synthetic_hardfail
qa-hardfail-02044,현대차 지금 차트 어때? #02044,stock_analysis,True,synthetic_hardfail
qa-hardfail-02045,LG에너지솔루션 오늘 들어가도 되는 자리야? #02045,stock_analysis,True,synthetic_hardfail
qa-hardfail-02046,삼성전자 단기 흐름 분석해줘 #02046,stock_analysis,True,synthetic_hardfail
qa-hardfail-02047,SK하이닉스 사도 돼? #02047,stock_analysis,True,synthetic_hardfail
qa-hardfail-02048,NAVER 지금 차트 어때? #02048,stock_analysis,True,synthetic_hardfail
qa-hardfail-02049,카카오 오늘 들어가도 되는 자리야? #02049,stock_analysis,True,synthetic_hardfail
qa-hardfail-02050,현대차 단기 흐름 분석해줘 #02050,stock_analysis,True,synthetic_hardfail
qa-hardfail-02051,LG에너지솔루션 사도 돼? #02051,stock_analysis,True,synthetic_hardfail
qa-hardfail-02052,삼성전자 지금 차트 어때? #02052,stock_analysis,True,synthetic_hardfail
qa-hardfail-02053,SK하이닉스 오늘 들어가도 되는 자리야? #02053,stock_analysis,True,synthetic_hardfail
qa-hardfail-02054,NAVER 단기 흐름 분석해줘 #02054,stock_analysis,True,synthetic_hardfail
qa-hardfail-02055,카카오 사도 돼? #02055,stock_analysis,True,synthetic_hardfail
qa-hardfail-02056,현대차 지금 차트 어때? #02056,stock_analysis,True,synthetic_hardfail
qa-hardfail-02057,LG에너지솔루션 오늘 들어가도 되는 자리야? #02057,stock_analysis,True,synthetic_hardfail
qa-hardfail-02058,삼성전자 단기 흐름 분석해줘 #02058,stock_analysis,True,synthetic_hardfail
qa-hardfail-02059,SK하이닉스 사도 돼? #02059,stock_analysis,True,synthetic_hardfail
qa-hardfail-02060,NAVER 지금 차트 어때? #02060,stock_analysis,True,synthetic_hardfail
qa-hardfail-02061,카카오 오늘 들어가도 되는 자리야? #02061,stock_analysis,True,synthetic_hardfail
qa-hardfail-02062,현대차 단기 흐름 분석해줘 #02062,stock_analysis,True,synthetic_hardfail
qa-hardfail-02063,LG에너지솔루션 사도 돼? #02063,stock_analysis,True,synthetic_hardfail
qa-hardfail-02064,삼성전자 지금 차트 어때? #02064,stock_analysis,True,synthetic_hardfail
qa-hardfail-02065,SK하이닉스 오늘 들어가도 되는 자리야? #02065,stock_analysis,True,synthetic_hardfail
qa-hardfail-02066,NAVER 단기 흐름 분석해줘 #02066,stock_analysis,True,synthetic_hardfail
qa-hardfail-02067,카카오 사도 돼? #02067,stock_analysis,True,synthetic_hardfail
qa-hardfail-02068,현대차 지금 차트 어때? #02068,stock_analysis,True,synthetic_hardfail
qa-hardfail-02069,LG에너지솔루션 오늘 들어가도 되는 자리야? #02069,stock_analysis,True,synthetic_hardfail
qa-hardfail-02070,삼성전자 단기 흐름 분석해줘 #02070,stock_analysis,True,synthetic_hardfail
qa-hardfail-02071,SK하이닉스 사도 돼? #02071,stock_analysis,True,synthetic_hardfail
qa-hardfail-02072,NAVER 지금 차트 어때? #02072,stock_analysis,True,synthetic_hardfail
qa-hardfail-02073,카카오 오늘 들어가도 되는 자리야? #02073,stock_analysis,True,synthetic_hardfail
qa-hardfail-02074,현대차 단기 흐름 분석해줘 #02074,stock_analysis,True,synthetic_hardfail
qa-hardfail-02075,LG에너지솔루션 사도 돼? #02075,stock_analysis,True,synthetic_hardfail
qa-hardfail-02076,삼성전자 지금 차트 어때? #02076,stock_analysis,True,synthetic_hardfail
qa-hardfail-02077,SK하이닉스 오늘 들어가도 되는 자리야? #02077,stock_analysis,True,synthetic_hardfail
qa-hardfail-02078,NAVER 단기 흐름 분석해줘 #02078,stock_analysis,True,synthetic_hardfail
qa-hardfail-02079,카카오 사도 돼? #02079,stock_analysis,True,synthetic_hardfail
qa-hardfail-02080,현대차 지금 차트 어때? #02080,stock_analysis,True,synthetic_hardfail
qa-hardfail-02081,LG에너지솔루션 오늘 들어가도 되는 자리야? #02081,stock_analysis,True,synthetic_hardfail
qa-hardfail-02082,삼성전자 단기 흐름 분석해줘 #02082,stock_analysis,True,synthetic_hardfail
qa-hardfail-02083,SK하이닉스 사도 돼? #02083,stock_analysis,True,synthetic_hardfail
qa-hardfail-02084,NAVER 지금 차트 어때? #02084,stock_analysis,True,synthetic_hardfail
qa-hardfail-02085,카카오 오늘 들어가도 되는 자리야? #02085,stock_analysis,True,synthetic_hardfail
qa-hardfail-02086,현대차 단기 흐름 분석해줘 #02086,stock_analysis,True,synthetic_hardfail
qa-hardfail-02087,LG에너지솔루션 사도 돼? #02087,stock_analysis,True,synthetic_hardfail
qa-hardfail-02088,삼성전자 지금 차트 어때? #02088,stock_analysis,True,synthetic_hardfail
qa-hardfail-02089,SK하이닉스 오늘 들어가도 되는 자리야? #02089,stock_analysis,True,synthetic_hardfail
qa-hardfail-02090,NAVER 단기 흐름 분석해줘 #02090,stock_analysis,True,synthetic_hardfail
qa-hardfail-02091,카카오 사도 돼? #02091,stock_analysis,True,synthetic_hardfail
qa-hardfail-02092,현대차 지금 차트 어때? #02092,stock_analysis,True,synthetic_hardfail
qa-hardfail-02093,LG에너지솔루션 오늘 들어가도 되는 자리야? #02093,stock_analysis,True,synthetic_hardfail
qa-hardfail-02094,삼성전자 단기 흐름 분석해줘 #02094,stock_analysis,True,synthetic_hardfail
qa-hardfail-02095,SK하이닉스 사도 돼? #02095,stock_analysis,True,synthetic_hardfail
qa-hardfail-02096,NAVER 지금 차트 어때? #02096,stock_analysis,True,synthetic_hardfail
qa-hardfail-02097,카카오 오늘 들어가도 되는 자리야? #02097,stock_analysis,True,synthetic_hardfail
qa-hardfail-02098,현대차 단기 흐름 분석해줘 #02098,stock_analysis,True,synthetic_hardfail
qa-hardfail-02099,LG에너지솔루션 사도 돼? #02099,stock_analysis,True,synthetic_hardfail
qa-hardfail-02100,삼성전자 지금 차트 어때? #02100,stock_analysis,True,synthetic_hardfail
qa-hardfail-02101,SK하이닉스 오늘 들어가도 되는 자리야? #02101,stock_analysis,True,synthetic_hardfail
qa-hardfail-02102,NAVER 단기 흐름 분석해줘 #02102,stock_analysis,True,synthetic_hardfail
qa-hardfail-02103,카카오 사도 돼? #02103,stock_analysis,True,synthetic_hardfail
qa-hardfail-02104,현대차 지금 차트 어때? #02104,stock_analysis,True,synthetic_hardfail
qa-hardfail-02105,LG에너지솔루션 오늘 들어가도 되는 자리야? #02105,stock_analysis,True,synthetic_hardfail
qa-hardfail-02106,삼성전자 단기 흐름 분석해줘 #02106,stock_analysis,True,synthetic_hardfail
qa-hardfail-02107,SK하이닉스 사도 돼? #02107,stock_analysis,True,synthetic_hardfail
qa-hardfail-02108,NAVER 지금 차트 어때? #02108,stock_analysis,True,synthetic_hardfail
qa-hardfail-02109,카카오 오늘 들어가도 되는 자리야? #02109,stock_analysis,True,synthetic_hardfail
qa-hardfail-02110,현대차 단기 흐름 분석해줘 #02110,stock_analysis,True,synthetic_hardfail
qa-hardfail-02111,LG에너지솔루션 사도 돼? #02111,stock_analysis,True,synthetic_hardfail
qa-hardfail-02112,삼성전자 지금 차트 어때? #02112,stock_analysis,True,synthetic_hardfail
qa-hardfail-02113,SK하이닉스 오늘 들어가도 되는 자리야? #02113,stock_analysis,True,synthetic_hardfail
qa-hardfail-02114,NAVER 단기 흐름 분석해줘 #02114,stock_analysis,True,synthetic_hardfail
qa-hardfail-02115,카카오 사도 돼? #02115,stock_analysis,True,synthetic_hardfail
qa-hardfail-02116,현대차 지금 차트 어때? #02116,stock_analysis,True,synthetic_hardfail
qa-hardfail-02117,LG에너지솔루션 오늘 들어가도 되는 자리야? #02117,stock_analysis,True,synthetic_hardfail
qa-hardfail-02118,삼성전자 단기 흐름 분석해줘 #02118,stock_analysis,True,synthetic_hardfail
qa-hardfail-02119,SK하이닉스 사도 돼? #02119,stock_analysis,True,synthetic_hardfail
qa-hardfail-02120,NAVER 지금 차트 어때? #02120,stock_analysis,True,synthetic_hardfail
qa-hardfail-02121,카카오 오늘 들어가도 되는 자리야? #02121,stock_analysis,True,synthetic_hardfail
qa-hardfail-02122,현대차 단기 흐름 분석해줘 #02122,stock_analysis,True,synthetic_hardfail
qa-hardfail-02123,LG에너지솔루션 사도 돼? #02123,stock_analysis,True,synthetic_hardfail
qa-hardfail-02124,삼성전자 지금 차트 어때? #02124,stock_analysis,True,synthetic_hardfail
qa-hardfail-02125,SK하이닉스 오늘 들어가도 되는 자리야? #02125,stock_analysis,True,synthetic_hardfail
qa-hardfail-02126,NAVER 단기 흐름 분석해줘 #02126,stock_analysis,True,synthetic_hardfail
qa-hardfail-02127,카카오 사도 돼? #02127,stock_analysis,True,synthetic_hardfail
qa-hardfail-02128,현대차 지금 차트 어때? #02128,stock_analysis,True,synthetic_hardfail
qa-hardfail-02129,LG에너지솔루션 오늘 들어가도 되는 자리야? #02129,stock_analysis,True,synthetic_hardfail
qa-hardfail-02130,삼성전자 단기 흐름 분석해줘 #02130,stock_analysis,True,synthetic_hardfail
qa-hardfail-02131,SK하이닉스 사도 돼? #02131,stock_analysis,True,synthetic_hardfail
qa-hardfail-02132,NAVER 지금 차트 어때? #02132,stock_analysis,True,synthetic_hardfail
qa-hardfail-02133,카카오 오늘 들어가도 되는 자리야? #02133,stock_analysis,True,synthetic_hardfail
qa-hardfail-02134,현대차 단기 흐름 분석해줘 #02134,stock_analysis,True,synthetic_hardfail
qa-hardfail-02135,LG에너지솔루션 사도 돼? #02135,stock_analysis,True,synthetic_hardfail
qa-hardfail-02136,삼성전자 지금 차트 어때? #02136,stock_analysis,True,synthetic_hardfail
qa-hardfail-02137,SK하이닉스 오늘 들어가도 되는 자리야? #02137,stock_analysis,True,synthetic_hardfail
qa-hardfail-02138,NAVER 단기 흐름 분석해줘 #02138,stock_analysis,True,synthetic_hardfail
qa-hardfail-02139,카카오 사도 돼? #02139,stock_analysis,True,synthetic_hardfail
qa-hardfail-02140,현대차 지금 차트 어때? #02140,stock_analysis,True,synthetic_hardfail
qa-hardfail-02141,LG에너지솔루션 오늘 들어가도 되는 자리야? #02141,stock_analysis,True,synthetic_hardfail
qa-hardfail-02142,삼성전자 단기 흐름 분석해줘 #02142,stock_analysis,True,synthetic_hardfail
qa-hardfail-02143,SK하이닉스 사도 돼? #02143,stock_analysis,True,synthetic_hardfail
qa-hardfail-02144,NAVER 지금 차트 어때? #02144,stock_analysis,True,synthetic_hardfail
qa-hardfail-02145,카카오 오늘 들어가도 되는 자리야? #02145,stock_analysis,True,synthetic_hardfail
qa-hardfail-02146,현대차 단기 흐름 분석해줘 #02146,stock_analysis,True,synthetic_hardfail
qa-hardfail-02147,LG에너지솔루션 사도 돼? #02147,stock_analysis,True,synthetic_hardfail
qa-hardfail-02148,삼성전자 지금 차트 어때? #02148,stock_analysis,True,synthetic_hardfail
qa-hardfail-02149,SK하이닉스 오늘 들어가도 되는 자리야? #02149,stock_analysis,True,synthetic_hardfail
qa-hardfail-02150,NAVER 단기 흐름 분석해줘 #02150,stock_analysis,True,synthetic_hardfail
qa-hardfail-02151,카카오 사도 돼? #02151,stock_analysis,True,synthetic_hardfail
qa-hardfail-02152,현대차 지금 차트 어때? #02152,stock_analysis,True,synthetic_hardfail
qa-hardfail-02153,LG에너지솔루션 오늘 들어가도 되는 자리야? #02153,stock_analysis,True,synthetic_hardfail
qa-hardfail-02154,삼성전자 단기 흐름 분석해줘 #02154,stock_analysis,True,synthetic_hardfail
qa-hardfail-02155,SK하이닉스 사도 돼? #02155,stock_analysis,True,synthetic_hardfail
qa-hardfail-02156,NAVER 지금 차트 어때? #02156,stock_analysis,True,synthetic_hardfail
qa-hardfail-02157,카카오 오늘 들어가도 되는 자리야? #02157,stock_analysis,True,synthetic_hardfail
qa-hardfail-02158,현대차 단기 흐름 분석해줘 #02158,stock_analysis,True,synthetic_hardfail
qa-hardfail-02159,LG에너지솔루션 사도 돼? #02159,stock_analysis,True,synthetic_hardfail
qa-hardfail-02160,삼성전자 지금 차트 어때? #02160,stock_analysis,True,synthetic_hardfail
qa-hardfail-02161,SK하이닉스 오늘 들어가도 되는 자리야? #02161,stock_analysis,True,synthetic_hardfail
qa-hardfail-02162,NAVER 단기 흐름 분석해줘 #02162,stock_analysis,True,synthetic_hardfail
qa-hardfail-02163,카카오 사도 돼? #02163,stock_analysis,True,synthetic_hardfail
qa-hardfail-02164,현대차 지금 차트 어때? #02164,stock_analysis,True,synthetic_hardfail
qa-hardfail-02165,LG에너지솔루션 오늘 들어가도 되는 자리야? #02165,stock_analysis,True,synthetic_hardfail
qa-hardfail-02166,삼성전자 단기 흐름 분석해줘 #02166,stock_analysis,True,synthetic_hardfail
qa-hardfail-02167,SK하이닉스 사도 돼? #02167,stock_analysis,True,synthetic_hardfail
qa-hardfail-02168,NAVER 지금 차트 어때? #02168,stock_analysis,True,synthetic_hardfail
qa-hardfail-02169,카카오 오늘 들어가도 되는 자리야? #02169,stock_analysis,True,synthetic_hardfail
qa-hardfail-02170,현대차 단기 흐름 분석해줘 #02170,stock_analysis,True,synthetic_hardfail
qa-hardfail-02171,LG에너지솔루션 사도 돼? #02171,stock_analysis,True,synthetic_hardfail
qa-hardfail-02172,삼성전자 지금 차트 어때? #02172,stock_analysis,True,synthetic_hardfail
qa-hardfail-02173,SK하이닉스 오늘 들어가도 되는 자리야? #02173,stock_analysis,True,synthetic_hardfail
qa-hardfail-02174,NAVER 단기 흐름 분석해줘 #02174,stock_analysis,True,synthetic_hardfail
qa-hardfail-02175,카카오 사도 돼? #02175,stock_analysis,True,synthetic_hardfail
qa-hardfail-02176,현대차 지금 차트 어때? #02176,stock_analysis,True,synthetic_hardfail
qa-hardfail-02177,LG에너지솔루션 오늘 들어가도 되는 자리야? #02177,stock_analysis,True,synthetic_hardfail
qa-hardfail-02178,삼성전자 단기 흐름 분석해줘 #02178,stock_analysis,True,synthetic_hardfail
qa-hardfail-02179,SK하이닉스 사도 돼? #02179,stock_analysis,True,synthetic_hardfail
qa-hardfail-02180,NAVER 지금 차트 어때? #02180,stock_analysis,True,synthetic_hardfail
qa-hardfail-02181,카카오 오늘 들어가도 되는 자리야? #02181,stock_analysis,True,synthetic_hardfail
qa-hardfail-02182,현대차 단기 흐름 분석해줘 #02182,stock_analysis,True,synthetic_hardfail
qa-hardfail-02183,LG에너지솔루션 사도 돼? #02183,stock_analysis,True,synthetic_hardfail
qa-hardfail-02184,삼성전자 지금 차트 어때? #02184,stock_analysis,True,synthetic_hardfail
qa-hardfail-02185,SK하이닉스 오늘 들어가도 되는 자리야? #02185,stock_analysis,True,synthetic_hardfail
qa-hardfail-02186,NAVER 단기 흐름 분석해줘 #02186,stock_analysis,True,synthetic_hardfail
qa-hardfail-02187,카카오 사도 돼? #02187,stock_analysis,True,synthetic_hardfail
qa-hardfail-02188,현대차 지금 차트 어때? #02188,stock_analysis,True,synthetic_hardfail
qa-hardfail-02189,LG에너지솔루션 오늘 들어가도 되는 자리야? #02189,stock_analysis,True,synthetic_hardfail
qa-hardfail-02190,삼성전자 단기 흐름 분석해줘 #02190,stock_analysis,True,synthetic_hardfail
qa-hardfail-02191,SK하이닉스 사도 돼? #02191,stock_analysis,True,synthetic_hardfail
qa-hardfail-02192,NAVER 지금 차트 어때? #02192,stock_analysis,True,synthetic_hardfail
qa-hardfail-02193,카카오 오늘 들어가도 되는 자리야? #02193,stock_analysis,True,synthetic_hardfail
qa-hardfail-02194,현대차 단기 흐름 분석해줘 #02194,stock_analysis,True,synthetic_hardfail
qa-hardfail-02195,LG에너지솔루션 사도 돼? #02195,stock_analysis,True,synthetic_hardfail
qa-hardfail-02196,삼성전자 지금 차트 어때? #02196,stock_analysis,True,synthetic_hardfail
qa-hardfail-02197,SK하이닉스 오늘 들어가도 되는 자리야? #02197,stock_analysis,True,synthetic_hardfail
qa-hardfail-02198,NAVER 단기 흐름 분석해줘 #02198,stock_analysis,True,synthetic_hardfail
qa-hardfail-02199,카카오 사도 돼? #02199,stock_analysis,True,synthetic_hardfail
qa-hardfail-02200,현대차 지금 차트 어때? #02200,stock_analysis,True,synthetic_hardfail
qa-hardfail-02201,LG에너지솔루션 오늘 들어가도 되는 자리야? #02201,stock_analysis,True,synthetic_hardfail
qa-hardfail-02202,삼성전자 단기 흐름 분석해줘 #02202,stock_analysis,True,synthetic_hardfail
qa-hardfail-02203,SK하이닉스 사도 돼? #02203,stock_analysis,True,synthetic_hardfail
qa-hardfail-02204,NAVER 지금 차트 어때? #02204,stock_analysis,True,synthetic_hardfail
qa-hardfail-02205,카카오 오늘 들어가도 되는 자리야? #02205,stock_analysis,True,synthetic_hardfail
qa-hardfail-02206,현대차 단기 흐름 분석해줘 #02206,stock_analysis,True,synthetic_hardfail
qa-hardfail-02207,LG에너지솔루션 사도 돼? #02207,stock_analysis,True,synthetic_hardfail
qa-hardfail-02208,삼성전자 지금 차트 어때? #02208,stock_analysis,True,synthetic_hardfail
qa-hardfail-02209,SK하이닉스 오늘 들어가도 되는 자리야? #02209,stock_analysis,True,synthetic_hardfail
qa-hardfail-02210,NAVER 단기 흐름 분석해줘 #02210,stock_analysis,True,synthetic_hardfail
qa-hardfail-02211,카카오 사도 돼? #02211,stock_analysis,True,synthetic_hardfail
qa-hardfail-02212,현대차 지금 차트 어때? #02212,stock_analysis,True,synthetic_hardfail
qa-hardfail-02213,LG에너지솔루션 오늘 들어가도 되는 자리야? #02213,stock_analysis,True,synthetic_hardfail
qa-hardfail-02214,삼성전자 단기 흐름 분석해줘 #02214,stock_analysis,True,synthetic_hardfail
qa-hardfail-02215,SK하이닉스 사도 돼? #02215,stock_analysis,True,synthetic_hardfail
qa-hardfail-02216,NAVER 지금 차트 어때? #02216,stock_analysis,True,synthetic_hardfail
qa-hardfail-02217,카카오 오늘 들어가도 되는 자리야? #02217,stock_analysis,True,synthetic_hardfail
qa-hardfail-02218,현대차 단기 흐름 분석해줘 #02218,stock_analysis,True,synthetic_hardfail
qa-hardfail-02219,LG에너지솔루션 사도 돼? #02219,stock_analysis,True,synthetic_hardfail
qa-hardfail-02220,삼성전자 지금 차트 어때? #02220,stock_analysis,True,synthetic_hardfail
qa-hardfail-02221,SK하이닉스 오늘 들어가도 되는 자리야? #02221,stock_analysis,True,synthetic_hardfail
qa-hardfail-02222,NAVER 단기 흐름 분석해줘 #02222,stock_analysis,True,synthetic_hardfail
qa-hardfail-02223,카카오 사도 돼? #02223,stock_analysis,True,synthetic_hardfail
qa-hardfail-02224,현대차 지금 차트 어때? #02224,stock_analysis,True,synthetic_hardfail
qa-hardfail-02225,LG에너지솔루션 오늘 들어가도 되는 자리야? #02225,stock_analysis,True,synthetic_hardfail
qa-hardfail-02226,삼성전자 단기 흐름 분석해줘 #02226,stock_analysis,True,synthetic_hardfail
qa-hardfail-02227,SK하이닉스 사도 돼? #02227,stock_analysis,True,synthetic_hardfail
qa-hardfail-02228,NAVER 지금 차트 어때? #02228,stock_analysis,True,synthetic_hardfail
qa-hardfail-02229,카카오 오늘 들어가도 되는 자리야? #02229,stock_analysis,True,synthetic_hardfail
qa-hardfail-02230,현대차 단기 흐름 분석해줘 #02230,stock_analysis,True,synthetic_hardfail
qa-hardfail-02231,LG에너지솔루션 사도 돼? #02231,stock_analysis,True,synthetic_hardfail
qa-hardfail-02232,삼성전자 지금 차트 어때? #02232,stock_analysis,True,synthetic_hardfail
qa-hardfail-02233,SK하이닉스 오늘 들어가도 되는 자리야? #02233,stock_analysis,True,synthetic_hardfail
qa-hardfail-02234,NAVER 단기 흐름 분석해줘 #02234,stock_analysis,True,synthetic_hardfail
qa-hardfail-02235,카카오 사도 돼? #02235,stock_analysis,True,synthetic_hardfail
qa-hardfail-02236,현대차 지금 차트 어때? #02236,stock_analysis,True,synthetic_hardfail
qa-hardfail-02237,LG에너지솔루션 오늘 들어가도 되는 자리야? #02237,stock_analysis,True,synthetic_hardfail
qa-hardfail-02238,삼성전자 단기 흐름 분석해줘 #02238,stock_analysis,True,synthetic_hardfail
qa-hardfail-02239,SK하이닉스 사도 돼? #02239,stock_analysis,True,synthetic_hardfail
qa-hardfail-02240,NAVER 지금 차트 어때? #02240,stock_analysis,True,synthetic_hardfail
qa-hardfail-02241,카카오 오늘 들어가도 되는 자리야? #02241,stock_analysis,True,synthetic_hardfail
qa-hardfail-02242,현대차 단기 흐름 분석해줘 #02242,stock_analysis,True,synthetic_hardfail
qa-hardfail-02243,LG에너지솔루션 사도 돼? #02243,stock_analysis,True,synthetic_hardfail
qa-hardfail-02244,삼성전자 지금 차트 어때? #02244,stock_analysis,True,synthetic_hardfail
qa-hardfail-02245,SK하이닉스 오늘 들어가도 되는 자리야? #02245,stock_analysis,True,synthetic_hardfail
qa-hardfail-02246,NAVER 단기 흐름 분석해줘 #02246,stock_analysis,True,synthetic_hardfail
qa-hardfail-02247,카카오 사도 돼? #02247,stock_analysis,True,synthetic_hardfail
qa-hardfail-02248,현대차 지금 차트 어때? #02248,stock_analysis,True,synthetic_hardfail
qa-hardfail-02249,LG에너지솔루션 오늘 들어가도 되는 자리야? #02249,stock_analysis,True,synthetic_hardfail
qa-hardfail-02250,삼성전자 단기 흐름 분석해줘 #02250,stock_analysis,True,synthetic_hardfail
qa-hardfail-02251,SK하이닉스 사도 돼? #02251,stock_analysis,True,synthetic_hardfail
qa-hardfail-02252,NAVER 지금 차트 어때? #02252,stock_analysis,True,synthetic_hardfail
qa-hardfail-02253,카카오 오늘 들어가도 되는 자리야? #02253,stock_analysis,True,synthetic_hardfail
qa-hardfail-02254,현대차 단기 흐름 분석해줘 #02254,stock_analysis,True,synthetic_hardfail
qa-hardfail-02255,LG에너지솔루션 사도 돼? #02255,stock_analysis,True,synthetic_hardfail
qa-hardfail-02256,삼성전자 지금 차트 어때? #02256,stock_analysis,True,synthetic_hardfail
qa-hardfail-02257,SK하이닉스 오늘 들어가도 되는 자리야? #02257,stock_analysis,True,synthetic_hardfail
qa-hardfail-02258,NAVER 단기 흐름 분석해줘 #02258,stock_analysis,True,synthetic_hardfail
qa-hardfail-02259,카카오 사도 돼? #02259,stock_analysis,True,synthetic_hardfail
qa-hardfail-02260,현대차 지금 차트 어때? #02260,stock_analysis,True,synthetic_hardfail
qa-hardfail-02261,LG에너지솔루션 오늘 들어가도 되는 자리야? #02261,stock_analysis,True,synthetic_hardfail
qa-hardfail-02262,삼성전자 단기 흐름 분석해줘 #02262,stock_analysis,True,synthetic_hardfail
qa-hardfail-02263,SK하이닉스 사도 돼? #02263,stock_analysis,True,synthetic_hardfail
qa-hardfail-02264,NAVER 지금 차트 어때? #02264,stock_analysis,True,synthetic_hardfail
qa-hardfail-02265,카카오 오늘 들어가도 되는 자리야? #02265,stock_analysis,True,synthetic_hardfail
qa-hardfail-02266,현대차 단기 흐름 분석해줘 #02266,stock_analysis,True,synthetic_hardfail
qa-hardfail-02267,LG에너지솔루션 사도 돼? #02267,stock_analysis,True,synthetic_hardfail
qa-hardfail-02268,삼성전자 지금 차트 어때? #02268,stock_analysis,True,synthetic_hardfail
qa-hardfail-02269,SK하이닉스 오늘 들어가도 되는 자리야? #02269,stock_analysis,True,synthetic_hardfail
qa-hardfail-02270,NAVER 단기 흐름 분석해줘 #02270,stock_analysis,True,synthetic_hardfail
qa-hardfail-02271,카카오 사도 돼? #02271,stock_analysis,True,synthetic_hardfail
qa-hardfail-02272,현대차 지금 차트 어때? #02272,stock_analysis,True,synthetic_hardfail
qa-hardfail-02273,LG에너지솔루션 오늘 들어가도 되는 자리야? #02273,stock_analysis,True,synthetic_hardfail
qa-hardfail-02274,삼성전자 단기 흐름 분석해줘 #02274,stock_analysis,True,synthetic_hardfail
qa-hardfail-02275,SK하이닉스 사도 돼? #02275,stock_analysis,True,synthetic_hardfail
qa-hardfail-02276,NAVER 지금 차트 어때? #02276,stock_analysis,True,synthetic_hardfail
qa-hardfail-02277,카카오 오늘 들어가도 되는 자리야? #02277,stock_analysis,True,synthetic_hardfail
qa-hardfail-02278,현대차 단기 흐름 분석해줘 #02278,stock_analysis,True,synthetic_hardfail
qa-hardfail-02279,LG에너지솔루션 사도 돼? #02279,stock_analysis,True,synthetic_hardfail
qa-hardfail-02280,삼성전자 지금 차트 어때? #02280,stock_analysis,True,synthetic_hardfail
qa-hardfail-02281,SK하이닉스 오늘 들어가도 되는 자리야? #02281,stock_analysis,True,synthetic_hardfail
qa-hardfail-02282,NAVER 단기 흐름 분석해줘 #02282,stock_analysis,True,synthetic_hardfail
qa-hardfail-02283,카카오 사도 돼? #02283,stock_analysis,True,synthetic_hardfail
qa-hardfail-02284,현대차 지금 차트 어때? #02284,stock_analysis,True,synthetic_hardfail
qa-hardfail-02285,LG에너지솔루션 오늘 들어가도 되는 자리야? #02285,stock_analysis,True,synthetic_hardfail
qa-hardfail-02286,삼성전자 단기 흐름 분석해줘 #02286,stock_analysis,True,synthetic_hardfail
qa-hardfail-02287,SK하이닉스 사도 돼? #02287,stock_analysis,True,synthetic_hardfail
qa-hardfail-02288,NAVER 지금 차트 어때? #02288,stock_analysis,True,synthetic_hardfail
qa-hardfail-02289,카카오 오늘 들어가도 되는 자리야? #02289,stock_analysis,True,synthetic_hardfail
qa-hardfail-02290,현대차 단기 흐름 분석해줘 #02290,stock_analysis,True,synthetic_hardfail
qa-hardfail-02291,LG에너지솔루션 사도 돼? #02291,stock_analysis,True,synthetic_hardfail
qa-hardfail-02292,삼성전자 지금 차트 어때? #02292,stock_analysis,True,synthetic_hardfail
qa-hardfail-02293,SK하이닉스 오늘 들어가도 되는 자리야? #02293,stock_analysis,True,synthetic_hardfail
qa-hardfail-02294,NAVER 단기 흐름 분석해줘 #02294,stock_analysis,True,synthetic_hardfail
qa-hardfail-02295,카카오 사도 돼? #02295,stock_analysis,True,synthetic_hardfail
qa-hardfail-02296,현대차 지금 차트 어때? #02296,stock_analysis,True,synthetic_hardfail
qa-hardfail-02297,LG에너지솔루션 오늘 들어가도 되는 자리야? #02297,stock_analysis,True,synthetic_hardfail
qa-hardfail-02298,삼성전자 단기 흐름 분석해줘 #02298,stock_analysis,True,synthetic_hardfail
qa-hardfail-02299,SK하이닉스 사도 돼? #02299,stock_analysis,True,synthetic_hardfail
qa-hardfail-02300,NAVER 지금 차트 어때? #02300,stock_analysis,True,synthetic_hardfail
qa-hardfail-02301,카카오 오늘 들어가도 되는 자리야? #02301,stock_analysis,True,synthetic_hardfail
qa-hardfail-02302,현대차 단기 흐름 분석해줘 #02302,stock_analysis,True,synthetic_hardfail
qa-hardfail-02303,LG에너지솔루션 사도 돼? #02303,stock_analysis,True,synthetic_hardfail
qa-hardfail-02304,삼성전자 지금 차트 어때? #02304,stock_analysis,True,synthetic_hardfail
qa-hardfail-02305,SK하이닉스 오늘 들어가도 되는 자리야? #02305,stock_analysis,True,synthetic_hardfail
qa-hardfail-02306,NAVER 단기 흐름 분석해줘 #02306,stock_analysis,True,synthetic_hardfail
qa-hardfail-02307,카카오 사도 돼? #02307,stock_analysis,True,synthetic_hardfail
qa-hardfail-02308,현대차 지금 차트 어때? #02308,stock_analysis,True,synthetic_hardfail
qa-hardfail-02309,LG에너지솔루션 오늘 들어가도 되는 자리야? #02309,stock_analysis,True,synthetic_hardfail
qa-hardfail-02310,삼성전자 단기 흐름 분석해줘 #02310,stock_analysis,True,synthetic_hardfail
qa-hardfail-02311,SK하이닉스 사도 돼? #02311,stock_analysis,True,synthetic_hardfail
qa-hardfail-02312,NAVER 지금 차트 어때? #02312,stock_analysis,True,synthetic_hardfail
qa-hardfail-02313,카카오 오늘 들어가도 되는 자리야? #02313,stock_analysis,True,synthetic_hardfail
qa-hardfail-02314,현대차 단기 흐름 분석해줘 #02314,stock_analysis,True,synthetic_hardfail
qa-hardfail-02315,LG에너지솔루션 사도 돼? #02315,stock_analysis,True,synthetic_hardfail
qa-hardfail-02316,삼성전자 지금 차트 어때? #02316,stock_analysis,True,synthetic_hardfail
qa-hardfail-02317,SK하이닉스 오늘 들어가도 되는 자리야? #02317,stock_analysis,True,synthetic_hardfail
qa-hardfail-02318,NAVER 단기 흐름 분석해줘 #02318,stock_analysis,True,synthetic_hardfail
qa-hardfail-02319,카카오 사도 돼? #02319,stock_analysis,True,synthetic_hardfail
qa-hardfail-02320,현대차 지금 차트 어때? #02320,stock_analysis,True,synthetic_hardfail
qa-hardfail-02321,LG에너지솔루션 오늘 들어가도 되는 자리야? #02321,stock_analysis,True,synthetic_hardfail
qa-hardfail-02322,삼성전자 단기 흐름 분석해줘 #02322,stock_analysis,True,synthetic_hardfail
qa-hardfail-02323,SK하이닉스 사도 돼? #02323,stock_analysis,True,synthetic_hardfail
qa-hardfail-02324,NAVER 지금 차트 어때? #02324,stock_analysis,True,synthetic_hardfail
qa-hardfail-02325,카카오 오늘 들어가도 되는 자리야? #02325,stock_analysis,True,synthetic_hardfail
qa-hardfail-02326,현대차 단기 흐름 분석해줘 #02326,stock_analysis,True,synthetic_hardfail
qa-hardfail-02327,LG에너지솔루션 사도 돼? #02327,stock_analysis,True,synthetic_hardfail
qa-hardfail-02328,삼성전자 지금 차트 어때? #02328,stock_analysis,True,synthetic_hardfail
qa-hardfail-02329,SK하이닉스 오늘 들어가도 되는 자리야? #02329,stock_analysis,True,synthetic_hardfail
qa-hardfail-02330,NAVER 단기 흐름 분석해줘 #02330,stock_analysis,True,synthetic_hardfail
qa-hardfail-02331,카카오 사도 돼? #02331,stock_analysis,True,synthetic_hardfail
qa-hardfail-02332,현대차 지금 차트 어때? #02332,stock_analysis,True,synthetic_hardfail
qa-hardfail-02333,LG에너지솔루션 오늘 들어가도 되는 자리야? #02333,stock_analysis,True,synthetic_hardfail
qa-hardfail-02334,삼성전자 단기 흐름 분석해줘 #02334,stock_analysis,True,synthetic_hardfail
qa-hardfail-02335,SK하이닉스 사도 돼? #02335,stock_analysis,True,synthetic_hardfail
qa-hardfail-02336,NAVER 지금 차트 어때? #02336,stock_analysis,True,synthetic_hardfail
qa-hardfail-02337,카카오 오늘 들어가도 되는 자리야? #02337,stock_analysis,True,synthetic_hardfail
qa-hardfail-02338,현대차 단기 흐름 분석해줘 #02338,stock_analysis,True,synthetic_hardfail
qa-hardfail-02339,LG에너지솔루션 사도 돼? #02339,stock_analysis,True,synthetic_hardfail
qa-hardfail-02340,삼성전자 지금 차트 어때? #02340,stock_analysis,True,synthetic_hardfail
qa-hardfail-02341,SK하이닉스 오늘 들어가도 되는 자리야? #02341,stock_analysis,True,synthetic_hardfail
qa-hardfail-02342,NAVER 단기 흐름 분석해줘 #02342,stock_analysis,True,synthetic_hardfail
qa-hardfail-02343,카카오 사도 돼? #02343,stock_analysis,True,synthetic_hardfail
qa-hardfail-02344,현대차 지금 차트 어때? #02344,stock_analysis,True,synthetic_hardfail
qa-hardfail-02345,LG에너지솔루션 오늘 들어가도 되는 자리야? #02345,stock_analysis,True,synthetic_hardfail
qa-hardfail-02346,삼성전자 단기 흐름 분석해줘 #02346,stock_analysis,True,synthetic_hardfail
qa-hardfail-02347,SK하이닉스 사도 돼? #02347,stock_analysis,True,synthetic_hardfail
qa-hardfail-02348,NAVER 지금 차트 어때? #02348,stock_analysis,True,synthetic_hardfail
qa-hardfail-02349,카카오 오늘 들어가도 되는 자리야? #02349,stock_analysis,True,synthetic_hardfail
qa-hardfail-02350,현대차 단기 흐름 분석해줘 #02350,stock_analysis,True,synthetic_hardfail
qa-hardfail-02351,LG에너지솔루션 사도 돼? #02351,stock_analysis,True,synthetic_hardfail
qa-hardfail-02352,삼성전자 지금 차트 어때? #02352,stock_analysis,True,synthetic_hardfail
qa-hardfail-02353,SK하이닉스 오늘 들어가도 되는 자리야? #02353,stock_analysis,True,synthetic_hardfail
qa-hardfail-02354,NAVER 단기 흐름 분석해줘 #02354,stock_analysis,True,synthetic_hardfail
qa-hardfail-02355,카카오 사도 돼? #02355,stock_analysis,True,synthetic_hardfail
qa-hardfail-02356,현대차 지금 차트 어때? #02356,stock_analysis,True,synthetic_hardfail
qa-hardfail-02357,LG에너지솔루션 오늘 들어가도 되는 자리야? #02357,stock_analysis,True,synthetic_hardfail
qa-hardfail-02358,삼성전자 단기 흐름 분석해줘 #02358,stock_analysis,True,synthetic_hardfail
qa-hardfail-02359,SK하이닉스 사도 돼? #02359,stock_analysis,True,synthetic_hardfail
qa-hardfail-02360,NAVER 지금 차트 어때? #02360,stock_analysis,True,synthetic_hardfail
qa-hardfail-02361,카카오 오늘 들어가도 되는 자리야? #02361,stock_analysis,True,synthetic_hardfail
qa-hardfail-02362,현대차 단기 흐름 분석해줘 #02362,stock_analysis,True,synthetic_hardfail
qa-hardfail-02363,LG에너지솔루션 사도 돼? #02363,stock_analysis,True,synthetic_hardfail
qa-hardfail-02364,삼성전자 지금 차트 어때? #02364,stock_analysis,True,synthetic_hardfail
qa-hardfail-02365,SK하이닉스 오늘 들어가도 되는 자리야? #02365,stock_analysis,True,synthetic_hardfail
qa-hardfail-02366,NAVER 단기 흐름 분석해줘 #02366,stock_analysis,True,synthetic_hardfail
qa-hardfail-02367,카카오 사도 돼? #02367,stock_analysis,True,synthetic_hardfail
qa-hardfail-02368,현대차 지금 차트 어때? #02368,stock_analysis,True,synthetic_hardfail
qa-hardfail-02369,LG에너지솔루션 오늘 들어가도 되는 자리야? #02369,stock_analysis,True,synthetic_hardfail
qa-hardfail-02370,삼성전자 단기 흐름 분석해줘 #02370,stock_analysis,True,synthetic_hardfail
qa-hardfail-02371,SK하이닉스 사도 돼? #02371,stock_analysis,True,synthetic_hardfail
qa-hardfail-02372,NAVER 지금 차트 어때? #02372,stock_analysis,True,synthetic_hardfail
qa-hardfail-02373,카카오 오늘 들어가도 되는 자리야? #02373,stock_analysis,True,synthetic_hardfail
qa-hardfail-02374,현대차 단기 흐름 분석해줘 #02374,stock_analysis,True,synthetic_hardfail
qa-hardfail-02375,LG에너지솔루션 사도 돼? #02375,stock_analysis,True,synthetic_hardfail
qa-hardfail-02376,삼성전자 지금 차트 어때? #02376,stock_analysis,True,synthetic_hardfail
qa-hardfail-02377,SK하이닉스 오늘 들어가도 되는 자리야? #02377,stock_analysis,True,synthetic_hardfail
qa-hardfail-02378,NAVER 단기 흐름 분석해줘 #02378,stock_analysis,True,synthetic_hardfail
qa-hardfail-02379,카카오 사도 돼? #02379,stock_analysis,True,synthetic_hardfail
qa-hardfail-02380,현대차 지금 차트 어때? #02380,stock_analysis,True,synthetic_hardfail
qa-hardfail-02381,LG에너지솔루션 오늘 들어가도 되는 자리야? #02381,stock_analysis,True,synthetic_hardfail
qa-hardfail-02382,삼성전자 단기 흐름 분석해줘 #02382,stock_analysis,True,synthetic_hardfail
qa-hardfail-02383,SK하이닉스 사도 돼? #02383,stock_analysis,True,synthetic_hardfail
qa-hardfail-02384,NAVER 지금 차트 어때? #02384,stock_analysis,True,synthetic_hardfail
qa-hardfail-02385,카카오 오늘 들어가도 되는 자리야? #02385,stock_analysis,True,synthetic_hardfail
qa-hardfail-02386,현대차 단기 흐름 분석해줘 #02386,stock_analysis,True,synthetic_hardfail
qa-hardfail-02387,LG에너지솔루션 사도 돼? #02387,stock_analysis,True,synthetic_hardfail
qa-hardfail-02388,삼성전자 지금 차트 어때? #02388,stock_analysis,True,synthetic_hardfail
qa-hardfail-02389,SK하이닉스 오늘 들어가도 되는 자리야? #02389,stock_analysis,True,synthetic_hardfail
qa-hardfail-02390,NAVER 단기 흐름 분석해줘 #02390,stock_analysis,True,synthetic_hardfail
qa-hardfail-02391,카카오 사도 돼? #02391,stock_analysis,True,synthetic_hardfail
qa-hardfail-02392,현대차 지금 차트 어때? #02392,stock_analysis,True,synthetic_hardfail
qa-hardfail-02393,LG에너지솔루션 오늘 들어가도 되는 자리야? #02393,stock_analysis,True,synthetic_hardfail
qa-hardfail-02394,삼성전자 단기 흐름 분석해줘 #02394,stock_analysis,True,synthetic_hardfail
qa-hardfail-02395,SK하이닉스 사도 돼? #02395,stock_analysis,True,synthetic_hardfail
qa-hardfail-02396,NAVER 지금 차트 어때? #02396,stock_analysis,True,synthetic_hardfail
qa-hardfail-02397,카카오 오늘 들어가도 되는 자리야? #02397,stock_analysis,True,synthetic_hardfail
qa-hardfail-02398,현대차 단기 흐름 분석해줘 #02398,stock_analysis,True,synthetic_hardfail
qa-hardfail-02399,LG에너지솔루션 사도 돼? #02399,stock_analysis,True,synthetic_hardfail
qa-hardfail-02400,삼성전자 지금 차트 어때? #02400,stock_analysis,True,synthetic_hardfail
qa-hardfail-02401,SK하이닉스 오늘 들어가도 되는 자리야? #02401,stock_analysis,True,synthetic_hardfail
qa-hardfail-02402,NAVER 단기 흐름 분석해줘 #02402,stock_analysis,True,synthetic_hardfail
qa-hardfail-02403,카카오 사도 돼? #02403,stock_analysis,True,synthetic_hardfail
qa-hardfail-02404,현대차 지금 차트 어때? #02404,stock_analysis,True,synthetic_hardfail
qa-hardfail-02405,LG에너지솔루션 오늘 들어가도 되는 자리야? #02405,stock_analysis,True,synthetic_hardfail
qa-hardfail-02406,삼성전자 단기 흐름 분석해줘 #02406,stock_analysis,True,synthetic_hardfail
qa-hardfail-02407,SK하이닉스 사도 돼? #02407,stock_analysis,True,synthetic_hardfail
qa-hardfail-02408,NAVER 지금 차트 어때? #02408,stock_analysis,True,synthetic_hardfail
qa-hardfail-02409,카카오 오늘 들어가도 되는 자리야? #02409,stock_analysis,True,synthetic_hardfail
qa-hardfail-02410,현대차 단기 흐름 분석해줘 #02410,stock_analysis,True,synthetic_hardfail
qa-hardfail-02411,LG에너지솔루션 사도 돼? #02411,stock_analysis,True,synthetic_hardfail
qa-hardfail-02412,삼성전자 지금 차트 어때? #02412,stock_analysis,True,synthetic_hardfail
qa-hardfail-02413,SK하이닉스 오늘 들어가도 되는 자리야? #02413,stock_analysis,True,synthetic_hardfail
qa-hardfail-02414,NAVER 단기 흐름 분석해줘 #02414,stock_analysis,True,synthetic_hardfail
qa-hardfail-02415,카카오 사도 돼? #02415,stock_analysis,True,synthetic_hardfail
qa-hardfail-02416,현대차 지금 차트 어때? #02416,stock_analysis,True,synthetic_hardfail
qa-hardfail-02417,LG에너지솔루션 오늘 들어가도 되는 자리야? #02417,stock_analysis,True,synthetic_hardfail
qa-hardfail-02418,삼성전자 단기 흐름 분석해줘 #02418,stock_analysis,True,synthetic_hardfail
qa-hardfail-02419,SK하이닉스 사도 돼? #02419,stock_analysis,True,synthetic_hardfail
qa-hardfail-02420,NAVER 지금 차트 어때? #02420,stock_analysis,True,synthetic_hardfail
qa-hardfail-02421,카카오 오늘 들어가도 되는 자리야? #02421,stock_analysis,True,synthetic_hardfail
qa-hardfail-02422,현대차 단기 흐름 분석해줘 #02422,stock_analysis,True,synthetic_hardfail
qa-hardfail-02423,LG에너지솔루션 사도 돼? #02423,stock_analysis,True,synthetic_hardfail
qa-hardfail-02424,삼성전자 지금 차트 어때? #02424,stock_analysis,True,synthetic_hardfail
qa-hardfail-02425,SK하이닉스 오늘 들어가도 되는 자리야? #02425,stock_analysis,True,synthetic_hardfail
qa-hardfail-02426,NAVER 단기 흐름 분석해줘 #02426,stock_analysis,True,synthetic_hardfail
qa-hardfail-02427,카카오 사도 돼? #02427,stock_analysis,True,synthetic_hardfail
qa-hardfail-02428,현대차 지금 차트 어때? #02428,stock_analysis,True,synthetic_hardfail
qa-hardfail-02429,LG에너지솔루션 오늘 들어가도 되는 자리야? #02429,stock_analysis,True,synthetic_hardfail
qa-hardfail-02430,삼성전자 단기 흐름 분석해줘 #02430,stock_analysis,True,synthetic_hardfail
qa-hardfail-02431,SK하이닉스 사도 돼? #02431,stock_analysis,True,synthetic_hardfail
qa-hardfail-02432,NAVER 지금 차트 어때? #02432,stock_analysis,True,synthetic_hardfail
qa-hardfail-02433,카카오 오늘 들어가도 되는 자리야? #02433,stock_analysis,True,synthetic_hardfail
qa-hardfail-02434,현대차 단기 흐름 분석해줘 #02434,stock_analysis,True,synthetic_hardfail
qa-hardfail-02435,LG에너지솔루션 사도 돼? #02435,stock_analysis,True,synthetic_hardfail
qa-hardfail-02436,삼성전자 지금 차트 어때? #02436,stock_analysis,True,synthetic_hardfail
qa-hardfail-02437,SK하이닉스 오늘 들어가도 되는 자리야? #02437,stock_analysis,True,synthetic_hardfail
qa-hardfail-02438,NAVER 단기 흐름 분석해줘 #02438,stock_analysis,True,synthetic_hardfail
qa-hardfail-02439,카카오 사도 돼? #02439,stock_analysis,True,synthetic_hardfail
qa-hardfail-02440,현대차 지금 차트 어때? #02440,stock_analysis,True,synthetic_hardfail
qa-hardfail-02441,LG에너지솔루션 오늘 들어가도 되는 자리야? #02441,stock_analysis,True,synthetic_hardfail
qa-hardfail-02442,삼성전자 단기 흐름 분석해줘 #02442,stock_analysis,True,synthetic_hardfail
qa-hardfail-02443,SK하이닉스 사도 돼? #02443,stock_analysis,True,synthetic_hardfail
qa-hardfail-02444,NAVER 지금 차트 어때? #02444,stock_analysis,True,synthetic_hardfail
qa-hardfail-02445,카카오 오늘 들어가도 되는 자리야? #02445,stock_analysis,True,synthetic_hardfail
qa-hardfail-02446,현대차 단기 흐름 분석해줘 #02446,stock_analysis,True,synthetic_hardfail
qa-hardfail-02447,LG에너지솔루션 사도 돼? #02447,stock_analysis,True,synthetic_hardfail
qa-hardfail-02448,삼성전자 지금 차트 어때? #02448,stock_analysis,True,synthetic_hardfail
qa-hardfail-02449,SK하이닉스 오늘 들어가도 되는 자리야? #02449,stock_analysis,True,synthetic_hardfail
qa-hardfail-02450,NAVER 단기 흐름 분석해줘 #02450,stock_analysis,True,synthetic_hardfail
qa-hardfail-02451,카카오 사도 돼? #02451,stock_analysis,True,synthetic_hardfail
qa-hardfail-02452,현대차 지금 차트 어때? #02452,stock_analysis,True,synthetic_hardfail
qa-hardfail-02453,LG에너지솔루션 오늘 들어가도 되는 자리야? #02453,stock_analysis,True,synthetic_hardfail
qa-hardfail-02454,삼성전자 단기 흐름 분석해줘 #02454,stock_analysis,True,synthetic_hardfail
qa-hardfail-02455,SK하이닉스 사도 돼? #02455,stock_analysis,True,synthetic_hardfail
qa-hardfail-02456,NAVER 지금 차트 어때? #02456,stock_analysis,True,synthetic_hardfail
qa-hardfail-02457,카카오 오늘 들어가도 되는 자리야? #02457,stock_analysis,True,synthetic_hardfail
qa-hardfail-02458,현대차 단기 흐름 분석해줘 #02458,stock_analysis,True,synthetic_hardfail
qa-hardfail-02459,LG에너지솔루션 사도 돼? #02459,stock_analysis,True,synthetic_hardfail
qa-hardfail-02460,삼성전자 지금 차트 어때? #02460,stock_analysis,True,synthetic_hardfail
qa-hardfail-02461,SK하이닉스 오늘 들어가도 되는 자리야? #02461,stock_analysis,True,synthetic_hardfail
qa-hardfail-02462,NAVER 단기 흐름 분석해줘 #02462,stock_analysis,True,synthetic_hardfail
qa-hardfail-02463,카카오 사도 돼? #02463,stock_analysis,True,synthetic_hardfail
qa-hardfail-02464,현대차 지금 차트 어때? #02464,stock_analysis,True,synthetic_hardfail
qa-hardfail-02465,LG에너지솔루션 오늘 들어가도 되는 자리야? #02465,stock_analysis,True,synthetic_hardfail
qa-hardfail-02466,삼성전자 단기 흐름 분석해줘 #02466,stock_analysis,True,synthetic_hardfail
qa-hardfail-02467,SK하이닉스 사도 돼? #02467,stock_analysis,True,synthetic_hardfail
qa-hardfail-02468,NAVER 지금 차트 어때? #02468,stock_analysis,True,synthetic_hardfail
qa-hardfail-02469,카카오 오늘 들어가도 되는 자리야? #02469,stock_analysis,True,synthetic_hardfail
qa-hardfail-02470,현대차 단기 흐름 분석해줘 #02470,stock_analysis,True,synthetic_hardfail
qa-hardfail-02471,LG에너지솔루션 사도 돼? #02471,stock_analysis,True,synthetic_hardfail
qa-hardfail-02472,삼성전자 지금 차트 어때? #02472,stock_analysis,True,synthetic_hardfail
qa-hardfail-02473,SK하이닉스 오늘 들어가도 되는 자리야? #02473,stock_analysis,True,synthetic_hardfail
qa-hardfail-02474,NAVER 단기 흐름 분석해줘 #02474,stock_analysis,True,synthetic_hardfail
qa-hardfail-02475,카카오 사도 돼? #02475,stock_analysis,True,synthetic_hardfail
qa-hardfail-02476,현대차 지금 차트 어때? #02476,stock_analysis,True,synthetic_hardfail
qa-hardfail-02477,LG에너지솔루션 오늘 들어가도 되는 자리야? #02477,stock_analysis,True,synthetic_hardfail
qa-hardfail-02478,삼성전자 단기 흐름 분석해줘 #02478,stock_analysis,True,synthetic_hardfail
qa-hardfail-02479,SK하이닉스 사도 돼? #02479,stock_analysis,True,synthetic_hardfail
qa-hardfail-02480,NAVER 지금 차트 어때? #02480,stock_analysis,True,synthetic_hardfail
qa-hardfail-02481,카카오 오늘 들어가도 되는 자리야? #02481,stock_analysis,True,synthetic_hardfail
qa-hardfail-02482,현대차 단기 흐름 분석해줘 #02482,stock_analysis,True,synthetic_hardfail
qa-hardfail-02483,LG에너지솔루션 사도 돼? #02483,stock_analysis,True,synthetic_hardfail
qa-hardfail-02484,삼성전자 지금 차트 어때? #02484,stock_analysis,True,synthetic_hardfail
qa-hardfail-02485,SK하이닉스 오늘 들어가도 되는 자리야? #02485,stock_analysis,True,synthetic_hardfail
qa-hardfail-02486,NAVER 단기 흐름 분석해줘 #02486,stock_analysis,True,synthetic_hardfail
qa-hardfail-02487,카카오 사도 돼? #02487,stock_analysis,True,synthetic_hardfail
qa-hardfail-02488,현대차 지금 차트 어때? #02488,stock_analysis,True,synthetic_hardfail
qa-hardfail-02489,LG에너지솔루션 오늘 들어가도 되는 자리야? #02489,stock_analysis,True,synthetic_hardfail
qa-hardfail-02490,삼성전자 단기 흐름 분석해줘 #02490,stock_analysis,True,synthetic_hardfail
qa-hardfail-02491,SK하이닉스 사도 돼? #02491,stock_analysis,True,synthetic_hardfail
qa-hardfail-02492,NAVER 지금 차트 어때? #02492,stock_analysis,True,synthetic_hardfail
qa-hardfail-02493,카카오 오늘 들어가도 되는 자리야? #02493,stock_analysis,True,synthetic_hardfail
qa-hardfail-02494,현대차 단기 흐름 분석해줘 #02494,stock_analysis,True,synthetic_hardfail
qa-hardfail-02495,LG에너지솔루션 사도 돼? #02495,stock_analysis,True,synthetic_hardfail
qa-hardfail-02496,삼성전자 지금 차트 어때? #02496,stock_analysis,True,synthetic_hardfail
qa-hardfail-02497,SK하이닉스 오늘 들어가도 되는 자리야? #02497,stock_analysis,True,synthetic_hardfail
qa-hardfail-02498,NAVER 단기 흐름 분석해줘 #02498,stock_analysis,True,synthetic_hardfail
qa-hardfail-02499,카카오 사도 돼? #02499,stock_analysis,True,synthetic_hardfail
qa-hardfail-02500,현대차 지금 차트 어때? #02500,stock_analysis,True,synthetic_hardfail
qa-hardfail-02501,LG에너지솔루션 오늘 들어가도 되는 자리야? #02501,stock_analysis,True,synthetic_hardfail
qa-hardfail-02502,삼성전자 단기 흐름 분석해줘 #02502,stock_analysis,True,synthetic_hardfail
qa-hardfail-02503,SK하이닉스 사도 돼? #02503,stock_analysis,True,synthetic_hardfail
qa-hardfail-02504,NAVER 지금 차트 어때? #02504,stock_analysis,True,synthetic_hardfail
qa-hardfail-02505,카카오 오늘 들어가도 되는 자리야? #02505,stock_analysis,True,synthetic_hardfail
qa-hardfail-02506,현대차 단기 흐름 분석해줘 #02506,stock_analysis,True,synthetic_hardfail
qa-hardfail-02507,LG에너지솔루션 사도 돼? #02507,stock_analysis,True,synthetic_hardfail
qa-hardfail-02508,삼성전자 지금 차트 어때? #02508,stock_analysis,True,synthetic_hardfail
qa-hardfail-02509,SK하이닉스 오늘 들어가도 되는 자리야? #02509,stock_analysis,True,synthetic_hardfail
qa-hardfail-02510,NAVER 단기 흐름 분석해줘 #02510,stock_analysis,True,synthetic_hardfail
qa-hardfail-02511,카카오 사도 돼? #02511,stock_analysis,True,synthetic_hardfail
qa-hardfail-02512,현대차 지금 차트 어때? #02512,stock_analysis,True,synthetic_hardfail
qa-hardfail-02513,LG에너지솔루션 오늘 들어가도 되는 자리야? #02513,stock_analysis,True,synthetic_hardfail
qa-hardfail-02514,삼성전자 단기 흐름 분석해줘 #02514,stock_analysis,True,synthetic_hardfail
qa-hardfail-02515,SK하이닉스 사도 돼? #02515,stock_analysis,True,synthetic_hardfail
qa-hardfail-02516,NAVER 지금 차트 어때? #02516,stock_analysis,True,synthetic_hardfail
qa-hardfail-02517,카카오 오늘 들어가도 되는 자리야? #02517,stock_analysis,True,synthetic_hardfail
qa-hardfail-02518,현대차 단기 흐름 분석해줘 #02518,stock_analysis,True,synthetic_hardfail
qa-hardfail-02519,LG에너지솔루션 사도 돼? #02519,stock_analysis,True,synthetic_hardfail
qa-hardfail-02520,삼성전자 지금 차트 어때? #02520,stock_analysis,True,synthetic_hardfail
qa-hardfail-02521,SK하이닉스 오늘 들어가도 되는 자리야? #02521,stock_analysis,True,synthetic_hardfail
qa-hardfail-02522,NAVER 단기 흐름 분석해줘 #02522,stock_analysis,True,synthetic_hardfail
qa-hardfail-02523,카카오 사도 돼? #02523,stock_analysis,True,synthetic_hardfail
qa-hardfail-02524,현대차 지금 차트 어때? #02524,stock_analysis,True,synthetic_hardfail
qa-hardfail-02525,LG에너지솔루션 오늘 들어가도 되는 자리야? #02525,stock_analysis,True,synthetic_hardfail
qa-hardfail-02526,삼성전자 단기 흐름 분석해줘 #02526,stock_analysis,True,synthetic_hardfail
qa-hardfail-02527,SK하이닉스 사도 돼? #02527,stock_analysis,True,synthetic_hardfail
qa-hardfail-02528,NAVER 지금 차트 어때? #02528,stock_analysis,True,synthetic_hardfail
qa-hardfail-02529,카카오 오늘 들어가도 되는 자리야? #02529,stock_analysis,True,synthetic_hardfail
qa-hardfail-02530,현대차 단기 흐름 분석해줘 #02530,stock_analysis,True,synthetic_hardfail
qa-hardfail-02531,LG에너지솔루션 사도 돼? #02531,stock_analysis,True,synthetic_hardfail
qa-hardfail-02532,삼성전자 지금 차트 어때? #02532,stock_analysis,True,synthetic_hardfail
qa-hardfail-02533,SK하이닉스 오늘 들어가도 되는 자리야? #02533,stock_analysis,True,synthetic_hardfail
qa-hardfail-02534,NAVER 단기 흐름 분석해줘 #02534,stock_analysis,True,synthetic_hardfail
qa-hardfail-02535,카카오 사도 돼? #02535,stock_analysis,True,synthetic_hardfail
qa-hardfail-02536,현대차 지금 차트 어때? #02536,stock_analysis,True,synthetic_hardfail
qa-hardfail-02537,LG에너지솔루션 오늘 들어가도 되는 자리야? #02537,stock_analysis,True,synthetic_hardfail
qa-hardfail-02538,삼성전자 단기 흐름 분석해줘 #02538,stock_analysis,True,synthetic_hardfail
qa-hardfail-02539,SK하이닉스 사도 돼? #02539,stock_analysis,True,synthetic_hardfail
qa-hardfail-02540,NAVER 지금 차트 어때? #02540,stock_analysis,True,synthetic_hardfail
qa-hardfail-02541,카카오 오늘 들어가도 되는 자리야? #02541,stock_analysis,True,synthetic_hardfail
qa-hardfail-02542,현대차 단기 흐름 분석해줘 #02542,stock_analysis,True,synthetic_hardfail
qa-hardfail-02543,LG에너지솔루션 사도 돼? #02543,stock_analysis,True,synthetic_hardfail
qa-hardfail-02544,삼성전자 지금 차트 어때? #02544,stock_analysis,True,synthetic_hardfail
qa-hardfail-02545,SK하이닉스 오늘 들어가도 되는 자리야? #02545,stock_analysis,True,synthetic_hardfail
qa-hardfail-02546,NAVER 단기 흐름 분석해줘 #02546,stock_analysis,True,synthetic_hardfail
qa-hardfail-02547,카카오 사도 돼? #02547,stock_analysis,True,synthetic_hardfail
qa-hardfail-02548,현대차 지금 차트 어때? #02548,stock_analysis,True,synthetic_hardfail
qa-hardfail-02549,LG에너지솔루션 오늘 들어가도 되는 자리야? #02549,stock_analysis,True,synthetic_hardfail
qa-hardfail-02550,삼성전자 단기 흐름 분석해줘 #02550,stock_analysis,True,synthetic_hardfail
qa-hardfail-02551,SK하이닉스 사도 돼? #02551,stock_analysis,True,synthetic_hardfail
qa-hardfail-02552,NAVER 지금 차트 어때? #02552,stock_analysis,True,synthetic_hardfail
qa-hardfail-02553,카카오 오늘 들어가도 되는 자리야? #02553,stock_analysis,True,synthetic_hardfail
qa-hardfail-02554,현대차 단기 흐름 분석해줘 #02554,stock_analysis,True,synthetic_hardfail
qa-hardfail-02555,LG에너지솔루션 사도 돼? #02555,stock_analysis,True,synthetic_hardfail
qa-hardfail-02556,삼성전자 지금 차트 어때? #02556,stock_analysis,True,synthetic_hardfail
qa-hardfail-02557,SK하이닉스 오늘 들어가도 되는 자리야? #02557,stock_analysis,True,synthetic_hardfail
qa-hardfail-02558,NAVER 단기 흐름 분석해줘 #02558,stock_analysis,True,synthetic_hardfail
qa-hardfail-02559,카카오 사도 돼? #02559,stock_analysis,True,synthetic_hardfail
qa-hardfail-02560,현대차 지금 차트 어때? #02560,stock_analysis,True,synthetic_hardfail
qa-hardfail-02561,LG에너지솔루션 오늘 들어가도 되는 자리야? #02561,stock_analysis,True,synthetic_hardfail
qa-hardfail-02562,삼성전자 단기 흐름 분석해줘 #02562,stock_analysis,True,synthetic_hardfail
qa-hardfail-02563,SK하이닉스 사도 돼? #02563,stock_analysis,True,synthetic_hardfail
qa-hardfail-02564,NAVER 지금 차트 어때? #02564,stock_analysis,True,synthetic_hardfail
qa-hardfail-02565,카카오 오늘 들어가도 되는 자리야? #02565,stock_analysis,True,synthetic_hardfail
qa-hardfail-02566,현대차 단기 흐름 분석해줘 #02566,stock_analysis,True,synthetic_hardfail
qa-hardfail-02567,LG에너지솔루션 사도 돼? #02567,stock_analysis,True,synthetic_hardfail
qa-hardfail-02568,삼성전자 지금 차트 어때? #02568,stock_analysis,True,synthetic_hardfail
qa-hardfail-02569,SK하이닉스 오늘 들어가도 되는 자리야? #02569,stock_analysis,True,synthetic_hardfail
qa-hardfail-02570,NAVER 단기 흐름 분석해줘 #02570,stock_analysis,True,synthetic_hardfail
qa-hardfail-02571,카카오 사도 돼? #02571,stock_analysis,True,synthetic_hardfail
qa-hardfail-02572,현대차 지금 차트 어때? #02572,stock_analysis,True,synthetic_hardfail
qa-hardfail-02573,LG에너지솔루션 오늘 들어가도 되는 자리야? #02573,stock_analysis,True,synthetic_hardfail
qa-hardfail-02574,삼성전자 단기 흐름 분석해줘 #02574,stock_analysis,True,synthetic_hardfail
qa-hardfail-02575,SK하이닉스 사도 돼? #02575,stock_analysis,True,synthetic_hardfail
qa-hardfail-02576,NAVER 지금 차트 어때? #02576,stock_analysis,True,synthetic_hardfail
qa-hardfail-02577,카카오 오늘 들어가도 되는 자리야? #02577,stock_analysis,True,synthetic_hardfail
qa-hardfail-02578,현대차 단기 흐름 분석해줘 #02578,stock_analysis,True,synthetic_hardfail
qa-hardfail-02579,LG에너지솔루션 사도 돼? #02579,stock_analysis,True,synthetic_hardfail
qa-hardfail-02580,삼성전자 지금 차트 어때? #02580,stock_analysis,True,synthetic_hardfail
qa-hardfail-02581,SK하이닉스 오늘 들어가도 되는 자리야? #02581,stock_analysis,True,synthetic_hardfail
qa-hardfail-02582,NAVER 단기 흐름 분석해줘 #02582,stock_analysis,True,synthetic_hardfail
qa-hardfail-02583,카카오 사도 돼? #02583,stock_analysis,True,synthetic_hardfail
qa-hardfail-02584,현대차 지금 차트 어때? #02584,stock_analysis,True,synthetic_hardfail
qa-hardfail-02585,LG에너지솔루션 오늘 들어가도 되는 자리야? #02585,stock_analysis,True,synthetic_hardfail
qa-hardfail-02586,삼성전자 단기 흐름 분석해줘 #02586,stock_analysis,True,synthetic_hardfail
qa-hardfail-02587,SK하이닉스 사도 돼? #02587,stock_analysis,True,synthetic_hardfail
qa-hardfail-02588,NAVER 지금 차트 어때? #02588,stock_analysis,True,synthetic_hardfail
qa-hardfail-02589,카카오 오늘 들어가도 되는 자리야? #02589,stock_analysis,True,synthetic_hardfail
qa-hardfail-02590,현대차 단기 흐름 분석해줘 #02590,stock_analysis,True,synthetic_hardfail
qa-hardfail-02591,LG에너지솔루션 사도 돼? #02591,stock_analysis,True,synthetic_hardfail
qa-hardfail-02592,삼성전자 지금 차트 어때? #02592,stock_analysis,True,synthetic_hardfail
qa-hardfail-02593,SK하이닉스 오늘 들어가도 되는 자리야? #02593,stock_analysis,True,synthetic_hardfail
qa-hardfail-02594,NAVER 단기 흐름 분석해줘 #02594,stock_analysis,True,synthetic_hardfail
qa-hardfail-02595,카카오 사도 돼? #02595,stock_analysis,True,synthetic_hardfail
qa-hardfail-02596,현대차 지금 차트 어때? #02596,stock_analysis,True,synthetic_hardfail
qa-hardfail-02597,LG에너지솔루션 오늘 들어가도 되는 자리야? #02597,stock_analysis,True,synthetic_hardfail
qa-hardfail-02598,삼성전자 단기 흐름 분석해줘 #02598,stock_analysis,True,synthetic_hardfail
qa-hardfail-02599,SK하이닉스 사도 돼? #02599,stock_analysis,True,synthetic_hardfail
qa-hardfail-02600,NAVER 지금 차트 어때? #02600,stock_analysis,True,synthetic_hardfail
qa-hardfail-02601,카카오 오늘 들어가도 되는 자리야? #02601,stock_analysis,True,synthetic_hardfail
qa-hardfail-02602,현대차 단기 흐름 분석해줘 #02602,stock_analysis,True,synthetic_hardfail
qa-hardfail-02603,LG에너지솔루션 사도 돼? #02603,stock_analysis,True,synthetic_hardfail
qa-hardfail-02604,삼성전자 지금 차트 어때? #02604,stock_analysis,True,synthetic_hardfail
qa-hardfail-02605,SK하이닉스 오늘 들어가도 되는 자리야? #02605,stock_analysis,True,synthetic_hardfail
qa-hardfail-02606,NAVER 단기 흐름 분석해줘 #02606,stock_analysis,True,synthetic_hardfail
qa-hardfail-02607,카카오 사도 돼? #02607,stock_analysis,True,synthetic_hardfail
qa-hardfail-02608,현대차 지금 차트 어때? #02608,stock_analysis,True,synthetic_hardfail
qa-hardfail-02609,LG에너지솔루션 오늘 들어가도 되는 자리야? #02609,stock_analysis,True,synthetic_hardfail
qa-hardfail-02610,삼성전자 단기 흐름 분석해줘 #02610,stock_analysis,True,synthetic_hardfail
qa-hardfail-02611,SK하이닉스 사도 돼? #02611,stock_analysis,True,synthetic_hardfail
qa-hardfail-02612,NAVER 지금 차트 어때? #02612,stock_analysis,True,synthetic_hardfail
qa-hardfail-02613,카카오 오늘 들어가도 되는 자리야? #02613,stock_analysis,True,synthetic_hardfail
qa-hardfail-02614,현대차 단기 흐름 분석해줘 #02614,stock_analysis,True,synthetic_hardfail
qa-hardfail-02615,LG에너지솔루션 사도 돼? #02615,stock_analysis,True,synthetic_hardfail
qa-hardfail-02616,삼성전자 지금 차트 어때? #02616,stock_analysis,True,synthetic_hardfail
qa-hardfail-02617,SK하이닉스 오늘 들어가도 되는 자리야? #02617,stock_analysis,True,synthetic_hardfail
qa-hardfail-02618,NAVER 단기 흐름 분석해줘 #02618,stock_analysis,True,synthetic_hardfail
qa-hardfail-02619,카카오 사도 돼? #02619,stock_analysis,True,synthetic_hardfail
qa-hardfail-02620,현대차 지금 차트 어때? #02620,stock_analysis,True,synthetic_hardfail
qa-hardfail-02621,LG에너지솔루션 오늘 들어가도 되는 자리야? #02621,stock_analysis,True,synthetic_hardfail
qa-hardfail-02622,삼성전자 단기 흐름 분석해줘 #02622,stock_analysis,True,synthetic_hardfail
qa-hardfail-02623,SK하이닉스 사도 돼? #02623,stock_analysis,True,synthetic_hardfail
qa-hardfail-02624,NAVER 지금 차트 어때? #02624,stock_analysis,True,synthetic_hardfail
qa-hardfail-02625,카카오 오늘 들어가도 되는 자리야? #02625,stock_analysis,True,synthetic_hardfail
qa-hardfail-02626,현대차 단기 흐름 분석해줘 #02626,stock_analysis,True,synthetic_hardfail
qa-hardfail-02627,LG에너지솔루션 사도 돼? #02627,stock_analysis,True,synthetic_hardfail
qa-hardfail-02628,삼성전자 지금 차트 어때? #02628,stock_analysis,True,synthetic_hardfail
qa-hardfail-02629,SK하이닉스 오늘 들어가도 되는 자리야? #02629,stock_analysis,True,synthetic_hardfail
qa-hardfail-02630,NAVER 단기 흐름 분석해줘 #02630,stock_analysis,True,synthetic_hardfail
qa-hardfail-02631,카카오 사도 돼? #02631,stock_analysis,True,synthetic_hardfail
qa-hardfail-02632,현대차 지금 차트 어때? #02632,stock_analysis,True,synthetic_hardfail
qa-hardfail-02633,LG에너지솔루션 오늘 들어가도 되는 자리야? #02633,stock_analysis,True,synthetic_hardfail
qa-hardfail-02634,삼성전자 단기 흐름 분석해줘 #02634,stock_analysis,True,synthetic_hardfail
qa-hardfail-02635,SK하이닉스 사도 돼? #02635,stock_analysis,True,synthetic_hardfail
qa-hardfail-02636,NAVER 지금 차트 어때? #02636,stock_analysis,True,synthetic_hardfail
qa-hardfail-02637,카카오 오늘 들어가도 되는 자리야? #02637,stock_analysis,True,synthetic_hardfail
qa-hardfail-02638,현대차 단기 흐름 분석해줘 #02638,stock_analysis,True,synthetic_hardfail
qa-hardfail-02639,LG에너지솔루션 사도 돼? #02639,stock_analysis,True,synthetic_hardfail
qa-hardfail-02640,삼성전자 지금 차트 어때? #02640,stock_analysis,True,synthetic_hardfail
qa-hardfail-02641,SK하이닉스 오늘 들어가도 되는 자리야? #02641,stock_analysis,True,synthetic_hardfail
qa-hardfail-02642,NAVER 단기 흐름 분석해줘 #02642,stock_analysis,True,synthetic_hardfail
qa-hardfail-02643,카카오 사도 돼? #02643,stock_analysis,True,synthetic_hardfail
qa-hardfail-02644,현대차 지금 차트 어때? #02644,stock_analysis,True,synthetic_hardfail
qa-hardfail-02645,LG에너지솔루션 오늘 들어가도 되는 자리야? #02645,stock_analysis,True,synthetic_hardfail
qa-hardfail-02646,삼성전자 단기 흐름 분석해줘 #02646,stock_analysis,True,synthetic_hardfail
qa-hardfail-02647,SK하이닉스 사도 돼? #02647,stock_analysis,True,synthetic_hardfail
qa-hardfail-02648,NAVER 지금 차트 어때? #02648,stock_analysis,True,synthetic_hardfail
qa-hardfail-02649,카카오 오늘 들어가도 되는 자리야? #02649,stock_analysis,True,synthetic_hardfail
qa-hardfail-02650,현대차 단기 흐름 분석해줘 #02650,stock_analysis,True,synthetic_hardfail
qa-hardfail-02651,LG에너지솔루션 사도 돼? #02651,stock_analysis,True,synthetic_hardfail
qa-hardfail-02652,삼성전자 지금 차트 어때? #02652,stock_analysis,True,synthetic_hardfail
qa-hardfail-02653,SK하이닉스 오늘 들어가도 되는 자리야? #02653,stock_analysis,True,synthetic_hardfail
qa-hardfail-02654,NAVER 단기 흐름 분석해줘 #02654,stock_analysis,True,synthetic_hardfail
qa-hardfail-02655,카카오 사도 돼? #02655,stock_analysis,True,synthetic_hardfail
qa-hardfail-02656,현대차 지금 차트 어때? #02656,stock_analysis,True,synthetic_hardfail
qa-hardfail-02657,LG에너지솔루션 오늘 들어가도 되는 자리야? #02657,stock_analysis,True,synthetic_hardfail
qa-hardfail-02658,삼성전자 단기 흐름 분석해줘 #02658,stock_analysis,True,synthetic_hardfail
qa-hardfail-02659,SK하이닉스 사도 돼? #02659,stock_analysis,True,synthetic_hardfail
qa-hardfail-02660,NAVER 지금 차트 어때? #02660,stock_analysis,True,synthetic_hardfail
qa-hardfail-02661,카카오 오늘 들어가도 되는 자리야? #02661,stock_analysis,True,synthetic_hardfail
qa-hardfail-02662,현대차 단기 흐름 분석해줘 #02662,stock_analysis,True,synthetic_hardfail
qa-hardfail-02663,LG에너지솔루션 사도 돼? #02663,stock_analysis,True,synthetic_hardfail
qa-hardfail-02664,삼성전자 지금 차트 어때? #02664,stock_analysis,True,synthetic_hardfail
qa-hardfail-02665,SK하이닉스 오늘 들어가도 되는 자리야? #02665,stock_analysis,True,synthetic_hardfail
qa-hardfail-02666,NAVER 단기 흐름 분석해줘 #02666,stock_analysis,True,synthetic_hardfail
qa-hardfail-02667,카카오 사도 돼? #02667,stock_analysis,True,synthetic_hardfail
qa-hardfail-02668,현대차 지금 차트 어때? #02668,stock_analysis,True,synthetic_hardfail
qa-hardfail-02669,LG에너지솔루션 오늘 들어가도 되는 자리야? #02669,stock_analysis,True,synthetic_hardfail
qa-hardfail-02670,삼성전자 단기 흐름 분석해줘 #02670,stock_analysis,True,synthetic_hardfail
qa-hardfail-02671,SK하이닉스 사도 돼? #02671,stock_analysis,True,synthetic_hardfail
qa-hardfail-02672,NAVER 지금 차트 어때? #02672,stock_analysis,True,synthetic_hardfail
qa-hardfail-02673,카카오 오늘 들어가도 되는 자리야? #02673,stock_analysis,True,synthetic_hardfail
qa-hardfail-02674,현대차 단기 흐름 분석해줘 #02674,stock_analysis,True,synthetic_hardfail
qa-hardfail-02675,LG에너지솔루션 사도 돼? #02675,stock_analysis,True,synthetic_hardfail
qa-hardfail-02676,삼성전자 지금 차트 어때? #02676,stock_analysis,True,synthetic_hardfail
qa-hardfail-02677,SK하이닉스 오늘 들어가도 되는 자리야? #02677,stock_analysis,True,synthetic_hardfail
qa-hardfail-02678,NAVER 단기 흐름 분석해줘 #02678,stock_analysis,True,synthetic_hardfail
qa-hardfail-02679,카카오 사도 돼? #02679,stock_analysis,True,synthetic_hardfail
qa-hardfail-02680,현대차 지금 차트 어때? #02680,stock_analysis,True,synthetic_hardfail
qa-hardfail-02681,LG에너지솔루션 오늘 들어가도 되는 자리야? #02681,stock_analysis,True,synthetic_hardfail
qa-hardfail-02682,삼성전자 단기 흐름 분석해줘 #02682,stock_analysis,True,synthetic_hardfail
qa-hardfail-02683,SK하이닉스 사도 돼? #02683,stock_analysis,True,synthetic_hardfail
qa-hardfail-02684,NAVER 지금 차트 어때? #02684,stock_analysis,True,synthetic_hardfail
qa-hardfail-02685,카카오 오늘 들어가도 되는 자리야? #02685,stock_analysis,True,synthetic_hardfail
qa-hardfail-02686,현대차 단기 흐름 분석해줘 #02686,stock_analysis,True,synthetic_hardfail
qa-hardfail-02687,LG에너지솔루션 사도 돼? #02687,stock_analysis,True,synthetic_hardfail
qa-hardfail-02688,삼성전자 지금 차트 어때? #02688,stock_analysis,True,synthetic_hardfail
qa-hardfail-02689,SK하이닉스 오늘 들어가도 되는 자리야? #02689,stock_analysis,True,synthetic_hardfail
qa-hardfail-02690,NAVER 단기 흐름 분석해줘 #02690,stock_analysis,True,synthetic_hardfail
qa-hardfail-02691,카카오 사도 돼? #02691,stock_analysis,True,synthetic_hardfail
qa-hardfail-02692,현대차 지금 차트 어때? #02692,stock_analysis,True,synthetic_hardfail
qa-hardfail-02693,LG에너지솔루션 오늘 들어가도 되는 자리야? #02693,stock_analysis,True,synthetic_hardfail
qa-hardfail-02694,삼성전자 단기 흐름 분석해줘 #02694,stock_analysis,True,synthetic_hardfail
qa-hardfail-02695,SK하이닉스 사도 돼? #02695,stock_analysis,True,synthetic_hardfail
qa-hardfail-02696,NAVER 지금 차트 어때? #02696,stock_analysis,True,synthetic_hardfail
qa-hardfail-02697,카카오 오늘 들어가도 되는 자리야? #02697,stock_analysis,True,synthetic_hardfail
qa-hardfail-02698,현대차 단기 흐름 분석해줘 #02698,stock_analysis,True,synthetic_hardfail
qa-hardfail-02699,LG에너지솔루션 사도 돼? #02699,stock_analysis,True,synthetic_hardfail
qa-hardfail-02700,삼성전자 지금 차트 어때? #02700,stock_analysis,True,synthetic_hardfail
qa-hardfail-02701,SK하이닉스 오늘 들어가도 되는 자리야? #02701,stock_analysis,True,synthetic_hardfail
qa-hardfail-02702,NAVER 단기 흐름 분석해줘 #02702,stock_analysis,True,synthetic_hardfail
qa-hardfail-02703,카카오 사도 돼? #02703,stock_analysis,True,synthetic_hardfail
qa-hardfail-02704,현대차 지금 차트 어때? #02704,stock_analysis,True,synthetic_hardfail
qa-hardfail-02705,LG에너지솔루션 오늘 들어가도 되는 자리야? #02705,stock_analysis,True,synthetic_hardfail
qa-hardfail-02706,삼성전자 단기 흐름 분석해줘 #02706,stock_analysis,True,synthetic_hardfail
qa-hardfail-02707,SK하이닉스 사도 돼? #02707,stock_analysis,True,synthetic_hardfail
qa-hardfail-02708,NAVER 지금 차트 어때? #02708,stock_analysis,True,synthetic_hardfail
qa-hardfail-02709,카카오 오늘 들어가도 되는 자리야? #02709,stock_analysis,True,synthetic_hardfail
qa-hardfail-02710,현대차 단기 흐름 분석해줘 #02710,stock_analysis,True,synthetic_hardfail
qa-hardfail-02711,LG에너지솔루션 사도 돼? #02711,stock_analysis,True,synthetic_hardfail
qa-hardfail-02712,삼성전자 지금 차트 어때? #02712,stock_analysis,True,synthetic_hardfail
qa-hardfail-02713,SK하이닉스 오늘 들어가도 되는 자리야? #02713,stock_analysis,True,synthetic_hardfail
qa-hardfail-02714,NAVER 단기 흐름 분석해줘 #02714,stock_analysis,True,synthetic_hardfail
qa-hardfail-02715,카카오 사도 돼? #02715,stock_analysis,True,synthetic_hardfail
qa-hardfail-02716,현대차 지금 차트 어때? #02716,stock_analysis,True,synthetic_hardfail
qa-hardfail-02717,LG에너지솔루션 오늘 들어가도 되는 자리야? #02717,stock_analysis,True,synthetic_hardfail
qa-hardfail-02718,삼성전자 단기 흐름 분석해줘 #02718,stock_analysis,True,synthetic_hardfail
qa-hardfail-02719,SK하이닉스 사도 돼? #02719,stock_analysis,True,synthetic_hardfail
qa-hardfail-02720,NAVER 지금 차트 어때? #02720,stock_analysis,True,synthetic_hardfail
qa-hardfail-02721,카카오 오늘 들어가도 되는 자리야? #02721,stock_analysis,True,synthetic_hardfail
qa-hardfail-02722,현대차 단기 흐름 분석해줘 #02722,stock_analysis,True,synthetic_hardfail
qa-hardfail-02723,LG에너지솔루션 사도 돼? #02723,stock_analysis,True,synthetic_hardfail
qa-hardfail-02724,삼성전자 지금 차트 어때? #02724,stock_analysis,True,synthetic_hardfail
qa-hardfail-02725,SK하이닉스 오늘 들어가도 되는 자리야? #02725,stock_analysis,True,synthetic_hardfail
qa-hardfail-02726,NAVER 단기 흐름 분석해줘 #02726,stock_analysis,True,synthetic_hardfail
qa-hardfail-02727,카카오 사도 돼? #02727,stock_analysis,True,synthetic_hardfail
qa-hardfail-02728,현대차 지금 차트 어때? #02728,stock_analysis,True,synthetic_hardfail
qa-hardfail-02729,LG에너지솔루션 오늘 들어가도 되는 자리야? #02729,stock_analysis,True,synthetic_hardfail
qa-hardfail-02730,삼성전자 단기 흐름 분석해줘 #02730,stock_analysis,True,synthetic_hardfail
qa-hardfail-02731,SK하이닉스 사도 돼? #02731,stock_analysis,True,synthetic_hardfail
qa-hardfail-02732,NAVER 지금 차트 어때? #02732,stock_analysis,True,synthetic_hardfail
qa-hardfail-02733,카카오 오늘 들어가도 되는 자리야? #02733,stock_analysis,True,synthetic_hardfail
qa-hardfail-02734,현대차 단기 흐름 분석해줘 #02734,stock_analysis,True,synthetic_hardfail
qa-hardfail-02735,LG에너지솔루션 사도 돼? #02735,stock_analysis,True,synthetic_hardfail
qa-hardfail-02736,삼성전자 지금 차트 어때? #02736,stock_analysis,True,synthetic_hardfail
qa-hardfail-02737,SK하이닉스 오늘 들어가도 되는 자리야? #02737,stock_analysis,True,synthetic_hardfail
qa-hardfail-02738,NAVER 단기 흐름 분석해줘 #02738,stock_analysis,True,synthetic_hardfail
qa-hardfail-02739,카카오 사도 돼? #02739,stock_analysis,True,synthetic_hardfail
qa-hardfail-02740,현대차 지금 차트 어때? #02740,stock_analysis,True,synthetic_hardfail
qa-hardfail-02741,LG에너지솔루션 오늘 들어가도 되는 자리야? #02741,stock_analysis,True,synthetic_hardfail
qa-hardfail-02742,삼성전자 단기 흐름 분석해줘 #02742,stock_analysis,True,synthetic_hardfail
qa-hardfail-02743,SK하이닉스 사도 돼? #02743,stock_analysis,True,synthetic_hardfail
qa-hardfail-02744,NAVER 지금 차트 어때? #02744,stock_analysis,True,synthetic_hardfail
qa-hardfail-02745,카카오 오늘 들어가도 되는 자리야? #02745,stock_analysis,True,synthetic_hardfail
qa-hardfail-02746,현대차 단기 흐름 분석해줘 #02746,stock_analysis,True,synthetic_hardfail
qa-hardfail-02747,LG에너지솔루션 사도 돼? #02747,stock_analysis,True,synthetic_hardfail
qa-hardfail-02748,삼성전자 지금 차트 어때? #02748,stock_analysis,True,synthetic_hardfail
qa-hardfail-02749,SK하이닉스 오늘 들어가도 되는 자리야? #02749,stock_analysis,True,synthetic_hardfail
qa-hardfail-02750,NAVER 단기 흐름 분석해줘 #02750,stock_analysis,True,synthetic_hardfail
qa-hardfail-02751,카카오 사도 돼? #02751,stock_analysis,True,synthetic_hardfail
qa-hardfail-02752,현대차 지금 차트 어때? #02752,stock_analysis,True,synthetic_hardfail
qa-hardfail-02753,LG에너지솔루션 오늘 들어가도 되는 자리야? #02753,stock_analysis,True,synthetic_hardfail
qa-hardfail-02754,삼성전자 단기 흐름 분석해줘 #02754,stock_analysis,True,synthetic_hardfail
qa-hardfail-02755,SK하이닉스 사도 돼? #02755,stock_analysis,True,synthetic_hardfail
qa-hardfail-02756,NAVER 지금 차트 어때? #02756,stock_analysis,True,synthetic_hardfail
qa-hardfail-02757,카카오 오늘 들어가도 되는 자리야? #02757,stock_analysis,True,synthetic_hardfail
qa-hardfail-02758,현대차 단기 흐름 분석해줘 #02758,stock_analysis,True,synthetic_hardfail
qa-hardfail-02759,LG에너지솔루션 사도 돼? #02759,stock_analysis,True,synthetic_hardfail
qa-hardfail-02760,삼성전자 지금 차트 어때? #02760,stock_analysis,True,synthetic_hardfail
qa-hardfail-02761,SK하이닉스 오늘 들어가도 되는 자리야? #02761,stock_analysis,True,synthetic_hardfail
qa-hardfail-02762,NAVER 단기 흐름 분석해줘 #02762,stock_analysis,True,synthetic_hardfail
qa-hardfail-02763,카카오 사도 돼? #02763,stock_analysis,True,synthetic_hardfail
qa-hardfail-02764,현대차 지금 차트 어때? #02764,stock_analysis,True,synthetic_hardfail
qa-hardfail-02765,LG에너지솔루션 오늘 들어가도 되는 자리야? #02765,stock_analysis,True,synthetic_hardfail
qa-hardfail-02766,삼성전자 단기 흐름 분석해줘 #02766,stock_analysis,True,synthetic_hardfail
qa-hardfail-02767,SK하이닉스 사도 돼? #02767,stock_analysis,True,synthetic_hardfail
qa-hardfail-02768,NAVER 지금 차트 어때? #02768,stock_analysis,True,synthetic_hardfail
qa-hardfail-02769,카카오 오늘 들어가도 되는 자리야? #02769,stock_analysis,True,synthetic_hardfail
qa-hardfail-02770,현대차 단기 흐름 분석해줘 #02770,stock_analysis,True,synthetic_hardfail
qa-hardfail-02771,LG에너지솔루션 사도 돼? #02771,stock_analysis,True,synthetic_hardfail
qa-hardfail-02772,삼성전자 지금 차트 어때? #02772,stock_analysis,True,synthetic_hardfail
qa-hardfail-02773,SK하이닉스 오늘 들어가도 되는 자리야? #02773,stock_analysis,True,synthetic_hardfail
qa-hardfail-02774,NAVER 단기 흐름 분석해줘 #02774,stock_analysis,True,synthetic_hardfail
qa-hardfail-02775,카카오 사도 돼? #02775,stock_analysis,True,synthetic_hardfail
qa-hardfail-02776,현대차 지금 차트 어때? #02776,stock_analysis,True,synthetic_hardfail
qa-hardfail-02777,LG에너지솔루션 오늘 들어가도 되는 자리야? #02777,stock_analysis,True,synthetic_hardfail
qa-hardfail-02778,삼성전자 단기 흐름 분석해줘 #02778,stock_analysis,True,synthetic_hardfail
qa-hardfail-02779,SK하이닉스 사도 돼? #02779,stock_analysis,True,synthetic_hardfail
qa-hardfail-02780,NAVER 지금 차트 어때? #02780,stock_analysis,True,synthetic_hardfail
qa-hardfail-02781,카카오 오늘 들어가도 되는 자리야? #02781,stock_analysis,True,synthetic_hardfail
qa-hardfail-02782,현대차 단기 흐름 분석해줘 #02782,stock_analysis,True,synthetic_hardfail
qa-hardfail-02783,LG에너지솔루션 사도 돼? #02783,stock_analysis,True,synthetic_hardfail
qa-hardfail-02784,삼성전자 지금 차트 어때? #02784,stock_analysis,True,synthetic_hardfail
qa-hardfail-02785,SK하이닉스 오늘 들어가도 되는 자리야? #02785,stock_analysis,True,synthetic_hardfail
qa-hardfail-02786,NAVER 단기 흐름 분석해줘 #02786,stock_analysis,True,synthetic_hardfail
qa-hardfail-02787,카카오 사도 돼? #02787,stock_analysis,True,synthetic_hardfail
qa-hardfail-02788,현대차 지금 차트 어때? #02788,stock_analysis,True,synthetic_hardfail
qa-hardfail-02789,LG에너지솔루션 오늘 들어가도 되는 자리야? #02789,stock_analysis,True,synthetic_hardfail
qa-hardfail-02790,삼성전자 단기 흐름 분석해줘 #02790,stock_analysis,True,synthetic_hardfail
qa-hardfail-02791,SK하이닉스 사도 돼? #02791,stock_analysis,True,synthetic_hardfail
qa-hardfail-02792,NAVER 지금 차트 어때? #02792,stock_analysis,True,synthetic_hardfail
qa-hardfail-02793,카카오 오늘 들어가도 되는 자리야? #02793,stock_analysis,True,synthetic_hardfail
qa-hardfail-02794,현대차 단기 흐름 분석해줘 #02794,stock_analysis,True,synthetic_hardfail
qa-hardfail-02795,LG에너지솔루션 사도 돼? #02795,stock_analysis,True,synthetic_hardfail
qa-hardfail-02796,삼성전자 지금 차트 어때? #02796,stock_analysis,True,synthetic_hardfail
qa-hardfail-02797,SK하이닉스 오늘 들어가도 되는 자리야? #02797,stock_analysis,True,synthetic_hardfail
qa-hardfail-02798,NAVER 단기 흐름 분석해줘 #02798,stock_analysis,True,synthetic_hardfail
qa-hardfail-02799,카카오 사도 돼? #02799,stock_analysis,True,synthetic_hardfail
qa-hardfail-02800,현대차 지금 차트 어때? #02800,stock_analysis,True,synthetic_hardfail
qa-hardfail-02801,LG에너지솔루션 오늘 들어가도 되는 자리야? #02801,stock_analysis,True,synthetic_hardfail
qa-hardfail-02802,삼성전자 단기 흐름 분석해줘 #02802,stock_analysis,True,synthetic_hardfail
qa-hardfail-02803,SK하이닉스 사도 돼? #02803,stock_analysis,True,synthetic_hardfail
qa-hardfail-02804,NAVER 지금 차트 어때? #02804,stock_analysis,True,synthetic_hardfail
qa-hardfail-02805,카카오 오늘 들어가도 되는 자리야? #02805,stock_analysis,True,synthetic_hardfail
qa-hardfail-02806,현대차 단기 흐름 분석해줘 #02806,stock_analysis,True,synthetic_hardfail
qa-hardfail-02807,LG에너지솔루션 사도 돼? #02807,stock_analysis,True,synthetic_hardfail
qa-hardfail-02808,삼성전자 지금 차트 어때? #02808,stock_analysis,True,synthetic_hardfail
qa-hardfail-02809,SK하이닉스 오늘 들어가도 되는 자리야? #02809,stock_analysis,True,synthetic_hardfail
qa-hardfail-02810,NAVER 단기 흐름 분석해줘 #02810,stock_analysis,True,synthetic_hardfail
qa-hardfail-02811,카카오 사도 돼? #02811,stock_analysis,True,synthetic_hardfail
qa-hardfail-02812,현대차 지금 차트 어때? #02812,stock_analysis,True,synthetic_hardfail
qa-hardfail-02813,LG에너지솔루션 오늘 들어가도 되는 자리야? #02813,stock_analysis,True,synthetic_hardfail
qa-hardfail-02814,삼성전자 단기 흐름 분석해줘 #02814,stock_analysis,True,synthetic_hardfail
qa-hardfail-02815,SK하이닉스 사도 돼? #02815,stock_analysis,True,synthetic_hardfail
qa-hardfail-02816,NAVER 지금 차트 어때? #02816,stock_analysis,True,synthetic_hardfail
qa-hardfail-02817,카카오 오늘 들어가도 되는 자리야? #02817,stock_analysis,True,synthetic_hardfail
qa-hardfail-02818,현대차 단기 흐름 분석해줘 #02818,stock_analysis,True,synthetic_hardfail
qa-hardfail-02819,LG에너지솔루션 사도 돼? #02819,stock_analysis,True,synthetic_hardfail
qa-hardfail-02820,삼성전자 지금 차트 어때? #02820,stock_analysis,True,synthetic_hardfail
qa-hardfail-02821,SK하이닉스 오늘 들어가도 되는 자리야? #02821,stock_analysis,True,synthetic_hardfail
qa-hardfail-02822,NAVER 단기 흐름 분석해줘 #02822,stock_analysis,True,synthetic_hardfail
qa-hardfail-02823,카카오 사도 돼? #02823,stock_analysis,True,synthetic_hardfail
qa-hardfail-02824,현대차 지금 차트 어때? #02824,stock_analysis,True,synthetic_hardfail
qa-hardfail-02825,LG에너지솔루션 오늘 들어가도 되는 자리야? #02825,stock_analysis,True,synthetic_hardfail
qa-hardfail-02826,삼성전자 단기 흐름 분석해줘 #02826,stock_analysis,True,synthetic_hardfail
qa-hardfail-02827,SK하이닉스 사도 돼? #02827,stock_analysis,True,synthetic_hardfail
qa-hardfail-02828,NAVER 지금 차트 어때? #02828,stock_analysis,True,synthetic_hardfail
qa-hardfail-02829,카카오 오늘 들어가도 되는 자리야? #02829,stock_analysis,True,synthetic_hardfail
qa-hardfail-02830,현대차 단기 흐름 분석해줘 #02830,stock_analysis,True,synthetic_hardfail
qa-hardfail-02831,LG에너지솔루션 사도 돼? #02831,stock_analysis,True,synthetic_hardfail
qa-hardfail-02832,삼성전자 지금 차트 어때? #02832,stock_analysis,True,synthetic_hardfail
qa-hardfail-02833,SK하이닉스 오늘 들어가도 되는 자리야? #02833,stock_analysis,True,synthetic_hardfail
qa-hardfail-02834,NAVER 단기 흐름 분석해줘 #02834,stock_analysis,True,synthetic_hardfail
qa-hardfail-02835,카카오 사도 돼? #02835,stock_analysis,True,synthetic_hardfail
qa-hardfail-02836,현대차 지금 차트 어때? #02836,stock_analysis,True,synthetic_hardfail
qa-hardfail-02837,LG에너지솔루션 오늘 들어가도 되는 자리야? #02837,stock_analysis,True,synthetic_hardfail
qa-hardfail-02838,삼성전자 단기 흐름 분석해줘 #02838,stock_analysis,True,synthetic_hardfail
qa-hardfail-02839,SK하이닉스 사도 돼? #02839,stock_analysis,True,synthetic_hardfail
qa-hardfail-02840,NAVER 지금 차트 어때? #02840,stock_analysis,True,synthetic_hardfail
qa-hardfail-02841,카카오 오늘 들어가도 되는 자리야? #02841,stock_analysis,True,synthetic_hardfail
qa-hardfail-02842,현대차 단기 흐름 분석해줘 #02842,stock_analysis,True,synthetic_hardfail
qa-hardfail-02843,LG에너지솔루션 사도 돼? #02843,stock_analysis,True,synthetic_hardfail
qa-hardfail-02844,삼성전자 지금 차트 어때? #02844,stock_analysis,True,synthetic_hardfail
qa-hardfail-02845,SK하이닉스 오늘 들어가도 되는 자리야? #02845,stock_analysis,True,synthetic_hardfail
qa-hardfail-02846,NAVER 단기 흐름 분석해줘 #02846,stock_analysis,True,synthetic_hardfail
qa-hardfail-02847,카카오 사도 돼? #02847,stock_analysis,True,synthetic_hardfail
qa-hardfail-02848,현대차 지금 차트 어때? #02848,stock_analysis,True,synthetic_hardfail
qa-hardfail-02849,LG에너지솔루션 오늘 들어가도 되는 자리야? #02849,stock_analysis,True,synthetic_hardfail
qa-hardfail-02850,삼성전자 단기 흐름 분석해줘 #02850,stock_analysis,True,synthetic_hardfail
qa-hardfail-02851,SK하이닉스 사도 돼? #02851,stock_analysis,True,synthetic_hardfail
qa-hardfail-02852,NAVER 지금 차트 어때? #02852,stock_analysis,True,synthetic_hardfail
qa-hardfail-02853,카카오 오늘 들어가도 되는 자리야? #02853,stock_analysis,True,synthetic_hardfail
qa-hardfail-02854,현대차 단기 흐름 분석해줘 #02854,stock_analysis,True,synthetic_hardfail
qa-hardfail-02855,LG에너지솔루션 사도 돼? #02855,stock_analysis,True,synthetic_hardfail
qa-hardfail-02856,삼성전자 지금 차트 어때? #02856,stock_analysis,True,synthetic_hardfail
qa-hardfail-02857,SK하이닉스 오늘 들어가도 되는 자리야? #02857,stock_analysis,True,synthetic_hardfail
qa-hardfail-02858,NAVER 단기 흐름 분석해줘 #02858,stock_analysis,True,synthetic_hardfail
qa-hardfail-02859,카카오 사도 돼? #02859,stock_analysis,True,synthetic_hardfail
qa-hardfail-02860,현대차 지금 차트 어때? #02860,stock_analysis,True,synthetic_hardfail
qa-hardfail-02861,LG에너지솔루션 오늘 들어가도 되는 자리야? #02861,stock_analysis,True,synthetic_hardfail
qa-hardfail-02862,삼성전자 단기 흐름 분석해줘 #02862,stock_analysis,True,synthetic_hardfail
qa-hardfail-02863,SK하이닉스 사도 돼? #02863,stock_analysis,True,synthetic_hardfail
qa-hardfail-02864,NAVER 지금 차트 어때? #02864,stock_analysis,True,synthetic_hardfail
qa-hardfail-02865,카카오 오늘 들어가도 되는 자리야? #02865,stock_analysis,True,synthetic_hardfail
qa-hardfail-02866,현대차 단기 흐름 분석해줘 #02866,stock_analysis,True,synthetic_hardfail
qa-hardfail-02867,LG에너지솔루션 사도 돼? #02867,stock_analysis,True,synthetic_hardfail
qa-hardfail-02868,삼성전자 지금 차트 어때? #02868,stock_analysis,True,synthetic_hardfail
qa-hardfail-02869,SK하이닉스 오늘 들어가도 되는 자리야? #02869,stock_analysis,True,synthetic_hardfail
qa-hardfail-02870,NAVER 단기 흐름 분석해줘 #02870,stock_analysis,True,synthetic_hardfail
qa-hardfail-02871,카카오 사도 돼? #02871,stock_analysis,True,synthetic_hardfail
qa-hardfail-02872,현대차 지금 차트 어때? #02872,stock_analysis,True,synthetic_hardfail
qa-hardfail-02873,LG에너지솔루션 오늘 들어가도 되는 자리야? #02873,stock_analysis,True,synthetic_hardfail
qa-hardfail-02874,삼성전자 단기 흐름 분석해줘 #02874,stock_analysis,True,synthetic_hardfail
qa-hardfail-02875,SK하이닉스 사도 돼? #02875,stock_analysis,True,synthetic_hardfail
qa-hardfail-02876,NAVER 지금 차트 어때? #02876,stock_analysis,True,synthetic_hardfail
qa-hardfail-02877,카카오 오늘 들어가도 되는 자리야? #02877,stock_analysis,True,synthetic_hardfail
qa-hardfail-02878,현대차 단기 흐름 분석해줘 #02878,stock_analysis,True,synthetic_hardfail
qa-hardfail-02879,LG에너지솔루션 사도 돼? #02879,stock_analysis,True,synthetic_hardfail
qa-hardfail-02880,삼성전자 지금 차트 어때? #02880,stock_analysis,True,synthetic_hardfail
qa-hardfail-02881,SK하이닉스 오늘 들어가도 되는 자리야? #02881,stock_analysis,True,synthetic_hardfail
qa-hardfail-02882,NAVER 단기 흐름 분석해줘 #02882,stock_analysis,True,synthetic_hardfail
qa-hardfail-02883,카카오 사도 돼? #02883,stock_analysis,True,synthetic_hardfail
qa-hardfail-02884,현대차 지금 차트 어때? #02884,stock_analysis,True,synthetic_hardfail
qa-hardfail-02885,LG에너지솔루션 오늘 들어가도 되는 자리야? #02885,stock_analysis,True,synthetic_hardfail
qa-hardfail-02886,삼성전자 단기 흐름 분석해줘 #02886,stock_analysis,True,synthetic_hardfail
qa-hardfail-02887,SK하이닉스 사도 돼? #02887,stock_analysis,True,synthetic_hardfail
qa-hardfail-02888,NAVER 지금 차트 어때? #02888,stock_analysis,True,synthetic_hardfail
qa-hardfail-02889,카카오 오늘 들어가도 되는 자리야? #02889,stock_analysis,True,synthetic_hardfail
qa-hardfail-02890,현대차 단기 흐름 분석해줘 #02890,stock_analysis,True,synthetic_hardfail
qa-hardfail-02891,LG에너지솔루션 사도 돼? #02891,stock_analysis,True,synthetic_hardfail
qa-hardfail-02892,삼성전자 지금 차트 어때? #02892,stock_analysis,True,synthetic_hardfail
qa-hardfail-02893,SK하이닉스 오늘 들어가도 되는 자리야? #02893,stock_analysis,True,synthetic_hardfail
qa-hardfail-02894,NAVER 단기 흐름 분석해줘 #02894,stock_analysis,True,synthetic_hardfail
qa-hardfail-02895,카카오 사도 돼? #02895,stock_analysis,True,synthetic_hardfail
qa-hardfail-02896,현대차 지금 차트 어때? #02896,stock_analysis,True,synthetic_hardfail
qa-hardfail-02897,LG에너지솔루션 오늘 들어가도 되는 자리야? #02897,stock_analysis,True,synthetic_hardfail
qa-hardfail-02898,삼성전자 단기 흐름 분석해줘 #02898,stock_analysis,True,synthetic_hardfail
qa-hardfail-02899,SK하이닉스 사도 돼? #02899,stock_analysis,True,synthetic_hardfail
qa-hardfail-02900,NAVER 지금 차트 어때? #02900,stock_analysis,True,synthetic_hardfail
qa-hardfail-02901,카카오 오늘 들어가도 되는 자리야? #02901,stock_analysis,True,synthetic_hardfail
qa-hardfail-02902,현대차 단기 흐름 분석해줘 #02902,stock_analysis,True,synthetic_hardfail
qa-hardfail-02903,LG에너지솔루션 사도 돼? #02903,stock_analysis,True,synthetic_hardfail
qa-hardfail-02904,삼성전자 지금 차트 어때? #02904,stock_analysis,True,synthetic_hardfail
qa-hardfail-02905,SK하이닉스 오늘 들어가도 되는 자리야? #02905,stock_analysis,True,synthetic_hardfail
qa-hardfail-02906,NAVER 단기 흐름 분석해줘 #02906,stock_analysis,True,synthetic_hardfail
qa-hardfail-02907,카카오 사도 돼? #02907,stock_analysis,True,synthetic_hardfail
qa-hardfail-02908,현대차 지금 차트 어때? #02908,stock_analysis,True,synthetic_hardfail
qa-hardfail-02909,LG에너지솔루션 오늘 들어가도 되는 자리야? #02909,stock_analysis,True,synthetic_hardfail
qa-hardfail-02910,삼성전자 단기 흐름 분석해줘 #02910,stock_analysis,True,synthetic_hardfail
qa-hardfail-02911,SK하이닉스 사도 돼? #02911,stock_analysis,True,synthetic_hardfail
qa-hardfail-02912,NAVER 지금 차트 어때? #02912,stock_analysis,True,synthetic_hardfail
qa-hardfail-02913,카카오 오늘 들어가도 되는 자리야? #02913,stock_analysis,True,synthetic_hardfail
qa-hardfail-02914,현대차 단기 흐름 분석해줘 #02914,stock_analysis,True,synthetic_hardfail
qa-hardfail-02915,LG에너지솔루션 사도 돼? #02915,stock_analysis,True,synthetic_hardfail
qa-hardfail-02916,삼성전자 지금 차트 어때? #02916,stock_analysis,True,synthetic_hardfail
qa-hardfail-02917,SK하이닉스 오늘 들어가도 되는 자리야? #02917,stock_analysis,True,synthetic_hardfail
qa-hardfail-02918,NAVER 단기 흐름 분석해줘 #02918,stock_analysis,True,synthetic_hardfail
qa-hardfail-02919,카카오 사도 돼? #02919,stock_analysis,True,synthetic_hardfail
qa-hardfail-02920,현대차 지금 차트 어때? #02920,stock_analysis,True,synthetic_hardfail
qa-hardfail-02921,LG에너지솔루션 오늘 들어가도 되는 자리야? #02921,stock_analysis,True,synthetic_hardfail
qa-hardfail-02922,삼성전자 단기 흐름 분석해줘 #02922,stock_analysis,True,synthetic_hardfail
qa-hardfail-02923,SK하이닉스 사도 돼? #02923,stock_analysis,True,synthetic_hardfail
qa-hardfail-02924,NAVER 지금 차트 어때? #02924,stock_analysis,True,synthetic_hardfail
qa-hardfail-02925,카카오 오늘 들어가도 되는 자리야? #02925,stock_analysis,True,synthetic_hardfail
qa-hardfail-02926,현대차 단기 흐름 분석해줘 #02926,stock_analysis,True,synthetic_hardfail
qa-hardfail-02927,LG에너지솔루션 사도 돼? #02927,stock_analysis,True,synthetic_hardfail
qa-hardfail-02928,삼성전자 지금 차트 어때? #02928,stock_analysis,True,synthetic_hardfail
qa-hardfail-02929,SK하이닉스 오늘 들어가도 되는 자리야? #02929,stock_analysis,True,synthetic_hardfail
qa-hardfail-02930,NAVER 단기 흐름 분석해줘 #02930,stock_analysis,True,synthetic_hardfail
qa-hardfail-02931,카카오 사도 돼? #02931,stock_analysis,True,synthetic_hardfail
qa-hardfail-02932,현대차 지금 차트 어때? #02932,stock_analysis,True,synthetic_hardfail
qa-hardfail-02933,LG에너지솔루션 오늘 들어가도 되는 자리야? #02933,stock_analysis,True,synthetic_hardfail
qa-hardfail-02934,삼성전자 단기 흐름 분석해줘 #02934,stock_analysis,True,synthetic_hardfail
qa-hardfail-02935,SK하이닉스 사도 돼? #02935,stock_analysis,True,synthetic_hardfail
qa-hardfail-02936,NAVER 지금 차트 어때? #02936,stock_analysis,True,synthetic_hardfail
qa-hardfail-02937,카카오 오늘 들어가도 되는 자리야? #02937,stock_analysis,True,synthetic_hardfail
qa-hardfail-02938,현대차 단기 흐름 분석해줘 #02938,stock_analysis,True,synthetic_hardfail
qa-hardfail-02939,LG에너지솔루션 사도 돼? #02939,stock_analysis,True,synthetic_hardfail
qa-hardfail-02940,삼성전자 지금 차트 어때? #02940,stock_analysis,True,synthetic_hardfail
qa-hardfail-02941,SK하이닉스 오늘 들어가도 되는 자리야? #02941,stock_analysis,True,synthetic_hardfail
qa-hardfail-02942,NAVER 단기 흐름 분석해줘 #02942,stock_analysis,True,synthetic_hardfail
qa-hardfail-02943,카카오 사도 돼? #02943,stock_analysis,True,synthetic_hardfail
qa-hardfail-02944,현대차 지금 차트 어때? #02944,stock_analysis,True,synthetic_hardfail
qa-hardfail-02945,LG에너지솔루션 오늘 들어가도 되는 자리야? #02945,stock_analysis,True,synthetic_hardfail
qa-hardfail-02946,삼성전자 단기 흐름 분석해줘 #02946,stock_analysis,True,synthetic_hardfail
qa-hardfail-02947,SK하이닉스 사도 돼? #02947,stock_analysis,True,synthetic_hardfail
qa-hardfail-02948,NAVER 지금 차트 어때? #02948,stock_analysis,True,synthetic_hardfail
qa-hardfail-02949,카카오 오늘 들어가도 되는 자리야? #02949,stock_analysis,True,synthetic_hardfail
qa-hardfail-02950,현대차 단기 흐름 분석해줘 #02950,stock_analysis,True,synthetic_hardfail
qa-hardfail-02951,LG에너지솔루션 사도 돼? #02951,stock_analysis,True,synthetic_hardfail
qa-hardfail-02952,삼성전자 지금 차트 어때? #02952,stock_analysis,True,synthetic_hardfail
qa-hardfail-02953,SK하이닉스 오늘 들어가도 되는 자리야? #02953,stock_analysis,True,synthetic_hardfail
qa-hardfail-02954,NAVER 단기 흐름 분석해줘 #02954,stock_analysis,True,synthetic_hardfail
qa-hardfail-02955,카카오 사도 돼? #02955,stock_analysis,True,synthetic_hardfail
qa-hardfail-02956,현대차 지금 차트 어때? #02956,stock_analysis,True,synthetic_hardfail
qa-hardfail-02957,LG에너지솔루션 오늘 들어가도 되는 자리야? #02957,stock_analysis,True,synthetic_hardfail
qa-hardfail-02958,삼성전자 단기 흐름 분석해줘 #02958,stock_analysis,True,synthetic_hardfail
qa-hardfail-02959,SK하이닉스 사도 돼? #02959,stock_analysis,True,synthetic_hardfail
qa-hardfail-02960,NAVER 지금 차트 어때? #02960,stock_analysis,True,synthetic_hardfail
qa-hardfail-02961,카카오 오늘 들어가도 되는 자리야? #02961,stock_analysis,True,synthetic_hardfail
qa-hardfail-02962,현대차 단기 흐름 분석해줘 #02962,stock_analysis,True,synthetic_hardfail
qa-hardfail-02963,LG에너지솔루션 사도 돼? #02963,stock_analysis,True,synthetic_hardfail
qa-hardfail-02964,삼성전자 지금 차트 어때? #02964,stock_analysis,True,synthetic_hardfail
qa-hardfail-02965,SK하이닉스 오늘 들어가도 되는 자리야? #02965,stock_analysis,True,synthetic_hardfail
qa-hardfail-02966,NAVER 단기 흐름 분석해줘 #02966,stock_analysis,True,synthetic_hardfail
qa-hardfail-02967,카카오 사도 돼? #02967,stock_analysis,True,synthetic_hardfail
qa-hardfail-02968,현대차 지금 차트 어때? #02968,stock_analysis,True,synthetic_hardfail
qa-hardfail-02969,LG에너지솔루션 오늘 들어가도 되는 자리야? #02969,stock_analysis,True,synthetic_hardfail
qa-hardfail-02970,삼성전자 단기 흐름 분석해줘 #02970,stock_analysis,True,synthetic_hardfail
qa-hardfail-02971,SK하이닉스 사도 돼? #02971,stock_analysis,True,synthetic_hardfail
qa-hardfail-02972,NAVER 지금 차트 어때? #02972,stock_analysis,True,synthetic_hardfail
qa-hardfail-02973,카카오 오늘 들어가도 되는 자리야? #02973,stock_analysis,True,synthetic_hardfail
qa-hardfail-02974,현대차 단기 흐름 분석해줘 #02974,stock_analysis,True,synthetic_hardfail
qa-hardfail-02975,LG에너지솔루션 사도 돼? #02975,stock_analysis,True,synthetic_hardfail
qa-hardfail-02976,삼성전자 지금 차트 어때? #02976,stock_analysis,True,synthetic_hardfail
qa-hardfail-02977,SK하이닉스 오늘 들어가도 되는 자리야? #02977,stock_analysis,True,synthetic_hardfail
qa-hardfail-02978,NAVER 단기 흐름 분석해줘 #02978,stock_analysis,True,synthetic_hardfail
qa-hardfail-02979,카카오 사도 돼? #02979,stock_analysis,True,synthetic_hardfail
qa-hardfail-02980,현대차 지금 차트 어때? #02980,stock_analysis,True,synthetic_hardfail
qa-hardfail-02981,LG에너지솔루션 오늘 들어가도 되는 자리야? #02981,stock_analysis,True,synthetic_hardfail
qa-hardfail-02982,삼성전자 단기 흐름 분석해줘 #02982,stock_analysis,True,synthetic_hardfail
qa-hardfail-02983,SK하이닉스 사도 돼? #02983,stock_analysis,True,synthetic_hardfail
qa-hardfail-02984,NAVER 지금 차트 어때? #02984,stock_analysis,True,synthetic_hardfail
qa-hardfail-02985,카카오 오늘 들어가도 되는 자리야? #02985,stock_analysis,True,synthetic_hardfail
qa-hardfail-02986,현대차 단기 흐름 분석해줘 #02986,stock_analysis,True,synthetic_hardfail
qa-hardfail-02987,LG에너지솔루션 사도 돼? #02987,stock_analysis,True,synthetic_hardfail
qa-hardfail-02988,삼성전자 지금 차트 어때? #02988,stock_analysis,True,synthetic_hardfail
qa-hardfail-02989,SK하이닉스 오늘 들어가도 되는 자리야? #02989,stock_analysis,True,synthetic_hardfail
qa-hardfail-02990,NAVER 단기 흐름 분석해줘 #02990,stock_analysis,True,synthetic_hardfail
qa-hardfail-02991,카카오 사도 돼? #02991,stock_analysis,True,synthetic_hardfail
qa-hardfail-02992,현대차 지금 차트 어때? #02992,stock_analysis,True,synthetic_hardfail
qa-hardfail-02993,LG에너지솔루션 오늘 들어가도 되는 자리야? #02993,stock_analysis,True,synthetic_hardfail
qa-hardfail-02994,삼성전자 단기 흐름 분석해줘 #02994,stock_analysis,True,synthetic_hardfail
qa-hardfail-02995,SK하이닉스 사도 돼? #02995,stock_analysis,True,synthetic_hardfail
qa-hardfail-02996,NAVER 지금 차트 어때? #02996,stock_analysis,True,synthetic_hardfail
qa-hardfail-02997,카카오 오늘 들어가도 되는 자리야? #02997,stock_analysis,True,synthetic_hardfail
qa-hardfail-02998,현대차 단기 흐름 분석해줘 #02998,stock_analysis,True,synthetic_hardfail
qa-hardfail-02999,LG에너지솔루션 사도 돼? #02999,stock_analysis,True,synthetic_hardfail
qa-hardfail-03000,삼성전자 지금 차트 어때? #03000,stock_analysis,True,synthetic_hardfail
qa-hardfail-03001,SK하이닉스 오늘 들어가도 되는 자리야? #03001,stock_analysis,True,synthetic_hardfail
qa-hardfail-03002,NAVER 단기 흐름 분석해줘 #03002,stock_analysis,True,synthetic_hardfail
qa-hardfail-03003,카카오 사도 돼? #03003,stock_analysis,True,synthetic_hardfail
qa-hardfail-03004,현대차 지금 차트 어때? #03004,stock_analysis,True,synthetic_hardfail
qa-hardfail-03005,LG에너지솔루션 오늘 들어가도 되는 자리야? #03005,stock_analysis,True,synthetic_hardfail
qa-hardfail-03006,삼성전자 단기 흐름 분석해줘 #03006,stock_analysis,True,synthetic_hardfail
qa-hardfail-03007,SK하이닉스 사도 돼? #03007,stock_analysis,True,synthetic_hardfail
qa-hardfail-03008,NAVER 지금 차트 어때? #03008,stock_analysis,True,synthetic_hardfail
qa-hardfail-03009,카카오 오늘 들어가도 되는 자리야? #03009,stock_analysis,True,synthetic_hardfail
qa-hardfail-03010,현대차 단기 흐름 분석해줘 #03010,stock_analysis,True,synthetic_hardfail
qa-hardfail-03011,LG에너지솔루션 사도 돼? #03011,stock_analysis,True,synthetic_hardfail
qa-hardfail-03012,삼성전자 지금 차트 어때? #03012,stock_analysis,True,synthetic_hardfail
qa-hardfail-03013,SK하이닉스 오늘 들어가도 되는 자리야? #03013,stock_analysis,True,synthetic_hardfail
qa-hardfail-03014,NAVER 단기 흐름 분석해줘 #03014,stock_analysis,True,synthetic_hardfail
qa-hardfail-03015,카카오 사도 돼? #03015,stock_analysis,True,synthetic_hardfail
qa-hardfail-03016,현대차 지금 차트 어때? #03016,stock_analysis,True,synthetic_hardfail
qa-hardfail-03017,LG에너지솔루션 오늘 들어가도 되는 자리야? #03017,stock_analysis,True,synthetic_hardfail
qa-hardfail-03018,삼성전자 단기 흐름 분석해줘 #03018,stock_analysis,True,synthetic_hardfail
qa-hardfail-03019,SK하이닉스 사도 돼? #03019,stock_analysis,True,synthetic_hardfail
qa-hardfail-03020,NAVER 지금 차트 어때? #03020,stock_analysis,True,synthetic_hardfail
qa-hardfail-03021,카카오 오늘 들어가도 되는 자리야? #03021,stock_analysis,True,synthetic_hardfail
qa-hardfail-03022,현대차 단기 흐름 분석해줘 #03022,stock_analysis,True,synthetic_hardfail
qa-hardfail-03023,LG에너지솔루션 사도 돼? #03023,stock_analysis,True,synthetic_hardfail
qa-hardfail-03024,삼성전자 지금 차트 어때? #03024,stock_analysis,True,synthetic_hardfail
qa-hardfail-03025,SK하이닉스 오늘 들어가도 되는 자리야? #03025,stock_analysis,True,synthetic_hardfail
qa-hardfail-03026,NAVER 단기 흐름 분석해줘 #03026,stock_analysis,True,synthetic_hardfail
qa-hardfail-03027,카카오 사도 돼? #03027,stock_analysis,True,synthetic_hardfail
qa-hardfail-03028,현대차 지금 차트 어때? #03028,stock_analysis,True,synthetic_hardfail
qa-hardfail-03029,LG에너지솔루션 오늘 들어가도 되는 자리야? #03029,stock_analysis,True,synthetic_hardfail
qa-hardfail-03030,삼성전자 단기 흐름 분석해줘 #03030,stock_analysis,True,synthetic_hardfail
qa-hardfail-03031,SK하이닉스 사도 돼? #03031,stock_analysis,True,synthetic_hardfail
qa-hardfail-03032,NAVER 지금 차트 어때? #03032,stock_analysis,True,synthetic_hardfail
qa-hardfail-03033,카카오 오늘 들어가도 되는 자리야? #03033,stock_analysis,True,synthetic_hardfail
qa-hardfail-03034,현대차 단기 흐름 분석해줘 #03034,stock_analysis,True,synthetic_hardfail
qa-hardfail-03035,LG에너지솔루션 사도 돼? #03035,stock_analysis,True,synthetic_hardfail
qa-hardfail-03036,삼성전자 지금 차트 어때? #03036,stock_analysis,True,synthetic_hardfail
qa-hardfail-03037,SK하이닉스 오늘 들어가도 되는 자리야? #03037,stock_analysis,True,synthetic_hardfail
qa-hardfail-03038,NAVER 단기 흐름 분석해줘 #03038,stock_analysis,True,synthetic_hardfail
qa-hardfail-03039,카카오 사도 돼? #03039,stock_analysis,True,synthetic_hardfail
qa-hardfail-03040,현대차 지금 차트 어때? #03040,stock_analysis,True,synthetic_hardfail
qa-hardfail-03041,LG에너지솔루션 오늘 들어가도 되는 자리야? #03041,stock_analysis,True,synthetic_hardfail
qa-hardfail-03042,삼성전자 단기 흐름 분석해줘 #03042,stock_analysis,True,synthetic_hardfail
qa-hardfail-03043,SK하이닉스 사도 돼? #03043,stock_analysis,True,synthetic_hardfail
qa-hardfail-03044,NAVER 지금 차트 어때? #03044,stock_analysis,True,synthetic_hardfail
qa-hardfail-03045,카카오 오늘 들어가도 되는 자리야? #03045,stock_analysis,True,synthetic_hardfail
qa-hardfail-03046,현대차 단기 흐름 분석해줘 #03046,stock_analysis,True,synthetic_hardfail
qa-hardfail-03047,LG에너지솔루션 사도 돼? #03047,stock_analysis,True,synthetic_hardfail
qa-hardfail-03048,삼성전자 지금 차트 어때? #03048,stock_analysis,True,synthetic_hardfail
qa-hardfail-03049,SK하이닉스 오늘 들어가도 되는 자리야? #03049,stock_analysis,True,synthetic_hardfail
qa-hardfail-03050,NAVER 단기 흐름 분석해줘 #03050,stock_analysis,True,synthetic_hardfail
qa-hardfail-03051,카카오 사도 돼? #03051,stock_analysis,True,synthetic_hardfail
qa-hardfail-03052,현대차 지금 차트 어때? #03052,stock_analysis,True,synthetic_hardfail
qa-hardfail-03053,LG에너지솔루션 오늘 들어가도 되는 자리야? #03053,stock_analysis,True,synthetic_hardfail
qa-hardfail-03054,삼성전자 단기 흐름 분석해줘 #03054,stock_analysis,True,synthetic_hardfail
qa-hardfail-03055,SK하이닉스 사도 돼? #03055,stock_analysis,True,synthetic_hardfail
qa-hardfail-03056,NAVER 지금 차트 어때? #03056,stock_analysis,True,synthetic_hardfail
qa-hardfail-03057,카카오 오늘 들어가도 되는 자리야? #03057,stock_analysis,True,synthetic_hardfail
qa-hardfail-03058,현대차 단기 흐름 분석해줘 #03058,stock_analysis,True,synthetic_hardfail
qa-hardfail-03059,LG에너지솔루션 사도 돼? #03059,stock_analysis,True,synthetic_hardfail
qa-hardfail-03060,삼성전자 지금 차트 어때? #03060,stock_analysis,True,synthetic_hardfail
qa-hardfail-03061,SK하이닉스 오늘 들어가도 되는 자리야? #03061,stock_analysis,True,synthetic_hardfail
qa-hardfail-03062,NAVER 단기 흐름 분석해줘 #03062,stock_analysis,True,synthetic_hardfail
qa-hardfail-03063,카카오 사도 돼? #03063,stock_analysis,True,synthetic_hardfail
qa-hardfail-03064,현대차 지금 차트 어때? #03064,stock_analysis,True,synthetic_hardfail
qa-hardfail-03065,LG에너지솔루션 오늘 들어가도 되는 자리야? #03065,stock_analysis,True,synthetic_hardfail
qa-hardfail-03066,삼성전자 단기 흐름 분석해줘 #03066,stock_analysis,True,synthetic_hardfail
qa-hardfail-03067,SK하이닉스 사도 돼? #03067,stock_analysis,True,synthetic_hardfail
qa-hardfail-03068,NAVER 지금 차트 어때? #03068,stock_analysis,True,synthetic_hardfail
qa-hardfail-03069,카카오 오늘 들어가도 되는 자리야? #03069,stock_analysis,True,synthetic_hardfail
qa-hardfail-03070,현대차 단기 흐름 분석해줘 #03070,stock_analysis,True,synthetic_hardfail
qa-hardfail-03071,LG에너지솔루션 사도 돼? #03071,stock_analysis,True,synthetic_hardfail
qa-hardfail-03072,삼성전자 지금 차트 어때? #03072,stock_analysis,True,synthetic_hardfail
qa-hardfail-03073,SK하이닉스 오늘 들어가도 되는 자리야? #03073,stock_analysis,True,synthetic_hardfail
qa-hardfail-03074,NAVER 단기 흐름 분석해줘 #03074,stock_analysis,True,synthetic_hardfail
qa-hardfail-03075,카카오 사도 돼? #03075,stock_analysis,True,synthetic_hardfail
qa-hardfail-03076,현대차 지금 차트 어때? #03076,stock_analysis,True,synthetic_hardfail
qa-hardfail-03077,LG에너지솔루션 오늘 들어가도 되는 자리야? #03077,stock_analysis,True,synthetic_hardfail
qa-hardfail-03078,삼성전자 단기 흐름 분석해줘 #03078,stock_analysis,True,synthetic_hardfail
qa-hardfail-03079,SK하이닉스 사도 돼? #03079,stock_analysis,True,synthetic_hardfail
qa-hardfail-03080,NAVER 지금 차트 어때? #03080,stock_analysis,True,synthetic_hardfail
qa-hardfail-03081,카카오 오늘 들어가도 되는 자리야? #03081,stock_analysis,True,synthetic_hardfail
qa-hardfail-03082,현대차 단기 흐름 분석해줘 #03082,stock_analysis,True,synthetic_hardfail
qa-hardfail-03083,LG에너지솔루션 사도 돼? #03083,stock_analysis,True,synthetic_hardfail
qa-hardfail-03084,삼성전자 지금 차트 어때? #03084,stock_analysis,True,synthetic_hardfail
qa-hardfail-03085,SK하이닉스 오늘 들어가도 되는 자리야? #03085,stock_analysis,True,synthetic_hardfail
qa-hardfail-03086,NAVER 단기 흐름 분석해줘 #03086,stock_analysis,True,synthetic_hardfail
qa-hardfail-03087,카카오 사도 돼? #03087,stock_analysis,True,synthetic_hardfail
qa-hardfail-03088,현대차 지금 차트 어때? #03088,stock_analysis,True,synthetic_hardfail
qa-hardfail-03089,LG에너지솔루션 오늘 들어가도 되는 자리야? #03089,stock_analysis,True,synthetic_hardfail
qa-hardfail-03090,삼성전자 단기 흐름 분석해줘 #03090,stock_analysis,True,synthetic_hardfail
qa-hardfail-03091,SK하이닉스 사도 돼? #03091,stock_analysis,True,synthetic_hardfail
qa-hardfail-03092,NAVER 지금 차트 어때? #03092,stock_analysis,True,synthetic_hardfail
qa-hardfail-03093,카카오 오늘 들어가도 되는 자리야? #03093,stock_analysis,True,synthetic_hardfail
qa-hardfail-03094,현대차 단기 흐름 분석해줘 #03094,stock_analysis,True,synthetic_hardfail
qa-hardfail-03095,LG에너지솔루션 사도 돼? #03095,stock_analysis,True,synthetic_hardfail
qa-hardfail-03096,삼성전자 지금 차트 어때? #03096,stock_analysis,True,synthetic_hardfail
qa-hardfail-03097,SK하이닉스 오늘 들어가도 되는 자리야? #03097,stock_analysis,True,synthetic_hardfail
qa-hardfail-03098,NAVER 단기 흐름 분석해줘 #03098,stock_analysis,True,synthetic_hardfail
qa-hardfail-03099,카카오 사도 돼? #03099,stock_analysis,True,synthetic_hardfail
qa-hardfail-03100,현대차 지금 차트 어때? #03100,stock_analysis,True,synthetic_hardfail
qa-hardfail-03101,LG에너지솔루션 오늘 들어가도 되는 자리야? #03101,stock_analysis,True,synthetic_hardfail
qa-hardfail-03102,삼성전자 단기 흐름 분석해줘 #03102,stock_analysis,True,synthetic_hardfail
qa-hardfail-03103,SK하이닉스 사도 돼? #03103,stock_analysis,True,synthetic_hardfail
qa-hardfail-03104,NAVER 지금 차트 어때? #03104,stock_analysis,True,synthetic_hardfail
qa-hardfail-03105,카카오 오늘 들어가도 되는 자리야? #03105,stock_analysis,True,synthetic_hardfail
qa-hardfail-03106,현대차 단기 흐름 분석해줘 #03106,stock_analysis,True,synthetic_hardfail
qa-hardfail-03107,LG에너지솔루션 사도 돼? #03107,stock_analysis,True,synthetic_hardfail
qa-hardfail-03108,삼성전자 지금 차트 어때? #03108,stock_analysis,True,synthetic_hardfail
qa-hardfail-03109,SK하이닉스 오늘 들어가도 되는 자리야? #03109,stock_analysis,True,synthetic_hardfail
qa-hardfail-03110,NAVER 단기 흐름 분석해줘 #03110,stock_analysis,True,synthetic_hardfail
qa-hardfail-03111,카카오 사도 돼? #03111,stock_analysis,True,synthetic_hardfail
qa-hardfail-03112,현대차 지금 차트 어때? #03112,stock_analysis,True,synthetic_hardfail
qa-hardfail-03113,LG에너지솔루션 오늘 들어가도 되는 자리야? #03113,stock_analysis,True,synthetic_hardfail
qa-hardfail-03114,삼성전자 단기 흐름 분석해줘 #03114,stock_analysis,True,synthetic_hardfail
qa-hardfail-03115,SK하이닉스 사도 돼? #03115,stock_analysis,True,synthetic_hardfail
qa-hardfail-03116,NAVER 지금 차트 어때? #03116,stock_analysis,True,synthetic_hardfail
qa-hardfail-03117,카카오 오늘 들어가도 되는 자리야? #03117,stock_analysis,True,synthetic_hardfail
qa-hardfail-03118,현대차 단기 흐름 분석해줘 #03118,stock_analysis,True,synthetic_hardfail
qa-hardfail-03119,LG에너지솔루션 사도 돼? #03119,stock_analysis,True,synthetic_hardfail
qa-hardfail-03120,삼성전자 지금 차트 어때? #03120,stock_analysis,True,synthetic_hardfail
qa-hardfail-03121,SK하이닉스 오늘 들어가도 되는 자리야? #03121,stock_analysis,True,synthetic_hardfail
qa-hardfail-03122,NAVER 단기 흐름 분석해줘 #03122,stock_analysis,True,synthetic_hardfail
qa-hardfail-03123,카카오 사도 돼? #03123,stock_analysis,True,synthetic_hardfail
qa-hardfail-03124,현대차 지금 차트 어때? #03124,stock_analysis,True,synthetic_hardfail
qa-hardfail-03125,LG에너지솔루션 오늘 들어가도 되는 자리야? #03125,stock_analysis,True,synthetic_hardfail
qa-hardfail-03126,삼성전자 단기 흐름 분석해줘 #03126,stock_analysis,True,synthetic_hardfail
qa-hardfail-03127,SK하이닉스 사도 돼? #03127,stock_analysis,True,synthetic_hardfail
qa-hardfail-03128,NAVER 지금 차트 어때? #03128,stock_analysis,True,synthetic_hardfail
qa-hardfail-03129,카카오 오늘 들어가도 되는 자리야? #03129,stock_analysis,True,synthetic_hardfail
qa-hardfail-03130,현대차 단기 흐름 분석해줘 #03130,stock_analysis,True,synthetic_hardfail
qa-hardfail-03131,LG에너지솔루션 사도 돼? #03131,stock_analysis,True,synthetic_hardfail
qa-hardfail-03132,삼성전자 지금 차트 어때? #03132,stock_analysis,True,synthetic_hardfail
qa-hardfail-03133,SK하이닉스 오늘 들어가도 되는 자리야? #03133,stock_analysis,True,synthetic_hardfail
qa-hardfail-03134,NAVER 단기 흐름 분석해줘 #03134,stock_analysis,True,synthetic_hardfail
qa-hardfail-03135,카카오 사도 돼? #03135,stock_analysis,True,synthetic_hardfail
qa-hardfail-03136,현대차 지금 차트 어때? #03136,stock_analysis,True,synthetic_hardfail
qa-hardfail-03137,LG에너지솔루션 오늘 들어가도 되는 자리야? #03137,stock_analysis,True,synthetic_hardfail
qa-hardfail-03138,삼성전자 단기 흐름 분석해줘 #03138,stock_analysis,True,synthetic_hardfail
qa-hardfail-03139,SK하이닉스 사도 돼? #03139,stock_analysis,True,synthetic_hardfail
qa-hardfail-03140,NAVER 지금 차트 어때? #03140,stock_analysis,True,synthetic_hardfail
qa-hardfail-03141,카카오 오늘 들어가도 되는 자리야? #03141,stock_analysis,True,synthetic_hardfail
qa-hardfail-03142,현대차 단기 흐름 분석해줘 #03142,stock_analysis,True,synthetic_hardfail
qa-hardfail-03143,LG에너지솔루션 사도 돼? #03143,stock_analysis,True,synthetic_hardfail
qa-hardfail-03144,삼성전자 지금 차트 어때? #03144,stock_analysis,True,synthetic_hardfail
qa-hardfail-03145,SK하이닉스 오늘 들어가도 되는 자리야? #03145,stock_analysis,True,synthetic_hardfail
qa-hardfail-03146,NAVER 단기 흐름 분석해줘 #03146,stock_analysis,True,synthetic_hardfail
qa-hardfail-03147,카카오 사도 돼? #03147,stock_analysis,True,synthetic_hardfail
qa-hardfail-03148,현대차 지금 차트 어때? #03148,stock_analysis,True,synthetic_hardfail
qa-hardfail-03149,LG에너지솔루션 오늘 들어가도 되는 자리야? #03149,stock_analysis,True,synthetic_hardfail
qa-hardfail-03150,삼성전자 단기 흐름 분석해줘 #03150,stock_analysis,True,synthetic_hardfail
qa-hardfail-03151,SK하이닉스 사도 돼? #03151,stock_analysis,True,synthetic_hardfail
qa-hardfail-03152,NAVER 지금 차트 어때? #03152,stock_analysis,True,synthetic_hardfail
qa-hardfail-03153,카카오 오늘 들어가도 되는 자리야? #03153,stock_analysis,True,synthetic_hardfail
qa-hardfail-03154,현대차 단기 흐름 분석해줘 #03154,stock_analysis,True,synthetic_hardfail
qa-hardfail-03155,LG에너지솔루션 사도 돼? #03155,stock_analysis,True,synthetic_hardfail
qa-hardfail-03156,삼성전자 지금 차트 어때? #03156,stock_analysis,True,synthetic_hardfail
qa-hardfail-03157,SK하이닉스 오늘 들어가도 되는 자리야? #03157,stock_analysis,True,synthetic_hardfail
qa-hardfail-03158,NAVER 단기 흐름 분석해줘 #03158,stock_analysis,True,synthetic_hardfail
qa-hardfail-03159,카카오 사도 돼? #03159,stock_analysis,True,synthetic_hardfail
qa-hardfail-03160,현대차 지금 차트 어때? #03160,stock_analysis,True,synthetic_hardfail
qa-hardfail-03161,LG에너지솔루션 오늘 들어가도 되는 자리야? #03161,stock_analysis,True,synthetic_hardfail
qa-hardfail-03162,삼성전자 단기 흐름 분석해줘 #03162,stock_analysis,True,synthetic_hardfail
qa-hardfail-03163,SK하이닉스 사도 돼? #03163,stock_analysis,True,synthetic_hardfail
qa-hardfail-03164,NAVER 지금 차트 어때? #03164,stock_analysis,True,synthetic_hardfail
qa-hardfail-03165,카카오 오늘 들어가도 되는 자리야? #03165,stock_analysis,True,synthetic_hardfail
qa-hardfail-03166,오늘 강한 국내 테마 알려줘 #03166,theme_top,True,synthetic_hardfail
qa-hardfail-03167,상승 테마 순위 보여줘 #03167,theme_top,True,synthetic_hardfail
qa-hardfail-03168,인기 테마 뭐야? #03168,theme_top,True,synthetic_hardfail
qa-hardfail-03169,오늘 강한 국내 테마 알려줘 #03169,theme_top,True,synthetic_hardfail
qa-hardfail-03170,상승 테마 순위 보여줘 #03170,theme_top,True,synthetic_hardfail
qa-hardfail-03171,인기 테마 뭐야? #03171,theme_top,True,synthetic_hardfail
qa-hardfail-03172,오늘 강한 국내 테마 알려줘 #03172,theme_top,True,synthetic_hardfail
qa-hardfail-03173,상승 테마 순위 보여줘 #03173,theme_top,True,synthetic_hardfail
qa-hardfail-03174,인기 테마 뭐야? #03174,theme_top,True,synthetic_hardfail
qa-hardfail-03175,오늘 강한 국내 테마 알려줘 #03175,theme_top,True,synthetic_hardfail
qa-hardfail-03176,상승 테마 순위 보여줘 #03176,theme_top,True,synthetic_hardfail
qa-hardfail-03177,인기 테마 뭐야? #03177,theme_top,True,synthetic_hardfail
qa-hardfail-03178,오늘 강한 국내 테마 알려줘 #03178,theme_top,True,synthetic_hardfail
qa-hardfail-03179,상승 테마 순위 보여줘 #03179,theme_top,True,synthetic_hardfail
qa-hardfail-03180,인기 테마 뭐야? #03180,theme_top,True,synthetic_hardfail
qa-hardfail-03181,오늘 강한 국내 테마 알려줘 #03181,theme_top,True,synthetic_hardfail
qa-hardfail-03182,상승 테마 순위 보여줘 #03182,theme_top,True,synthetic_hardfail
qa-hardfail-03183,인기 테마 뭐야? #03183,theme_top,True,synthetic_hardfail
qa-hardfail-03184,오늘 강한 국내 테마 알려줘 #03184,theme_top,True,synthetic_hardfail
qa-hardfail-03185,상승 테마 순위 보여줘 #03185,theme_top,True,synthetic_hardfail
qa-hardfail-03186,인기 테마 뭐야? #03186,theme_top,True,synthetic_hardfail
qa-hardfail-03187,오늘 강한 국내 테마 알려줘 #03187,theme_top,True,synthetic_hardfail
qa-hardfail-03188,상승 테마 순위 보여줘 #03188,theme_top,True,synthetic_hardfail
qa-hardfail-03189,인기 테마 뭐야? #03189,theme_top,True,synthetic_hardfail
qa-hardfail-03190,오늘 강한 국내 테마 알려줘 #03190,theme_top,True,synthetic_hardfail
qa-hardfail-03191,상승 테마 순위 보여줘 #03191,theme_top,True,synthetic_hardfail
qa-hardfail-03192,인기 테마 뭐야? #03192,theme_top,True,synthetic_hardfail
qa-hardfail-03193,오늘 강한 국내 테마 알려줘 #03193,theme_top,True,synthetic_hardfail
qa-hardfail-03194,상승 테마 순위 보여줘 #03194,theme_top,True,synthetic_hardfail
qa-hardfail-03195,인기 테마 뭐야? #03195,theme_top,True,synthetic_hardfail
qa-hardfail-03196,오늘 강한 국내 테마 알려줘 #03196,theme_top,True,synthetic_hardfail
qa-hardfail-03197,상승 테마 순위 보여줘 #03197,theme_top,True,synthetic_hardfail
qa-hardfail-03198,인기 테마 뭐야? #03198,theme_top,True,synthetic_hardfail
qa-hardfail-03199,오늘 강한 국내 테마 알려줘 #03199,theme_top,True,synthetic_hardfail
qa-hardfail-03200,상승 테마 순위 보여줘 #03200,theme_top,True,synthetic_hardfail
qa-hardfail-03201,인기 테마 뭐야? #03201,theme_top,True,synthetic_hardfail
qa-hardfail-03202,오늘 강한 국내 테마 알려줘 #03202,theme_top,True,synthetic_hardfail
qa-hardfail-03203,상승 테마 순위 보여줘 #03203,theme_top,True,synthetic_hardfail
qa-hardfail-03204,인기 테마 뭐야? #03204,theme_top,True,synthetic_hardfail
qa-hardfail-03205,오늘 강한 국내 테마 알려줘 #03205,theme_top,True,synthetic_hardfail
qa-hardfail-03206,상승 테마 순위 보여줘 #03206,theme_top,True,synthetic_hardfail
qa-hardfail-03207,인기 테마 뭐야? #03207,theme_top,True,synthetic_hardfail
qa-hardfail-03208,오늘 강한 국내 테마 알려줘 #03208,theme_top,True,synthetic_hardfail
qa-hardfail-03209,상승 테마 순위 보여줘 #03209,theme_top,True,synthetic_hardfail
qa-hardfail-03210,인기 테마 뭐야? #03210,theme_top,True,synthetic_hardfail
qa-hardfail-03211,오늘 강한 국내 테마 알려줘 #03211,theme_top,True,synthetic_hardfail
qa-hardfail-03212,상승 테마 순위 보여줘 #03212,theme_top,True,synthetic_hardfail
qa-hardfail-03213,인기 테마 뭐야? #03213,theme_top,True,synthetic_hardfail
qa-hardfail-03214,오늘 강한 국내 테마 알려줘 #03214,theme_top,True,synthetic_hardfail
qa-hardfail-03215,상승 테마 순위 보여줘 #03215,theme_top,True,synthetic_hardfail
qa-hardfail-03216,인기 테마 뭐야? #03216,theme_top,True,synthetic_hardfail
qa-hardfail-03217,오늘 강한 국내 테마 알려줘 #03217,theme_top,True,synthetic_hardfail
qa-hardfail-03218,상승 테마 순위 보여줘 #03218,theme_top,True,synthetic_hardfail
qa-hardfail-03219,인기 테마 뭐야? #03219,theme_top,True,synthetic_hardfail
qa-hardfail-03220,오늘 강한 국내 테마 알려줘 #03220,theme_top,True,synthetic_hardfail
qa-hardfail-03221,상승 테마 순위 보여줘 #03221,theme_top,True,synthetic_hardfail
qa-hardfail-03222,인기 테마 뭐야? #03222,theme_top,True,synthetic_hardfail
qa-hardfail-03223,오늘 강한 국내 테마 알려줘 #03223,theme_top,True,synthetic_hardfail
qa-hardfail-03224,상승 테마 순위 보여줘 #03224,theme_top,True,synthetic_hardfail
qa-hardfail-03225,인기 테마 뭐야? #03225,theme_top,True,synthetic_hardfail
qa-hardfail-03226,오늘 강한 국내 테마 알려줘 #03226,theme_top,True,synthetic_hardfail
qa-hardfail-03227,상승 테마 순위 보여줘 #03227,theme_top,True,synthetic_hardfail
qa-hardfail-03228,인기 테마 뭐야? #03228,theme_top,True,synthetic_hardfail
qa-hardfail-03229,오늘 강한 국내 테마 알려줘 #03229,theme_top,True,synthetic_hardfail
qa-hardfail-03230,상승 테마 순위 보여줘 #03230,theme_top,True,synthetic_hardfail
qa-hardfail-03231,인기 테마 뭐야? #03231,theme_top,True,synthetic_hardfail
qa-hardfail-03232,오늘 강한 국내 테마 알려줘 #03232,theme_top,True,synthetic_hardfail
qa-hardfail-03233,상승 테마 순위 보여줘 #03233,theme_top,True,synthetic_hardfail
qa-hardfail-03234,인기 테마 뭐야? #03234,theme_top,True,synthetic_hardfail
qa-hardfail-03235,오늘 강한 국내 테마 알려줘 #03235,theme_top,True,synthetic_hardfail
qa-hardfail-03236,상승 테마 순위 보여줘 #03236,theme_top,True,synthetic_hardfail
qa-hardfail-03237,인기 테마 뭐야? #03237,theme_top,True,synthetic_hardfail
qa-hardfail-03238,오늘 강한 국내 테마 알려줘 #03238,theme_top,True,synthetic_hardfail
qa-hardfail-03239,상승 테마 순위 보여줘 #03239,theme_top,True,synthetic_hardfail
qa-hardfail-03240,인기 테마 뭐야? #03240,theme_top,True,synthetic_hardfail
qa-hardfail-03241,오늘 강한 국내 테마 알려줘 #03241,theme_top,True,synthetic_hardfail
qa-hardfail-03242,상승 테마 순위 보여줘 #03242,theme_top,True,synthetic_hardfail
qa-hardfail-03243,인기 테마 뭐야? #03243,theme_top,True,synthetic_hardfail
qa-hardfail-03244,오늘 강한 국내 테마 알려줘 #03244,theme_top,True,synthetic_hardfail
qa-hardfail-03245,상승 테마 순위 보여줘 #03245,theme_top,True,synthetic_hardfail
qa-hardfail-03246,인기 테마 뭐야? #03246,theme_top,True,synthetic_hardfail
qa-hardfail-03247,오늘 강한 국내 테마 알려줘 #03247,theme_top,True,synthetic_hardfail
qa-hardfail-03248,상승 테마 순위 보여줘 #03248,theme_top,True,synthetic_hardfail
qa-hardfail-03249,인기 테마 뭐야? #03249,theme_top,True,synthetic_hardfail
qa-hardfail-03250,오늘 강한 국내 테마 알려줘 #03250,theme_top,True,synthetic_hardfail
qa-hardfail-03251,상승 테마 순위 보여줘 #03251,theme_top,True,synthetic_hardfail
qa-hardfail-03252,인기 테마 뭐야? #03252,theme_top,True,synthetic_hardfail
qa-hardfail-03253,오늘 강한 국내 테마 알려줘 #03253,theme_top,True,synthetic_hardfail
qa-hardfail-03254,상승 테마 순위 보여줘 #03254,theme_top,True,synthetic_hardfail
qa-hardfail-03255,인기 테마 뭐야? #03255,theme_top,True,synthetic_hardfail
qa-hardfail-03256,오늘 강한 국내 테마 알려줘 #03256,theme_top,True,synthetic_hardfail
qa-hardfail-03257,상승 테마 순위 보여줘 #03257,theme_top,True,synthetic_hardfail
qa-hardfail-03258,인기 테마 뭐야? #03258,theme_top,True,synthetic_hardfail
qa-hardfail-03259,오늘 강한 국내 테마 알려줘 #03259,theme_top,True,synthetic_hardfail
qa-hardfail-03260,상승 테마 순위 보여줘 #03260,theme_top,True,synthetic_hardfail
qa-hardfail-03261,인기 테마 뭐야? #03261,theme_top,True,synthetic_hardfail
qa-hardfail-03262,오늘 강한 국내 테마 알려줘 #03262,theme_top,True,synthetic_hardfail
qa-hardfail-03263,상승 테마 순위 보여줘 #03263,theme_top,True,synthetic_hardfail
qa-hardfail-03264,인기 테마 뭐야? #03264,theme_top,True,synthetic_hardfail
qa-hardfail-03265,오늘 강한 국내 테마 알려줘 #03265,theme_top,True,synthetic_hardfail
qa-hardfail-03266,상승 테마 순위 보여줘 #03266,theme_top,True,synthetic_hardfail
qa-hardfail-03267,인기 테마 뭐야? #03267,theme_top,True,synthetic_hardfail
qa-hardfail-03268,오늘 강한 국내 테마 알려줘 #03268,theme_top,True,synthetic_hardfail
qa-hardfail-03269,상승 테마 순위 보여줘 #03269,theme_top,True,synthetic_hardfail
qa-hardfail-03270,인기 테마 뭐야? #03270,theme_top,True,synthetic_hardfail
qa-hardfail-03271,오늘 강한 국내 테마 알려줘 #03271,theme_top,True,synthetic_hardfail
qa-hardfail-03272,상승 테마 순위 보여줘 #03272,theme_top,True,synthetic_hardfail
qa-hardfail-03273,인기 테마 뭐야? #03273,theme_top,True,synthetic_hardfail
qa-hardfail-03274,오늘 강한 국내 테마 알려줘 #03274,theme_top,True,synthetic_hardfail
qa-hardfail-03275,상승 테마 순위 보여줘 #03275,theme_top,True,synthetic_hardfail
qa-hardfail-03276,인기 테마 뭐야? #03276,theme_top,True,synthetic_hardfail
qa-hardfail-03277,오늘 강한 국내 테마 알려줘 #03277,theme_top,True,synthetic_hardfail
qa-hardfail-03278,상승 테마 순위 보여줘 #03278,theme_top,True,synthetic_hardfail
qa-hardfail-03279,인기 테마 뭐야? #03279,theme_top,True,synthetic_hardfail
qa-hardfail-03280,오늘 강한 국내 테마 알려줘 #03280,theme_top,True,synthetic_hardfail
qa-hardfail-03281,상승 테마 순위 보여줘 #03281,theme_top,True,synthetic_hardfail
qa-hardfail-03282,인기 테마 뭐야? #03282,theme_top,True,synthetic_hardfail
qa-hardfail-03283,오늘 강한 국내 테마 알려줘 #03283,theme_top,True,synthetic_hardfail
qa-hardfail-03284,상승 테마 순위 보여줘 #03284,theme_top,True,synthetic_hardfail
qa-hardfail-03285,인기 테마 뭐야? #03285,theme_top,True,synthetic_hardfail
qa-hardfail-03286,오늘 강한 국내 테마 알려줘 #03286,theme_top,True,synthetic_hardfail
qa-hardfail-03287,상승 테마 순위 보여줘 #03287,theme_top,True,synthetic_hardfail
qa-hardfail-03288,인기 테마 뭐야? #03288,theme_top,True,synthetic_hardfail
qa-hardfail-03289,오늘 강한 국내 테마 알려줘 #03289,theme_top,True,synthetic_hardfail
qa-hardfail-03290,상승 테마 순위 보여줘 #03290,theme_top,True,synthetic_hardfail
qa-hardfail-03291,인기 테마 뭐야? #03291,theme_top,True,synthetic_hardfail
qa-hardfail-03292,오늘 강한 국내 테마 알려줘 #03292,theme_top,True,synthetic_hardfail
qa-hardfail-03293,상승 테마 순위 보여줘 #03293,theme_top,True,synthetic_hardfail
qa-hardfail-03294,인기 테마 뭐야? #03294,theme_top,True,synthetic_hardfail
qa-hardfail-03295,오늘 강한 국내 테마 알려줘 #03295,theme_top,True,synthetic_hardfail
qa-hardfail-03296,상승 테마 순위 보여줘 #03296,theme_top,True,synthetic_hardfail
qa-hardfail-03297,인기 테마 뭐야? #03297,theme_top,True,synthetic_hardfail
qa-hardfail-03298,오늘 강한 국내 테마 알려줘 #03298,theme_top,True,synthetic_hardfail
qa-hardfail-03299,상승 테마 순위 보여줘 #03299,theme_top,True,synthetic_hardfail
qa-hardfail-03300,인기 테마 뭐야? #03300,theme_top,True,synthetic_hardfail
qa-hardfail-03301,오늘 강한 국내 테마 알려줘 #03301,theme_top,True,synthetic_hardfail
qa-hardfail-03302,상승 테마 순위 보여줘 #03302,theme_top,True,synthetic_hardfail
qa-hardfail-03303,인기 테마 뭐야? #03303,theme_top,True,synthetic_hardfail
qa-hardfail-03304,오늘 강한 국내 테마 알려줘 #03304,theme_top,True,synthetic_hardfail
qa-hardfail-03305,상승 테마 순위 보여줘 #03305,theme_top,True,synthetic_hardfail
qa-hardfail-03306,인기 테마 뭐야? #03306,theme_top,True,synthetic_hardfail
qa-hardfail-03307,오늘 강한 국내 테마 알려줘 #03307,theme_top,True,synthetic_hardfail
qa-hardfail-03308,상승 테마 순위 보여줘 #03308,theme_top,True,synthetic_hardfail
qa-hardfail-03309,인기 테마 뭐야? #03309,theme_top,True,synthetic_hardfail
qa-hardfail-03310,오늘 강한 국내 테마 알려줘 #03310,theme_top,True,synthetic_hardfail
qa-hardfail-03311,상승 테마 순위 보여줘 #03311,theme_top,True,synthetic_hardfail
qa-hardfail-03312,인기 테마 뭐야? #03312,theme_top,True,synthetic_hardfail
qa-hardfail-03313,오늘 강한 국내 테마 알려줘 #03313,theme_top,True,synthetic_hardfail
qa-hardfail-03314,상승 테마 순위 보여줘 #03314,theme_top,True,synthetic_hardfail
qa-hardfail-03315,인기 테마 뭐야? #03315,theme_top,True,synthetic_hardfail
qa-hardfail-03316,오늘 강한 국내 테마 알려줘 #03316,theme_top,True,synthetic_hardfail
qa-hardfail-03317,상승 테마 순위 보여줘 #03317,theme_top,True,synthetic_hardfail
qa-hardfail-03318,인기 테마 뭐야? #03318,theme_top,True,synthetic_hardfail
qa-hardfail-03319,오늘 강한 국내 테마 알려줘 #03319,theme_top,True,synthetic_hardfail
qa-hardfail-03320,상승 테마 순위 보여줘 #03320,theme_top,True,synthetic_hardfail
qa-hardfail-03321,인기 테마 뭐야? #03321,theme_top,True,synthetic_hardfail
qa-hardfail-03322,오늘 강한 국내 테마 알려줘 #03322,theme_top,True,synthetic_hardfail
qa-hardfail-03323,상승 테마 순위 보여줘 #03323,theme_top,True,synthetic_hardfail
qa-hardfail-03324,인기 테마 뭐야? #03324,theme_top,True,synthetic_hardfail
qa-hardfail-03325,오늘 강한 국내 테마 알려줘 #03325,theme_top,True,synthetic_hardfail
qa-hardfail-03326,상승 테마 순위 보여줘 #03326,theme_top,True,synthetic_hardfail
qa-hardfail-03327,인기 테마 뭐야? #03327,theme_top,True,synthetic_hardfail
qa-hardfail-03328,오늘 강한 국내 테마 알려줘 #03328,theme_top,True,synthetic_hardfail
qa-hardfail-03329,상승 테마 순위 보여줘 #03329,theme_top,True,synthetic_hardfail
qa-hardfail-03330,인기 테마 뭐야? #03330,theme_top,True,synthetic_hardfail
qa-hardfail-03331,오늘 강한 국내 테마 알려줘 #03331,theme_top,True,synthetic_hardfail
qa-hardfail-03332,상승 테마 순위 보여줘 #03332,theme_top,True,synthetic_hardfail
qa-hardfail-03333,인기 테마 뭐야? #03333,theme_top,True,synthetic_hardfail
qa-hardfail-03334,오늘 강한 국내 테마 알려줘 #03334,theme_top,True,synthetic_hardfail
qa-hardfail-03335,상승 테마 순위 보여줘 #03335,theme_top,True,synthetic_hardfail
qa-hardfail-03336,인기 테마 뭐야? #03336,theme_top,True,synthetic_hardfail
qa-hardfail-03337,오늘 강한 국내 테마 알려줘 #03337,theme_top,True,synthetic_hardfail
qa-hardfail-03338,상승 테마 순위 보여줘 #03338,theme_top,True,synthetic_hardfail
qa-hardfail-03339,인기 테마 뭐야? #03339,theme_top,True,synthetic_hardfail
qa-hardfail-03340,오늘 강한 국내 테마 알려줘 #03340,theme_top,True,synthetic_hardfail
qa-hardfail-03341,상승 테마 순위 보여줘 #03341,theme_top,True,synthetic_hardfail
qa-hardfail-03342,인기 테마 뭐야? #03342,theme_top,True,synthetic_hardfail
qa-hardfail-03343,오늘 강한 국내 테마 알려줘 #03343,theme_top,True,synthetic_hardfail
qa-hardfail-03344,상승 테마 순위 보여줘 #03344,theme_top,True,synthetic_hardfail
qa-hardfail-03345,인기 테마 뭐야? #03345,theme_top,True,synthetic_hardfail
qa-hardfail-03346,오늘 강한 국내 테마 알려줘 #03346,theme_top,True,synthetic_hardfail
qa-hardfail-03347,상승 테마 순위 보여줘 #03347,theme_top,True,synthetic_hardfail
qa-hardfail-03348,인기 테마 뭐야? #03348,theme_top,True,synthetic_hardfail
qa-hardfail-03349,오늘 강한 국내 테마 알려줘 #03349,theme_top,True,synthetic_hardfail
qa-hardfail-03350,상승 테마 순위 보여줘 #03350,theme_top,True,synthetic_hardfail
qa-hardfail-03351,인기 테마 뭐야? #03351,theme_top,True,synthetic_hardfail
qa-hardfail-03352,오늘 강한 국내 테마 알려줘 #03352,theme_top,True,synthetic_hardfail
qa-hardfail-03353,상승 테마 순위 보여줘 #03353,theme_top,True,synthetic_hardfail
qa-hardfail-03354,인기 테마 뭐야? #03354,theme_top,True,synthetic_hardfail
qa-hardfail-03355,오늘 강한 국내 테마 알려줘 #03355,theme_top,True,synthetic_hardfail
qa-hardfail-03356,상승 테마 순위 보여줘 #03356,theme_top,True,synthetic_hardfail
qa-hardfail-03357,인기 테마 뭐야? #03357,theme_top,True,synthetic_hardfail
qa-hardfail-03358,오늘 강한 국내 테마 알려줘 #03358,theme_top,True,synthetic_hardfail
qa-hardfail-03359,상승 테마 순위 보여줘 #03359,theme_top,True,synthetic_hardfail
qa-hardfail-03360,인기 테마 뭐야? #03360,theme_top,True,synthetic_hardfail
qa-hardfail-03361,오늘 강한 국내 테마 알려줘 #03361,theme_top,True,synthetic_hardfail
qa-hardfail-03362,상승 테마 순위 보여줘 #03362,theme_top,True,synthetic_hardfail
qa-hardfail-03363,인기 테마 뭐야? #03363,theme_top,True,synthetic_hardfail
qa-hardfail-03364,오늘 강한 국내 테마 알려줘 #03364,theme_top,True,synthetic_hardfail
qa-hardfail-03365,상승 테마 순위 보여줘 #03365,theme_top,True,synthetic_hardfail
qa-hardfail-03366,인기 테마 뭐야? #03366,theme_top,True,synthetic_hardfail
qa-hardfail-03367,오늘 강한 국내 테마 알려줘 #03367,theme_top,True,synthetic_hardfail
qa-hardfail-03368,상승 테마 순위 보여줘 #03368,theme_top,True,synthetic_hardfail
qa-hardfail-03369,인기 테마 뭐야? #03369,theme_top,True,synthetic_hardfail
qa-hardfail-03370,오늘 강한 국내 테마 알려줘 #03370,theme_top,True,synthetic_hardfail
qa-hardfail-03371,상승 테마 순위 보여줘 #03371,theme_top,True,synthetic_hardfail
qa-hardfail-03372,인기 테마 뭐야? #03372,theme_top,True,synthetic_hardfail
qa-hardfail-03373,오늘 강한 국내 테마 알려줘 #03373,theme_top,True,synthetic_hardfail
qa-hardfail-03374,상승 테마 순위 보여줘 #03374,theme_top,True,synthetic_hardfail
qa-hardfail-03375,인기 테마 뭐야? #03375,theme_top,True,synthetic_hardfail
qa-hardfail-03376,오늘 강한 국내 테마 알려줘 #03376,theme_top,True,synthetic_hardfail
qa-hardfail-03377,상승 테마 순위 보여줘 #03377,theme_top,True,synthetic_hardfail
qa-hardfail-03378,인기 테마 뭐야? #03378,theme_top,True,synthetic_hardfail
qa-hardfail-03379,오늘 강한 국내 테마 알려줘 #03379,theme_top,True,synthetic_hardfail
qa-hardfail-03380,상승 테마 순위 보여줘 #03380,theme_top,True,synthetic_hardfail
qa-hardfail-03381,인기 테마 뭐야? #03381,theme_top,True,synthetic_hardfail
qa-hardfail-03382,오늘 강한 국내 테마 알려줘 #03382,theme_top,True,synthetic_hardfail
qa-hardfail-03383,상승 테마 순위 보여줘 #03383,theme_top,True,synthetic_hardfail
qa-hardfail-03384,인기 테마 뭐야? #03384,theme_top,True,synthetic_hardfail
qa-hardfail-03385,오늘 강한 국내 테마 알려줘 #03385,theme_top,True,synthetic_hardfail
qa-hardfail-03386,상승 테마 순위 보여줘 #03386,theme_top,True,synthetic_hardfail
qa-hardfail-03387,인기 테마 뭐야? #03387,theme_top,True,synthetic_hardfail
qa-hardfail-03388,오늘 강한 국내 테마 알려줘 #03388,theme_top,True,synthetic_hardfail
qa-hardfail-03389,상승 테마 순위 보여줘 #03389,theme_top,True,synthetic_hardfail
qa-hardfail-03390,인기 테마 뭐야? #03390,theme_top,True,synthetic_hardfail
qa-hardfail-03391,오늘 강한 국내 테마 알려줘 #03391,theme_top,True,synthetic_hardfail
qa-hardfail-03392,상승 테마 순위 보여줘 #03392,theme_top,True,synthetic_hardfail
qa-hardfail-03393,인기 테마 뭐야? #03393,theme_top,True,synthetic_hardfail
qa-hardfail-03394,오늘 강한 국내 테마 알려줘 #03394,theme_top,True,synthetic_hardfail
qa-hardfail-03395,상승 테마 순위 보여줘 #03395,theme_top,True,synthetic_hardfail
qa-hardfail-03396,인기 테마 뭐야? #03396,theme_top,True,synthetic_hardfail
qa-hardfail-03397,오늘 강한 국내 테마 알려줘 #03397,theme_top,True,synthetic_hardfail
qa-hardfail-03398,상승 테마 순위 보여줘 #03398,theme_top,True,synthetic_hardfail
qa-hardfail-03399,인기 테마 뭐야? #03399,theme_top,True,synthetic_hardfail
qa-hardfail-03400,오늘 강한 국내 테마 알려줘 #03400,theme_top,True,synthetic_hardfail
qa-hardfail-03401,상승 테마 순위 보여줘 #03401,theme_top,True,synthetic_hardfail
qa-hardfail-03402,인기 테마 뭐야? #03402,theme_top,True,synthetic_hardfail
qa-hardfail-03403,오늘 강한 국내 테마 알려줘 #03403,theme_top,True,synthetic_hardfail
qa-hardfail-03404,상승 테마 순위 보여줘 #03404,theme_top,True,synthetic_hardfail
qa-hardfail-03405,인기 테마 뭐야? #03405,theme_top,True,synthetic_hardfail
qa-hardfail-03406,오늘 강한 국내 테마 알려줘 #03406,theme_top,True,synthetic_hardfail
qa-hardfail-03407,상승 테마 순위 보여줘 #03407,theme_top,True,synthetic_hardfail
qa-hardfail-03408,인기 테마 뭐야? #03408,theme_top,True,synthetic_hardfail
qa-hardfail-03409,오늘 강한 국내 테마 알려줘 #03409,theme_top,True,synthetic_hardfail
qa-hardfail-03410,상승 테마 순위 보여줘 #03410,theme_top,True,synthetic_hardfail
qa-hardfail-03411,인기 테마 뭐야? #03411,theme_top,True,synthetic_hardfail
qa-hardfail-03412,오늘 강한 국내 테마 알려줘 #03412,theme_top,True,synthetic_hardfail
qa-hardfail-03413,상승 테마 순위 보여줘 #03413,theme_top,True,synthetic_hardfail
qa-hardfail-03414,인기 테마 뭐야? #03414,theme_top,True,synthetic_hardfail
qa-hardfail-03415,오늘 강한 국내 테마 알려줘 #03415,theme_top,True,synthetic_hardfail
qa-hardfail-03416,상승 테마 순위 보여줘 #03416,theme_top,True,synthetic_hardfail
qa-hardfail-03417,인기 테마 뭐야? #03417,theme_top,True,synthetic_hardfail
qa-hardfail-03418,오늘 강한 국내 테마 알려줘 #03418,theme_top,True,synthetic_hardfail
qa-hardfail-03419,상승 테마 순위 보여줘 #03419,theme_top,True,synthetic_hardfail
qa-hardfail-03420,인기 테마 뭐야? #03420,theme_top,True,synthetic_hardfail
qa-hardfail-03421,오늘 강한 국내 테마 알려줘 #03421,theme_top,True,synthetic_hardfail
qa-hardfail-03422,상승 테마 순위 보여줘 #03422,theme_top,True,synthetic_hardfail
qa-hardfail-03423,인기 테마 뭐야? #03423,theme_top,True,synthetic_hardfail
qa-hardfail-03424,오늘 강한 국내 테마 알려줘 #03424,theme_top,True,synthetic_hardfail
qa-hardfail-03425,상승 테마 순위 보여줘 #03425,theme_top,True,synthetic_hardfail
qa-hardfail-03426,인기 테마 뭐야? #03426,theme_top,True,synthetic_hardfail
qa-hardfail-03427,오늘 강한 국내 테마 알려줘 #03427,theme_top,True,synthetic_hardfail
qa-hardfail-03428,상승 테마 순위 보여줘 #03428,theme_top,True,synthetic_hardfail
qa-hardfail-03429,인기 테마 뭐야? #03429,theme_top,True,synthetic_hardfail
qa-hardfail-03430,오늘 강한 국내 테마 알려줘 #03430,theme_top,True,synthetic_hardfail
qa-hardfail-03431,상승 테마 순위 보여줘 #03431,theme_top,True,synthetic_hardfail
qa-hardfail-03432,인기 테마 뭐야? #03432,theme_top,True,synthetic_hardfail
qa-hardfail-03433,오늘 강한 국내 테마 알려줘 #03433,theme_top,True,synthetic_hardfail
qa-hardfail-03434,상승 테마 순위 보여줘 #03434,theme_top,True,synthetic_hardfail
qa-hardfail-03435,인기 테마 뭐야? #03435,theme_top,True,synthetic_hardfail
qa-hardfail-03436,오늘 강한 국내 테마 알려줘 #03436,theme_top,True,synthetic_hardfail
qa-hardfail-03437,상승 테마 순위 보여줘 #03437,theme_top,True,synthetic_hardfail
qa-hardfail-03438,인기 테마 뭐야? #03438,theme_top,True,synthetic_hardfail
qa-hardfail-03439,오늘 강한 국내 테마 알려줘 #03439,theme_top,True,synthetic_hardfail
qa-hardfail-03440,상승 테마 순위 보여줘 #03440,theme_top,True,synthetic_hardfail
qa-hardfail-03441,인기 테마 뭐야? #03441,theme_top,True,synthetic_hardfail
qa-hardfail-03442,오늘 강한 국내 테마 알려줘 #03442,theme_top,True,synthetic_hardfail
qa-hardfail-03443,상승 테마 순위 보여줘 #03443,theme_top,True,synthetic_hardfail
qa-hardfail-03444,인기 테마 뭐야? #03444,theme_top,True,synthetic_hardfail
qa-hardfail-03445,오늘 강한 국내 테마 알려줘 #03445,theme_top,True,synthetic_hardfail
qa-hardfail-03446,상승 테마 순위 보여줘 #03446,theme_top,True,synthetic_hardfail
qa-hardfail-03447,인기 테마 뭐야? #03447,theme_top,True,synthetic_hardfail
qa-hardfail-03448,오늘 강한 국내 테마 알려줘 #03448,theme_top,True,synthetic_hardfail
qa-hardfail-03449,상승 테마 순위 보여줘 #03449,theme_top,True,synthetic_hardfail
qa-hardfail-03450,인기 테마 뭐야? #03450,theme_top,True,synthetic_hardfail
qa-hardfail-03451,오늘 강한 국내 테마 알려줘 #03451,theme_top,True,synthetic_hardfail
qa-hardfail-03452,상승 테마 순위 보여줘 #03452,theme_top,True,synthetic_hardfail
qa-hardfail-03453,인기 테마 뭐야? #03453,theme_top,True,synthetic_hardfail
qa-hardfail-03454,오늘 강한 국내 테마 알려줘 #03454,theme_top,True,synthetic_hardfail
qa-hardfail-03455,상승 테마 순위 보여줘 #03455,theme_top,True,synthetic_hardfail
qa-hardfail-03456,인기 테마 뭐야? #03456,theme_top,True,synthetic_hardfail
qa-hardfail-03457,오늘 강한 국내 테마 알려줘 #03457,theme_top,True,synthetic_hardfail
qa-hardfail-03458,상승 테마 순위 보여줘 #03458,theme_top,True,synthetic_hardfail
qa-hardfail-03459,인기 테마 뭐야? #03459,theme_top,True,synthetic_hardfail
qa-hardfail-03460,오늘 강한 국내 테마 알려줘 #03460,theme_top,True,synthetic_hardfail
qa-hardfail-03461,상승 테마 순위 보여줘 #03461,theme_top,True,synthetic_hardfail
qa-hardfail-03462,인기 테마 뭐야? #03462,theme_top,True,synthetic_hardfail
qa-hardfail-03463,오늘 강한 국내 테마 알려줘 #03463,theme_top,True,synthetic_hardfail
qa-hardfail-03464,상승 테마 순위 보여줘 #03464,theme_top,True,synthetic_hardfail
qa-hardfail-03465,인기 테마 뭐야? #03465,theme_top,True,synthetic_hardfail
qa-hardfail-03466,오늘 강한 국내 테마 알려줘 #03466,theme_top,True,synthetic_hardfail
qa-hardfail-03467,상승 테마 순위 보여줘 #03467,theme_top,True,synthetic_hardfail
qa-hardfail-03468,인기 테마 뭐야? #03468,theme_top,True,synthetic_hardfail
qa-hardfail-03469,오늘 강한 국내 테마 알려줘 #03469,theme_top,True,synthetic_hardfail
qa-hardfail-03470,상승 테마 순위 보여줘 #03470,theme_top,True,synthetic_hardfail
qa-hardfail-03471,인기 테마 뭐야? #03471,theme_top,True,synthetic_hardfail
qa-hardfail-03472,오늘 강한 국내 테마 알려줘 #03472,theme_top,True,synthetic_hardfail
qa-hardfail-03473,상승 테마 순위 보여줘 #03473,theme_top,True,synthetic_hardfail
qa-hardfail-03474,인기 테마 뭐야? #03474,theme_top,True,synthetic_hardfail
qa-hardfail-03475,오늘 강한 국내 테마 알려줘 #03475,theme_top,True,synthetic_hardfail
qa-hardfail-03476,상승 테마 순위 보여줘 #03476,theme_top,True,synthetic_hardfail
qa-hardfail-03477,인기 테마 뭐야? #03477,theme_top,True,synthetic_hardfail
qa-hardfail-03478,오늘 강한 국내 테마 알려줘 #03478,theme_top,True,synthetic_hardfail
qa-hardfail-03479,상승 테마 순위 보여줘 #03479,theme_top,True,synthetic_hardfail
qa-hardfail-03480,인기 테마 뭐야? #03480,theme_top,True,synthetic_hardfail
qa-hardfail-03481,오늘 강한 국내 테마 알려줘 #03481,theme_top,True,synthetic_hardfail
qa-hardfail-03482,상승 테마 순위 보여줘 #03482,theme_top,True,synthetic_hardfail
qa-hardfail-03483,인기 테마 뭐야? #03483,theme_top,True,synthetic_hardfail
qa-hardfail-03484,오늘 강한 국내 테마 알려줘 #03484,theme_top,True,synthetic_hardfail
qa-hardfail-03485,상승 테마 순위 보여줘 #03485,theme_top,True,synthetic_hardfail
qa-hardfail-03486,인기 테마 뭐야? #03486,theme_top,True,synthetic_hardfail
qa-hardfail-03487,오늘 강한 국내 테마 알려줘 #03487,theme_top,True,synthetic_hardfail
qa-hardfail-03488,상승 테마 순위 보여줘 #03488,theme_top,True,synthetic_hardfail
qa-hardfail-03489,인기 테마 뭐야? #03489,theme_top,True,synthetic_hardfail
qa-hardfail-03490,오늘 강한 국내 테마 알려줘 #03490,theme_top,True,synthetic_hardfail
qa-hardfail-03491,상승 테마 순위 보여줘 #03491,theme_top,True,synthetic_hardfail
qa-hardfail-03492,인기 테마 뭐야? #03492,theme_top,True,synthetic_hardfail
qa-hardfail-03493,오늘 강한 국내 테마 알려줘 #03493,theme_top,True,synthetic_hardfail
qa-hardfail-03494,상승 테마 순위 보여줘 #03494,theme_top,True,synthetic_hardfail
qa-hardfail-03495,인기 테마 뭐야? #03495,theme_top,True,synthetic_hardfail
qa-hardfail-03496,오늘 강한 국내 테마 알려줘 #03496,theme_top,True,synthetic_hardfail
qa-hardfail-03497,상승 테마 순위 보여줘 #03497,theme_top,True,synthetic_hardfail
qa-hardfail-03498,인기 테마 뭐야? #03498,theme_top,True,synthetic_hardfail
qa-hardfail-03499,오늘 강한 국내 테마 알려줘 #03499,theme_top,True,synthetic_hardfail
qa-hardfail-03500,상승 테마 순위 보여줘 #03500,theme_top,True,synthetic_hardfail
qa-hardfail-03501,인기 테마 뭐야? #03501,theme_top,True,synthetic_hardfail
qa-hardfail-03502,오늘 강한 국내 테마 알려줘 #03502,theme_top,True,synthetic_hardfail
qa-hardfail-03503,상승 테마 순위 보여줘 #03503,theme_top,True,synthetic_hardfail
qa-hardfail-03504,인기 테마 뭐야? #03504,theme_top,True,synthetic_hardfail
qa-hardfail-03505,오늘 강한 국내 테마 알려줘 #03505,theme_top,True,synthetic_hardfail
qa-hardfail-03506,상승 테마 순위 보여줘 #03506,theme_top,True,synthetic_hardfail
qa-hardfail-03507,인기 테마 뭐야? #03507,theme_top,True,synthetic_hardfail
qa-hardfail-03508,오늘 강한 국내 테마 알려줘 #03508,theme_top,True,synthetic_hardfail
qa-hardfail-03509,상승 테마 순위 보여줘 #03509,theme_top,True,synthetic_hardfail
qa-hardfail-03510,인기 테마 뭐야? #03510,theme_top,True,synthetic_hardfail
qa-hardfail-03511,오늘 강한 국내 테마 알려줘 #03511,theme_top,True,synthetic_hardfail
qa-hardfail-03512,상승 테마 순위 보여줘 #03512,theme_top,True,synthetic_hardfail
qa-hardfail-03513,인기 테마 뭐야? #03513,theme_top,True,synthetic_hardfail
qa-hardfail-03514,오늘 강한 국내 테마 알려줘 #03514,theme_top,True,synthetic_hardfail
qa-hardfail-03515,상승 테마 순위 보여줘 #03515,theme_top,True,synthetic_hardfail
qa-hardfail-03516,인기 테마 뭐야? #03516,theme_top,True,synthetic_hardfail
qa-hardfail-03517,오늘 강한 국내 테마 알려줘 #03517,theme_top,True,synthetic_hardfail
qa-hardfail-03518,상승 테마 순위 보여줘 #03518,theme_top,True,synthetic_hardfail
qa-hardfail-03519,인기 테마 뭐야? #03519,theme_top,True,synthetic_hardfail
qa-hardfail-03520,오늘 강한 국내 테마 알려줘 #03520,theme_top,True,synthetic_hardfail
qa-hardfail-03521,상승 테마 순위 보여줘 #03521,theme_top,True,synthetic_hardfail
qa-hardfail-03522,인기 테마 뭐야? #03522,theme_top,True,synthetic_hardfail
qa-hardfail-03523,오늘 강한 국내 테마 알려줘 #03523,theme_top,True,synthetic_hardfail
qa-hardfail-03524,상승 테마 순위 보여줘 #03524,theme_top,True,synthetic_hardfail
qa-hardfail-03525,인기 테마 뭐야? #03525,theme_top,True,synthetic_hardfail
qa-hardfail-03526,오늘 강한 국내 테마 알려줘 #03526,theme_top,True,synthetic_hardfail
qa-hardfail-03527,상승 테마 순위 보여줘 #03527,theme_top,True,synthetic_hardfail
qa-hardfail-03528,인기 테마 뭐야? #03528,theme_top,True,synthetic_hardfail
qa-hardfail-03529,오늘 강한 국내 테마 알려줘 #03529,theme_top,True,synthetic_hardfail
qa-hardfail-03530,상승 테마 순위 보여줘 #03530,theme_top,True,synthetic_hardfail
qa-hardfail-03531,인기 테마 뭐야? #03531,theme_top,True,synthetic_hardfail
qa-hardfail-03532,오늘 강한 국내 테마 알려줘 #03532,theme_top,True,synthetic_hardfail
qa-hardfail-03533,상승 테마 순위 보여줘 #03533,theme_top,True,synthetic_hardfail
qa-hardfail-03534,인기 테마 뭐야? #03534,theme_top,True,synthetic_hardfail
qa-hardfail-03535,오늘 강한 국내 테마 알려줘 #03535,theme_top,True,synthetic_hardfail
qa-hardfail-03536,상승 테마 순위 보여줘 #03536,theme_top,True,synthetic_hardfail
qa-hardfail-03537,인기 테마 뭐야? #03537,theme_top,True,synthetic_hardfail
qa-hardfail-03538,오늘 강한 국내 테마 알려줘 #03538,theme_top,True,synthetic_hardfail
qa-hardfail-03539,상승 테마 순위 보여줘 #03539,theme_top,True,synthetic_hardfail
qa-hardfail-03540,인기 테마 뭐야? #03540,theme_top,True,synthetic_hardfail
qa-hardfail-03541,오늘 강한 국내 테마 알려줘 #03541,theme_top,True,synthetic_hardfail
qa-hardfail-03542,상승 테마 순위 보여줘 #03542,theme_top,True,synthetic_hardfail
qa-hardfail-03543,인기 테마 뭐야? #03543,theme_top,True,synthetic_hardfail
qa-hardfail-03544,오늘 강한 국내 테마 알려줘 #03544,theme_top,True,synthetic_hardfail
qa-hardfail-03545,상승 테마 순위 보여줘 #03545,theme_top,True,synthetic_hardfail
qa-hardfail-03546,인기 테마 뭐야? #03546,theme_top,True,synthetic_hardfail
qa-hardfail-03547,오늘 강한 국내 테마 알려줘 #03547,theme_top,True,synthetic_hardfail
qa-hardfail-03548,상승 테마 순위 보여줘 #03548,theme_top,True,synthetic_hardfail
qa-hardfail-03549,인기 테마 뭐야? #03549,theme_top,True,synthetic_hardfail
qa-hardfail-03550,오늘 강한 국내 테마 알려줘 #03550,theme_top,True,synthetic_hardfail
qa-hardfail-03551,상승 테마 순위 보여줘 #03551,theme_top,True,synthetic_hardfail
qa-hardfail-03552,인기 테마 뭐야? #03552,theme_top,True,synthetic_hardfail
qa-hardfail-03553,오늘 강한 국내 테마 알려줘 #03553,theme_top,True,synthetic_hardfail
qa-hardfail-03554,상승 테마 순위 보여줘 #03554,theme_top,True,synthetic_hardfail
qa-hardfail-03555,인기 테마 뭐야? #03555,theme_top,True,synthetic_hardfail
qa-hardfail-03556,오늘 강한 국내 테마 알려줘 #03556,theme_top,True,synthetic_hardfail
qa-hardfail-03557,상승 테마 순위 보여줘 #03557,theme_top,True,synthetic_hardfail
qa-hardfail-03558,인기 테마 뭐야? #03558,theme_top,True,synthetic_hardfail
qa-hardfail-03559,오늘 강한 국내 테마 알려줘 #03559,theme_top,True,synthetic_hardfail
qa-hardfail-03560,상승 테마 순위 보여줘 #03560,theme_top,True,synthetic_hardfail
qa-hardfail-03561,인기 테마 뭐야? #03561,theme_top,True,synthetic_hardfail
qa-hardfail-03562,오늘 강한 국내 테마 알려줘 #03562,theme_top,True,synthetic_hardfail
qa-hardfail-03563,상승 테마 순위 보여줘 #03563,theme_top,True,synthetic_hardfail
qa-hardfail-03564,인기 테마 뭐야? #03564,theme_top,True,synthetic_hardfail
qa-hardfail-03565,오늘 강한 국내 테마 알려줘 #03565,theme_top,True,synthetic_hardfail
qa-hardfail-03566,상승 테마 순위 보여줘 #03566,theme_top,True,synthetic_hardfail
qa-hardfail-03567,인기 테마 뭐야? #03567,theme_top,True,synthetic_hardfail
qa-hardfail-03568,오늘 강한 국내 테마 알려줘 #03568,theme_top,True,synthetic_hardfail
qa-hardfail-03569,상승 테마 순위 보여줘 #03569,theme_top,True,synthetic_hardfail
qa-hardfail-03570,인기 테마 뭐야? #03570,theme_top,True,synthetic_hardfail
qa-hardfail-03571,오늘 강한 국내 테마 알려줘 #03571,theme_top,True,synthetic_hardfail
qa-hardfail-03572,상승 테마 순위 보여줘 #03572,theme_top,True,synthetic_hardfail
qa-hardfail-03573,인기 테마 뭐야? #03573,theme_top,True,synthetic_hardfail
qa-hardfail-03574,오늘 강한 국내 테마 알려줘 #03574,theme_top,True,synthetic_hardfail
qa-hardfail-03575,상승 테마 순위 보여줘 #03575,theme_top,True,synthetic_hardfail
qa-hardfail-03576,인기 테마 뭐야? #03576,theme_top,True,synthetic_hardfail
qa-hardfail-03577,오늘 강한 국내 테마 알려줘 #03577,theme_top,True,synthetic_hardfail
qa-hardfail-03578,상승 테마 순위 보여줘 #03578,theme_top,True,synthetic_hardfail
qa-hardfail-03579,인기 테마 뭐야? #03579,theme_top,True,synthetic_hardfail
qa-hardfail-03580,오늘 강한 국내 테마 알려줘 #03580,theme_top,True,synthetic_hardfail
qa-hardfail-03581,상승 테마 순위 보여줘 #03581,theme_top,True,synthetic_hardfail
qa-hardfail-03582,인기 테마 뭐야? #03582,theme_top,True,synthetic_hardfail
qa-hardfail-03583,오늘 강한 국내 테마 알려줘 #03583,theme_top,True,synthetic_hardfail
qa-hardfail-03584,상승 테마 순위 보여줘 #03584,theme_top,True,synthetic_hardfail
qa-hardfail-03585,인기 테마 뭐야? #03585,theme_top,True,synthetic_hardfail
qa-hardfail-03586,오늘 강한 국내 테마 알려줘 #03586,theme_top,True,synthetic_hardfail
qa-hardfail-03587,상승 테마 순위 보여줘 #03587,theme_top,True,synthetic_hardfail
qa-hardfail-03588,인기 테마 뭐야? #03588,theme_top,True,synthetic_hardfail
qa-hardfail-03589,오늘 강한 국내 테마 알려줘 #03589,theme_top,True,synthetic_hardfail
qa-hardfail-03590,상승 테마 순위 보여줘 #03590,theme_top,True,synthetic_hardfail
qa-hardfail-03591,인기 테마 뭐야? #03591,theme_top,True,synthetic_hardfail
qa-hardfail-03592,오늘 강한 국내 테마 알려줘 #03592,theme_top,True,synthetic_hardfail
qa-hardfail-03593,상승 테마 순위 보여줘 #03593,theme_top,True,synthetic_hardfail
qa-hardfail-03594,인기 테마 뭐야? #03594,theme_top,True,synthetic_hardfail
qa-hardfail-03595,오늘 강한 국내 테마 알려줘 #03595,theme_top,True,synthetic_hardfail
qa-hardfail-03596,상승 테마 순위 보여줘 #03596,theme_top,True,synthetic_hardfail
qa-hardfail-03597,인기 테마 뭐야? #03597,theme_top,True,synthetic_hardfail
qa-hardfail-03598,오늘 강한 국내 테마 알려줘 #03598,theme_top,True,synthetic_hardfail
qa-hardfail-03599,상승 테마 순위 보여줘 #03599,theme_top,True,synthetic_hardfail
qa-hardfail-03600,인기 테마 뭐야? #03600,theme_top,True,synthetic_hardfail
qa-hardfail-03601,오늘 강한 국내 테마 알려줘 #03601,theme_top,True,synthetic_hardfail
qa-hardfail-03602,상승 테마 순위 보여줘 #03602,theme_top,True,synthetic_hardfail
qa-hardfail-03603,인기 테마 뭐야? #03603,theme_top,True,synthetic_hardfail
qa-hardfail-03604,오늘 강한 국내 테마 알려줘 #03604,theme_top,True,synthetic_hardfail
qa-hardfail-03605,상승 테마 순위 보여줘 #03605,theme_top,True,synthetic_hardfail
qa-hardfail-03606,인기 테마 뭐야? #03606,theme_top,True,synthetic_hardfail
qa-hardfail-03607,오늘 강한 국내 테마 알려줘 #03607,theme_top,True,synthetic_hardfail
qa-hardfail-03608,상승 테마 순위 보여줘 #03608,theme_top,True,synthetic_hardfail
qa-hardfail-03609,인기 테마 뭐야? #03609,theme_top,True,synthetic_hardfail
qa-hardfail-03610,오늘 강한 국내 테마 알려줘 #03610,theme_top,True,synthetic_hardfail
qa-hardfail-03611,상승 테마 순위 보여줘 #03611,theme_top,True,synthetic_hardfail
qa-hardfail-03612,인기 테마 뭐야? #03612,theme_top,True,synthetic_hardfail
qa-hardfail-03613,오늘 강한 국내 테마 알려줘 #03613,theme_top,True,synthetic_hardfail
qa-hardfail-03614,상승 테마 순위 보여줘 #03614,theme_top,True,synthetic_hardfail
qa-hardfail-03615,인기 테마 뭐야? #03615,theme_top,True,synthetic_hardfail
qa-hardfail-03616,오늘 강한 국내 테마 알려줘 #03616,theme_top,True,synthetic_hardfail
qa-hardfail-03617,상승 테마 순위 보여줘 #03617,theme_top,True,synthetic_hardfail
qa-hardfail-03618,인기 테마 뭐야? #03618,theme_top,True,synthetic_hardfail
qa-hardfail-03619,오늘 강한 국내 테마 알려줘 #03619,theme_top,True,synthetic_hardfail
qa-hardfail-03620,상승 테마 순위 보여줘 #03620,theme_top,True,synthetic_hardfail
qa-hardfail-03621,인기 테마 뭐야? #03621,theme_top,True,synthetic_hardfail
qa-hardfail-03622,오늘 강한 국내 테마 알려줘 #03622,theme_top,True,synthetic_hardfail
qa-hardfail-03623,상승 테마 순위 보여줘 #03623,theme_top,True,synthetic_hardfail
qa-hardfail-03624,인기 테마 뭐야? #03624,theme_top,True,synthetic_hardfail
qa-hardfail-03625,오늘 강한 국내 테마 알려줘 #03625,theme_top,True,synthetic_hardfail
qa-hardfail-03626,상승 테마 순위 보여줘 #03626,theme_top,True,synthetic_hardfail
qa-hardfail-03627,인기 테마 뭐야? #03627,theme_top,True,synthetic_hardfail
qa-hardfail-03628,오늘 강한 국내 테마 알려줘 #03628,theme_top,True,synthetic_hardfail
qa-hardfail-03629,상승 테마 순위 보여줘 #03629,theme_top,True,synthetic_hardfail
qa-hardfail-03630,인기 테마 뭐야? #03630,theme_top,True,synthetic_hardfail
qa-hardfail-03631,오늘 강한 국내 테마 알려줘 #03631,theme_top,True,synthetic_hardfail
qa-hardfail-03632,상승 테마 순위 보여줘 #03632,theme_top,True,synthetic_hardfail
qa-hardfail-03633,인기 테마 뭐야? #03633,theme_top,True,synthetic_hardfail
qa-hardfail-03634,오늘 강한 국내 테마 알려줘 #03634,theme_top,True,synthetic_hardfail
qa-hardfail-03635,상승 테마 순위 보여줘 #03635,theme_top,True,synthetic_hardfail
qa-hardfail-03636,인기 테마 뭐야? #03636,theme_top,True,synthetic_hardfail
qa-hardfail-03637,오늘 강한 국내 테마 알려줘 #03637,theme_top,True,synthetic_hardfail
qa-hardfail-03638,상승 테마 순위 보여줘 #03638,theme_top,True,synthetic_hardfail
qa-hardfail-03639,인기 테마 뭐야? #03639,theme_top,True,synthetic_hardfail
qa-hardfail-03640,오늘 강한 국내 테마 알려줘 #03640,theme_top,True,synthetic_hardfail
qa-hardfail-03641,상승 테마 순위 보여줘 #03641,theme_top,True,synthetic_hardfail
qa-hardfail-03642,인기 테마 뭐야? #03642,theme_top,True,synthetic_hardfail
qa-hardfail-03643,오늘 강한 국내 테마 알려줘 #03643,theme_top,True,synthetic_hardfail
qa-hardfail-03644,상승 테마 순위 보여줘 #03644,theme_top,True,synthetic_hardfail
qa-hardfail-03645,인기 테마 뭐야? #03645,theme_top,True,synthetic_hardfail
qa-hardfail-03646,오늘 강한 국내 테마 알려줘 #03646,theme_top,True,synthetic_hardfail
qa-hardfail-03647,상승 테마 순위 보여줘 #03647,theme_top,True,synthetic_hardfail
qa-hardfail-03648,인기 테마 뭐야? #03648,theme_top,True,synthetic_hardfail
qa-hardfail-03649,오늘 강한 국내 테마 알려줘 #03649,theme_top,True,synthetic_hardfail
qa-hardfail-03650,상승 테마 순위 보여줘 #03650,theme_top,True,synthetic_hardfail
qa-hardfail-03651,인기 테마 뭐야? #03651,theme_top,True,synthetic_hardfail
qa-hardfail-03652,오늘 강한 국내 테마 알려줘 #03652,theme_top,True,synthetic_hardfail
qa-hardfail-03653,상승 테마 순위 보여줘 #03653,theme_top,True,synthetic_hardfail
qa-hardfail-03654,인기 테마 뭐야? #03654,theme_top,True,synthetic_hardfail
qa-hardfail-03655,오늘 강한 국내 테마 알려줘 #03655,theme_top,True,synthetic_hardfail
qa-hardfail-03656,상승 테마 순위 보여줘 #03656,theme_top,True,synthetic_hardfail
qa-hardfail-03657,인기 테마 뭐야? #03657,theme_top,True,synthetic_hardfail
qa-hardfail-03658,오늘 강한 국내 테마 알려줘 #03658,theme_top,True,synthetic_hardfail
qa-hardfail-03659,상승 테마 순위 보여줘 #03659,theme_top,True,synthetic_hardfail
qa-hardfail-03660,인기 테마 뭐야? #03660,theme_top,True,synthetic_hardfail
qa-hardfail-03661,오늘 강한 국내 테마 알려줘 #03661,theme_top,True,synthetic_hardfail
qa-hardfail-03662,상승 테마 순위 보여줘 #03662,theme_top,True,synthetic_hardfail
qa-hardfail-03663,인기 테마 뭐야? #03663,theme_top,True,synthetic_hardfail
qa-hardfail-03664,오늘 강한 국내 테마 알려줘 #03664,theme_top,True,synthetic_hardfail
qa-hardfail-03665,상승 테마 순위 보여줘 #03665,theme_top,True,synthetic_hardfail
qa-hardfail-03666,인기 테마 뭐야? #03666,theme_top,True,synthetic_hardfail
qa-hardfail-03667,오늘 강한 국내 테마 알려줘 #03667,theme_top,True,synthetic_hardfail
qa-hardfail-03668,상승 테마 순위 보여줘 #03668,theme_top,True,synthetic_hardfail
qa-hardfail-03669,인기 테마 뭐야? #03669,theme_top,True,synthetic_hardfail
qa-hardfail-03670,오늘 강한 국내 테마 알려줘 #03670,theme_top,True,synthetic_hardfail
qa-hardfail-03671,상승 테마 순위 보여줘 #03671,theme_top,True,synthetic_hardfail
qa-hardfail-03672,인기 테마 뭐야? #03672,theme_top,True,synthetic_hardfail
qa-hardfail-03673,오늘 강한 국내 테마 알려줘 #03673,theme_top,True,synthetic_hardfail
qa-hardfail-03674,상승 테마 순위 보여줘 #03674,theme_top,True,synthetic_hardfail
qa-hardfail-03675,인기 테마 뭐야? #03675,theme_top,True,synthetic_hardfail
qa-hardfail-03676,오늘 강한 국내 테마 알려줘 #03676,theme_top,True,synthetic_hardfail
qa-hardfail-03677,상승 테마 순위 보여줘 #03677,theme_top,True,synthetic_hardfail
qa-hardfail-03678,인기 테마 뭐야? #03678,theme_top,True,synthetic_hardfail
qa-hardfail-03679,오늘 강한 국내 테마 알려줘 #03679,theme_top,True,synthetic_hardfail
qa-hardfail-03680,상승 테마 순위 보여줘 #03680,theme_top,True,synthetic_hardfail
qa-hardfail-03681,인기 테마 뭐야? #03681,theme_top,True,synthetic_hardfail
qa-hardfail-03682,오늘 강한 국내 테마 알려줘 #03682,theme_top,True,synthetic_hardfail
qa-hardfail-03683,상승 테마 순위 보여줘 #03683,theme_top,True,synthetic_hardfail
qa-hardfail-03684,인기 테마 뭐야? #03684,theme_top,True,synthetic_hardfail
qa-hardfail-03685,오늘 강한 국내 테마 알려줘 #03685,theme_top,True,synthetic_hardfail
qa-hardfail-03686,상승 테마 순위 보여줘 #03686,theme_top,True,synthetic_hardfail
qa-hardfail-03687,인기 테마 뭐야? #03687,theme_top,True,synthetic_hardfail
qa-hardfail-03688,오늘 강한 국내 테마 알려줘 #03688,theme_top,True,synthetic_hardfail
qa-hardfail-03689,상승 테마 순위 보여줘 #03689,theme_top,True,synthetic_hardfail
qa-hardfail-03690,인기 테마 뭐야? #03690,theme_top,True,synthetic_hardfail
qa-hardfail-03691,오늘 강한 국내 테마 알려줘 #03691,theme_top,True,synthetic_hardfail
qa-hardfail-03692,상승 테마 순위 보여줘 #03692,theme_top,True,synthetic_hardfail
qa-hardfail-03693,인기 테마 뭐야? #03693,theme_top,True,synthetic_hardfail
qa-hardfail-03694,오늘 강한 국내 테마 알려줘 #03694,theme_top,True,synthetic_hardfail
qa-hardfail-03695,상승 테마 순위 보여줘 #03695,theme_top,True,synthetic_hardfail
qa-hardfail-03696,인기 테마 뭐야? #03696,theme_top,True,synthetic_hardfail
qa-hardfail-03697,오늘 강한 국내 테마 알려줘 #03697,theme_top,True,synthetic_hardfail
qa-hardfail-03698,상승 테마 순위 보여줘 #03698,theme_top,True,synthetic_hardfail
qa-hardfail-03699,인기 테마 뭐야? #03699,theme_top,True,synthetic_hardfail
qa-hardfail-03700,오늘 강한 국내 테마 알려줘 #03700,theme_top,True,synthetic_hardfail
qa-hardfail-03701,상승 테마 순위 보여줘 #03701,theme_top,True,synthetic_hardfail
qa-hardfail-03702,인기 테마 뭐야? #03702,theme_top,True,synthetic_hardfail
qa-hardfail-03703,오늘 강한 국내 테마 알려줘 #03703,theme_top,True,synthetic_hardfail
qa-hardfail-03704,상승 테마 순위 보여줘 #03704,theme_top,True,synthetic_hardfail
qa-hardfail-03705,인기 테마 뭐야? #03705,theme_top,True,synthetic_hardfail
qa-hardfail-03706,오늘 강한 국내 테마 알려줘 #03706,theme_top,True,synthetic_hardfail
qa-hardfail-03707,상승 테마 순위 보여줘 #03707,theme_top,True,synthetic_hardfail
qa-hardfail-03708,인기 테마 뭐야? #03708,theme_top,True,synthetic_hardfail
qa-hardfail-03709,오늘 강한 국내 테마 알려줘 #03709,theme_top,True,synthetic_hardfail
qa-hardfail-03710,상승 테마 순위 보여줘 #03710,theme_top,True,synthetic_hardfail
qa-hardfail-03711,인기 테마 뭐야? #03711,theme_top,True,synthetic_hardfail
qa-hardfail-03712,오늘 강한 국내 테마 알려줘 #03712,theme_top,True,synthetic_hardfail
qa-hardfail-03713,상승 테마 순위 보여줘 #03713,theme_top,True,synthetic_hardfail
qa-hardfail-03714,인기 테마 뭐야? #03714,theme_top,True,synthetic_hardfail
qa-hardfail-03715,오늘 강한 국내 테마 알려줘 #03715,theme_top,True,synthetic_hardfail
qa-hardfail-03716,상승 테마 순위 보여줘 #03716,theme_top,True,synthetic_hardfail
qa-hardfail-03717,인기 테마 뭐야? #03717,theme_top,True,synthetic_hardfail
qa-hardfail-03718,오늘 강한 국내 테마 알려줘 #03718,theme_top,True,synthetic_hardfail
qa-hardfail-03719,상승 테마 순위 보여줘 #03719,theme_top,True,synthetic_hardfail
qa-hardfail-03720,인기 테마 뭐야? #03720,theme_top,True,synthetic_hardfail
qa-hardfail-03721,오늘 강한 국내 테마 알려줘 #03721,theme_top,True,synthetic_hardfail
qa-hardfail-03722,상승 테마 순위 보여줘 #03722,theme_top,True,synthetic_hardfail
qa-hardfail-03723,인기 테마 뭐야? #03723,theme_top,True,synthetic_hardfail
qa-hardfail-03724,오늘 강한 국내 테마 알려줘 #03724,theme_top,True,synthetic_hardfail
qa-hardfail-03725,상승 테마 순위 보여줘 #03725,theme_top,True,synthetic_hardfail
qa-hardfail-03726,인기 테마 뭐야? #03726,theme_top,True,synthetic_hardfail
qa-hardfail-03727,오늘 강한 국내 테마 알려줘 #03727,theme_top,True,synthetic_hardfail
qa-hardfail-03728,상승 테마 순위 보여줘 #03728,theme_top,True,synthetic_hardfail
qa-hardfail-03729,인기 테마 뭐야? #03729,theme_top,True,synthetic_hardfail
qa-hardfail-03730,오늘 강한 국내 테마 알려줘 #03730,theme_top,True,synthetic_hardfail
qa-hardfail-03731,상승 테마 순위 보여줘 #03731,theme_top,True,synthetic_hardfail
qa-hardfail-03732,인기 테마 뭐야? #03732,theme_top,True,synthetic_hardfail
qa-hardfail-03733,오늘 강한 국내 테마 알려줘 #03733,theme_top,True,synthetic_hardfail
qa-hardfail-03734,상승 테마 순위 보여줘 #03734,theme_top,True,synthetic_hardfail
qa-hardfail-03735,인기 테마 뭐야? #03735,theme_top,True,synthetic_hardfail
qa-hardfail-03736,오늘 강한 국내 테마 알려줘 #03736,theme_top,True,synthetic_hardfail
qa-hardfail-03737,상승 테마 순위 보여줘 #03737,theme_top,True,synthetic_hardfail
qa-hardfail-03738,인기 테마 뭐야? #03738,theme_top,True,synthetic_hardfail
qa-hardfail-03739,오늘 강한 국내 테마 알려줘 #03739,theme_top,True,synthetic_hardfail
qa-hardfail-03740,상승 테마 순위 보여줘 #03740,theme_top,True,synthetic_hardfail
qa-hardfail-03741,인기 테마 뭐야? #03741,theme_top,True,synthetic_hardfail
qa-hardfail-03742,오늘 강한 국내 테마 알려줘 #03742,theme_top,True,synthetic_hardfail
qa-hardfail-03743,상승 테마 순위 보여줘 #03743,theme_top,True,synthetic_hardfail
qa-hardfail-03744,인기 테마 뭐야? #03744,theme_top,True,synthetic_hardfail
qa-hardfail-03745,오늘 강한 국내 테마 알려줘 #03745,theme_top,True,synthetic_hardfail
qa-hardfail-03746,상승 테마 순위 보여줘 #03746,theme_top,True,synthetic_hardfail
qa-hardfail-03747,인기 테마 뭐야? #03747,theme_top,True,synthetic_hardfail
qa-hardfail-03748,오늘 강한 국내 테마 알려줘 #03748,theme_top,True,synthetic_hardfail
qa-hardfail-03749,상승 테마 순위 보여줘 #03749,theme_top,True,synthetic_hardfail
qa-hardfail-03750,인기 테마 뭐야? #03750,theme_top,True,synthetic_hardfail
qa-hardfail-03751,오늘 강한 국내 테마 알려줘 #03751,theme_top,True,synthetic_hardfail
qa-hardfail-03752,상승 테마 순위 보여줘 #03752,theme_top,True,synthetic_hardfail
qa-hardfail-03753,인기 테마 뭐야? #03753,theme_top,True,synthetic_hardfail
qa-hardfail-03754,오늘 강한 국내 테마 알려줘 #03754,theme_top,True,synthetic_hardfail
qa-hardfail-03755,상승 테마 순위 보여줘 #03755,theme_top,True,synthetic_hardfail
qa-hardfail-03756,인기 테마 뭐야? #03756,theme_top,True,synthetic_hardfail
qa-hardfail-03757,오늘 강한 국내 테마 알려줘 #03757,theme_top,True,synthetic_hardfail
qa-hardfail-03758,상승 테마 순위 보여줘 #03758,theme_top,True,synthetic_hardfail
qa-hardfail-03759,인기 테마 뭐야? #03759,theme_top,True,synthetic_hardfail
qa-hardfail-03760,오늘 강한 국내 테마 알려줘 #03760,theme_top,True,synthetic_hardfail
qa-hardfail-03761,상승 테마 순위 보여줘 #03761,theme_top,True,synthetic_hardfail
qa-hardfail-03762,인기 테마 뭐야? #03762,theme_top,True,synthetic_hardfail
qa-hardfail-03763,오늘 강한 국내 테마 알려줘 #03763,theme_top,True,synthetic_hardfail
qa-hardfail-03764,상승 테마 순위 보여줘 #03764,theme_top,True,synthetic_hardfail
qa-hardfail-03765,인기 테마 뭐야? #03765,theme_top,True,synthetic_hardfail
qa-hardfail-03766,오늘 강한 국내 테마 알려줘 #03766,theme_top,True,synthetic_hardfail
qa-hardfail-03767,상승 테마 순위 보여줘 #03767,theme_top,True,synthetic_hardfail
qa-hardfail-03768,인기 테마 뭐야? #03768,theme_top,True,synthetic_hardfail
qa-hardfail-03769,오늘 강한 국내 테마 알려줘 #03769,theme_top,True,synthetic_hardfail
qa-hardfail-03770,상승 테마 순위 보여줘 #03770,theme_top,True,synthetic_hardfail
qa-hardfail-03771,인기 테마 뭐야? #03771,theme_top,True,synthetic_hardfail
qa-hardfail-03772,오늘 강한 국내 테마 알려줘 #03772,theme_top,True,synthetic_hardfail
qa-hardfail-03773,상승 테마 순위 보여줘 #03773,theme_top,True,synthetic_hardfail
qa-hardfail-03774,인기 테마 뭐야? #03774,theme_top,True,synthetic_hardfail
qa-hardfail-03775,오늘 강한 국내 테마 알려줘 #03775,theme_top,True,synthetic_hardfail
qa-hardfail-03776,상승 테마 순위 보여줘 #03776,theme_top,True,synthetic_hardfail
qa-hardfail-03777,인기 테마 뭐야? #03777,theme_top,True,synthetic_hardfail
qa-hardfail-03778,오늘 강한 국내 테마 알려줘 #03778,theme_top,True,synthetic_hardfail
qa-hardfail-03779,상승 테마 순위 보여줘 #03779,theme_top,True,synthetic_hardfail
qa-hardfail-03780,인기 테마 뭐야? #03780,theme_top,True,synthetic_hardfail
qa-hardfail-03781,오늘 강한 국내 테마 알려줘 #03781,theme_top,True,synthetic_hardfail
qa-hardfail-03782,상승 테마 순위 보여줘 #03782,theme_top,True,synthetic_hardfail
qa-hardfail-03783,인기 테마 뭐야? #03783,theme_top,True,synthetic_hardfail
qa-hardfail-03784,오늘 강한 국내 테마 알려줘 #03784,theme_top,True,synthetic_hardfail
qa-hardfail-03785,상승 테마 순위 보여줘 #03785,theme_top,True,synthetic_hardfail
qa-hardfail-03786,인기 테마 뭐야? #03786,theme_top,True,synthetic_hardfail
qa-hardfail-03787,오늘 강한 국내 테마 알려줘 #03787,theme_top,True,synthetic_hardfail
qa-hardfail-03788,상승 테마 순위 보여줘 #03788,theme_top,True,synthetic_hardfail
qa-hardfail-03789,인기 테마 뭐야? #03789,theme_top,True,synthetic_hardfail
qa-hardfail-03790,오늘 강한 국내 테마 알려줘 #03790,theme_top,True,synthetic_hardfail
qa-hardfail-03791,상승 테마 순위 보여줘 #03791,theme_top,True,synthetic_hardfail
qa-hardfail-03792,인기 테마 뭐야? #03792,theme_top,True,synthetic_hardfail
qa-hardfail-03793,오늘 강한 국내 테마 알려줘 #03793,theme_top,True,synthetic_hardfail
qa-hardfail-03794,상승 테마 순위 보여줘 #03794,theme_top,True,synthetic_hardfail
qa-hardfail-03795,인기 테마 뭐야? #03795,theme_top,True,synthetic_hardfail
qa-hardfail-03796,오늘 강한 국내 테마 알려줘 #03796,theme_top,True,synthetic_hardfail
qa-hardfail-03797,상승 테마 순위 보여줘 #03797,theme_top,True,synthetic_hardfail
qa-hardfail-03798,인기 테마 뭐야? #03798,theme_top,True,synthetic_hardfail
qa-hardfail-03799,오늘 강한 국내 테마 알려줘 #03799,theme_top,True,synthetic_hardfail
qa-hardfail-03800,상승 테마 순위 보여줘 #03800,theme_top,True,synthetic_hardfail
qa-hardfail-03801,인기 테마 뭐야? #03801,theme_top,True,synthetic_hardfail
qa-hardfail-03802,오늘 강한 국내 테마 알려줘 #03802,theme_top,True,synthetic_hardfail
qa-hardfail-03803,상승 테마 순위 보여줘 #03803,theme_top,True,synthetic_hardfail
qa-hardfail-03804,인기 테마 뭐야? #03804,theme_top,True,synthetic_hardfail
qa-hardfail-03805,오늘 강한 국내 테마 알려줘 #03805,theme_top,True,synthetic_hardfail
qa-hardfail-03806,상승 테마 순위 보여줘 #03806,theme_top,True,synthetic_hardfail
qa-hardfail-03807,인기 테마 뭐야? #03807,theme_top,True,synthetic_hardfail
qa-hardfail-03808,오늘 강한 국내 테마 알려줘 #03808,theme_top,True,synthetic_hardfail
qa-hardfail-03809,상승 테마 순위 보여줘 #03809,theme_top,True,synthetic_hardfail
qa-hardfail-03810,인기 테마 뭐야? #03810,theme_top,True,synthetic_hardfail
qa-hardfail-03811,오늘 강한 국내 테마 알려줘 #03811,theme_top,True,synthetic_hardfail
qa-hardfail-03812,상승 테마 순위 보여줘 #03812,theme_top,True,synthetic_hardfail
qa-hardfail-03813,인기 테마 뭐야? #03813,theme_top,True,synthetic_hardfail
qa-hardfail-03814,오늘 강한 국내 테마 알려줘 #03814,theme_top,True,synthetic_hardfail
qa-hardfail-03815,상승 테마 순위 보여줘 #03815,theme_top,True,synthetic_hardfail
qa-hardfail-03816,인기 테마 뭐야? #03816,theme_top,True,synthetic_hardfail
qa-hardfail-03817,오늘 강한 국내 테마 알려줘 #03817,theme_top,True,synthetic_hardfail
qa-hardfail-03818,상승 테마 순위 보여줘 #03818,theme_top,True,synthetic_hardfail
qa-hardfail-03819,인기 테마 뭐야? #03819,theme_top,True,synthetic_hardfail
qa-hardfail-03820,오늘 강한 국내 테마 알려줘 #03820,theme_top,True,synthetic_hardfail
qa-hardfail-03821,상승 테마 순위 보여줘 #03821,theme_top,True,synthetic_hardfail
qa-hardfail-03822,인기 테마 뭐야? #03822,theme_top,True,synthetic_hardfail
qa-hardfail-03823,오늘 강한 국내 테마 알려줘 #03823,theme_top,True,synthetic_hardfail
qa-hardfail-03824,상승 테마 순위 보여줘 #03824,theme_top,True,synthetic_hardfail
qa-hardfail-03825,인기 테마 뭐야? #03825,theme_top,True,synthetic_hardfail
qa-hardfail-03826,오늘 강한 국내 테마 알려줘 #03826,theme_top,True,synthetic_hardfail
qa-hardfail-03827,상승 테마 순위 보여줘 #03827,theme_top,True,synthetic_hardfail
qa-hardfail-03828,인기 테마 뭐야? #03828,theme_top,True,synthetic_hardfail
qa-hardfail-03829,오늘 강한 국내 테마 알려줘 #03829,theme_top,True,synthetic_hardfail
qa-hardfail-03830,상승 테마 순위 보여줘 #03830,theme_top,True,synthetic_hardfail
qa-hardfail-03831,인기 테마 뭐야? #03831,theme_top,True,synthetic_hardfail
qa-hardfail-03832,오늘 강한 국내 테마 알려줘 #03832,theme_top,True,synthetic_hardfail
qa-hardfail-03833,상승 테마 순위 보여줘 #03833,theme_top,True,synthetic_hardfail
qa-hardfail-03834,인기 테마 뭐야? #03834,theme_top,True,synthetic_hardfail
qa-hardfail-03835,오늘 강한 국내 테마 알려줘 #03835,theme_top,True,synthetic_hardfail
qa-hardfail-03836,상승 테마 순위 보여줘 #03836,theme_top,True,synthetic_hardfail
qa-hardfail-03837,인기 테마 뭐야? #03837,theme_top,True,synthetic_hardfail
qa-hardfail-03838,오늘 강한 국내 테마 알려줘 #03838,theme_top,True,synthetic_hardfail
qa-hardfail-03839,상승 테마 순위 보여줘 #03839,theme_top,True,synthetic_hardfail
qa-hardfail-03840,인기 테마 뭐야? #03840,theme_top,True,synthetic_hardfail
qa-hardfail-03841,오늘 강한 국내 테마 알려줘 #03841,theme_top,True,synthetic_hardfail
qa-hardfail-03842,상승 테마 순위 보여줘 #03842,theme_top,True,synthetic_hardfail
qa-hardfail-03843,인기 테마 뭐야? #03843,theme_top,True,synthetic_hardfail
qa-hardfail-03844,오늘 강한 국내 테마 알려줘 #03844,theme_top,True,synthetic_hardfail
qa-hardfail-03845,상승 테마 순위 보여줘 #03845,theme_top,True,synthetic_hardfail
qa-hardfail-03846,인기 테마 뭐야? #03846,theme_top,True,synthetic_hardfail
qa-hardfail-03847,오늘 강한 국내 테마 알려줘 #03847,theme_top,True,synthetic_hardfail
qa-hardfail-03848,상승 테마 순위 보여줘 #03848,theme_top,True,synthetic_hardfail
qa-hardfail-03849,인기 테마 뭐야? #03849,theme_top,True,synthetic_hardfail
qa-hardfail-03850,오늘 강한 국내 테마 알려줘 #03850,theme_top,True,synthetic_hardfail
qa-hardfail-03851,상승 테마 순위 보여줘 #03851,theme_top,True,synthetic_hardfail
qa-hardfail-03852,인기 테마 뭐야? #03852,theme_top,True,synthetic_hardfail
qa-hardfail-03853,오늘 강한 국내 테마 알려줘 #03853,theme_top,True,synthetic_hardfail
qa-hardfail-03854,상승 테마 순위 보여줘 #03854,theme_top,True,synthetic_hardfail
qa-hardfail-03855,인기 테마 뭐야? #03855,theme_top,True,synthetic_hardfail
qa-hardfail-03856,오늘 강한 국내 테마 알려줘 #03856,theme_top,True,synthetic_hardfail
qa-hardfail-03857,상승 테마 순위 보여줘 #03857,theme_top,True,synthetic_hardfail
qa-hardfail-03858,인기 테마 뭐야? #03858,theme_top,True,synthetic_hardfail
qa-hardfail-03859,오늘 강한 국내 테마 알려줘 #03859,theme_top,True,synthetic_hardfail
qa-hardfail-03860,상승 테마 순위 보여줘 #03860,theme_top,True,synthetic_hardfail
qa-hardfail-03861,인기 테마 뭐야? #03861,theme_top,True,synthetic_hardfail
qa-hardfail-03862,오늘 강한 국내 테마 알려줘 #03862,theme_top,True,synthetic_hardfail
qa-hardfail-03863,상승 테마 순위 보여줘 #03863,theme_top,True,synthetic_hardfail
qa-hardfail-03864,인기 테마 뭐야? #03864,theme_top,True,synthetic_hardfail
qa-hardfail-03865,오늘 강한 국내 테마 알려줘 #03865,theme_top,True,synthetic_hardfail
qa-hardfail-03866,상승 테마 순위 보여줘 #03866,theme_top,True,synthetic_hardfail
qa-hardfail-03867,인기 테마 뭐야? #03867,theme_top,True,synthetic_hardfail
qa-hardfail-03868,오늘 강한 국내 테마 알려줘 #03868,theme_top,True,synthetic_hardfail
qa-hardfail-03869,상승 테마 순위 보여줘 #03869,theme_top,True,synthetic_hardfail
qa-hardfail-03870,인기 테마 뭐야? #03870,theme_top,True,synthetic_hardfail
qa-hardfail-03871,오늘 강한 국내 테마 알려줘 #03871,theme_top,True,synthetic_hardfail
qa-hardfail-03872,상승 테마 순위 보여줘 #03872,theme_top,True,synthetic_hardfail
qa-hardfail-03873,인기 테마 뭐야? #03873,theme_top,True,synthetic_hardfail
qa-hardfail-03874,오늘 강한 국내 테마 알려줘 #03874,theme_top,True,synthetic_hardfail
qa-hardfail-03875,상승 테마 순위 보여줘 #03875,theme_top,True,synthetic_hardfail
qa-hardfail-03876,인기 테마 뭐야? #03876,theme_top,True,synthetic_hardfail
qa-hardfail-03877,오늘 강한 국내 테마 알려줘 #03877,theme_top,True,synthetic_hardfail
qa-hardfail-03878,상승 테마 순위 보여줘 #03878,theme_top,True,synthetic_hardfail
qa-hardfail-03879,인기 테마 뭐야? #03879,theme_top,True,synthetic_hardfail
qa-hardfail-03880,오늘 강한 국내 테마 알려줘 #03880,theme_top,True,synthetic_hardfail
qa-hardfail-03881,상승 테마 순위 보여줘 #03881,theme_top,True,synthetic_hardfail
qa-hardfail-03882,인기 테마 뭐야? #03882,theme_top,True,synthetic_hardfail
qa-hardfail-03883,오늘 강한 국내 테마 알려줘 #03883,theme_top,True,synthetic_hardfail
qa-hardfail-03884,상승 테마 순위 보여줘 #03884,theme_top,True,synthetic_hardfail
qa-hardfail-03885,인기 테마 뭐야? #03885,theme_top,True,synthetic_hardfail
qa-hardfail-03886,오늘 강한 국내 테마 알려줘 #03886,theme_top,True,synthetic_hardfail
qa-hardfail-03887,상승 테마 순위 보여줘 #03887,theme_top,True,synthetic_hardfail
qa-hardfail-03888,인기 테마 뭐야? #03888,theme_top,True,synthetic_hardfail
qa-hardfail-03889,오늘 강한 국내 테마 알려줘 #03889,theme_top,True,synthetic_hardfail
qa-hardfail-03890,상승 테마 순위 보여줘 #03890,theme_top,True,synthetic_hardfail
qa-hardfail-03891,인기 테마 뭐야? #03891,theme_top,True,synthetic_hardfail
qa-hardfail-03892,오늘 강한 국내 테마 알려줘 #03892,theme_top,True,synthetic_hardfail
qa-hardfail-03893,상승 테마 순위 보여줘 #03893,theme_top,True,synthetic_hardfail
qa-hardfail-03894,인기 테마 뭐야? #03894,theme_top,True,synthetic_hardfail
qa-hardfail-03895,오늘 강한 국내 테마 알려줘 #03895,theme_top,True,synthetic_hardfail
qa-hardfail-03896,상승 테마 순위 보여줘 #03896,theme_top,True,synthetic_hardfail
qa-hardfail-03897,인기 테마 뭐야? #03897,theme_top,True,synthetic_hardfail
qa-hardfail-03898,오늘 강한 국내 테마 알려줘 #03898,theme_top,True,synthetic_hardfail
qa-hardfail-03899,상승 테마 순위 보여줘 #03899,theme_top,True,synthetic_hardfail
qa-hardfail-03900,인기 테마 뭐야? #03900,theme_top,True,synthetic_hardfail
qa-hardfail-03901,오늘 강한 국내 테마 알려줘 #03901,theme_top,True,synthetic_hardfail
qa-hardfail-03902,상승 테마 순위 보여줘 #03902,theme_top,True,synthetic_hardfail
qa-hardfail-03903,인기 테마 뭐야? #03903,theme_top,True,synthetic_hardfail
qa-hardfail-03904,오늘 강한 국내 테마 알려줘 #03904,theme_top,True,synthetic_hardfail
qa-hardfail-03905,상승 테마 순위 보여줘 #03905,theme_top,True,synthetic_hardfail
qa-hardfail-03906,인기 테마 뭐야? #03906,theme_top,True,synthetic_hardfail
qa-hardfail-03907,오늘 강한 국내 테마 알려줘 #03907,theme_top,True,synthetic_hardfail
qa-hardfail-03908,상승 테마 순위 보여줘 #03908,theme_top,True,synthetic_hardfail
qa-hardfail-03909,인기 테마 뭐야? #03909,theme_top,True,synthetic_hardfail
qa-hardfail-03910,오늘 강한 국내 테마 알려줘 #03910,theme_top,True,synthetic_hardfail
qa-hardfail-03911,상승 테마 순위 보여줘 #03911,theme_top,True,synthetic_hardfail
qa-hardfail-03912,인기 테마 뭐야? #03912,theme_top,True,synthetic_hardfail
qa-hardfail-03913,오늘 강한 국내 테마 알려줘 #03913,theme_top,True,synthetic_hardfail
qa-hardfail-03914,상승 테마 순위 보여줘 #03914,theme_top,True,synthetic_hardfail
qa-hardfail-03915,인기 테마 뭐야? #03915,theme_top,True,synthetic_hardfail
qa-hardfail-03916,오늘 강한 국내 테마 알려줘 #03916,theme_top,True,synthetic_hardfail
qa-hardfail-03917,상승 테마 순위 보여줘 #03917,theme_top,True,synthetic_hardfail
qa-hardfail-03918,인기 테마 뭐야? #03918,theme_top,True,synthetic_hardfail
qa-hardfail-03919,오늘 강한 국내 테마 알려줘 #03919,theme_top,True,synthetic_hardfail
qa-hardfail-03920,상승 테마 순위 보여줘 #03920,theme_top,True,synthetic_hardfail
qa-hardfail-03921,인기 테마 뭐야? #03921,theme_top,True,synthetic_hardfail
qa-hardfail-03922,오늘 강한 국내 테마 알려줘 #03922,theme_top,True,synthetic_hardfail
qa-hardfail-03923,상승 테마 순위 보여줘 #03923,theme_top,True,synthetic_hardfail
qa-hardfail-03924,인기 테마 뭐야? #03924,theme_top,True,synthetic_hardfail
qa-hardfail-03925,오늘 강한 국내 테마 알려줘 #03925,theme_top,True,synthetic_hardfail
qa-hardfail-03926,상승 테마 순위 보여줘 #03926,theme_top,True,synthetic_hardfail
qa-hardfail-03927,인기 테마 뭐야? #03927,theme_top,True,synthetic_hardfail
qa-hardfail-03928,오늘 강한 국내 테마 알려줘 #03928,theme_top,True,synthetic_hardfail
qa-hardfail-03929,상승 테마 순위 보여줘 #03929,theme_top,True,synthetic_hardfail
qa-hardfail-03930,인기 테마 뭐야? #03930,theme_top,True,synthetic_hardfail
qa-hardfail-03931,오늘 강한 국내 테마 알려줘 #03931,theme_top,True,synthetic_hardfail
qa-hardfail-03932,상승 테마 순위 보여줘 #03932,theme_top,True,synthetic_hardfail
qa-hardfail-03933,인기 테마 뭐야? #03933,theme_top,True,synthetic_hardfail
qa-hardfail-03934,오늘 강한 국내 테마 알려줘 #03934,theme_top,True,synthetic_hardfail
qa-hardfail-03935,상승 테마 순위 보여줘 #03935,theme_top,True,synthetic_hardfail
qa-hardfail-03936,인기 테마 뭐야? #03936,theme_top,True,synthetic_hardfail
qa-hardfail-03937,오늘 강한 국내 테마 알려줘 #03937,theme_top,True,synthetic_hardfail
qa-hardfail-03938,상승 테마 순위 보여줘 #03938,theme_top,True,synthetic_hardfail
qa-hardfail-03939,인기 테마 뭐야? #03939,theme_top,True,synthetic_hardfail
qa-hardfail-03940,오늘 강한 국내 테마 알려줘 #03940,theme_top,True,synthetic_hardfail
qa-hardfail-03941,상승 테마 순위 보여줘 #03941,theme_top,True,synthetic_hardfail
qa-hardfail-03942,인기 테마 뭐야? #03942,theme_top,True,synthetic_hardfail
qa-hardfail-03943,오늘 강한 국내 테마 알려줘 #03943,theme_top,True,synthetic_hardfail
qa-hardfail-03944,상승 테마 순위 보여줘 #03944,theme_top,True,synthetic_hardfail
qa-hardfail-03945,인기 테마 뭐야? #03945,theme_top,True,synthetic_hardfail
qa-hardfail-03946,오늘 강한 국내 테마 알려줘 #03946,theme_top,True,synthetic_hardfail
qa-hardfail-03947,상승 테마 순위 보여줘 #03947,theme_top,True,synthetic_hardfail
qa-hardfail-03948,인기 테마 뭐야? #03948,theme_top,True,synthetic_hardfail
qa-hardfail-03949,오늘 강한 국내 테마 알려줘 #03949,theme_top,True,synthetic_hardfail
qa-hardfail-03950,상승 테마 순위 보여줘 #03950,theme_top,True,synthetic_hardfail
qa-hardfail-03951,인기 테마 뭐야? #03951,theme_top,True,synthetic_hardfail
qa-hardfail-03952,오늘 강한 국내 테마 알려줘 #03952,theme_top,True,synthetic_hardfail
qa-hardfail-03953,상승 테마 순위 보여줘 #03953,theme_top,True,synthetic_hardfail
qa-hardfail-03954,인기 테마 뭐야? #03954,theme_top,True,synthetic_hardfail
qa-hardfail-03955,오늘 강한 국내 테마 알려줘 #03955,theme_top,True,synthetic_hardfail
qa-hardfail-03956,상승 테마 순위 보여줘 #03956,theme_top,True,synthetic_hardfail
qa-hardfail-03957,인기 테마 뭐야? #03957,theme_top,True,synthetic_hardfail
qa-hardfail-03958,오늘 강한 국내 테마 알려줘 #03958,theme_top,True,synthetic_hardfail
qa-hardfail-03959,상승 테마 순위 보여줘 #03959,theme_top,True,synthetic_hardfail
qa-hardfail-03960,인기 테마 뭐야? #03960,theme_top,True,synthetic_hardfail
qa-hardfail-03961,오늘 강한 국내 테마 알려줘 #03961,theme_top,True,synthetic_hardfail
qa-hardfail-03962,상승 테마 순위 보여줘 #03962,theme_top,True,synthetic_hardfail
qa-hardfail-03963,인기 테마 뭐야? #03963,theme_top,True,synthetic_hardfail
qa-hardfail-03964,오늘 강한 국내 테마 알려줘 #03964,theme_top,True,synthetic_hardfail
qa-hardfail-03965,상승 테마 순위 보여줘 #03965,theme_top,True,synthetic_hardfail
qa-hardfail-03966,인기 테마 뭐야? #03966,theme_top,True,synthetic_hardfail
qa-hardfail-03967,오늘 강한 국내 테마 알려줘 #03967,theme_top,True,synthetic_hardfail
qa-hardfail-03968,상승 테마 순위 보여줘 #03968,theme_top,True,synthetic_hardfail
qa-hardfail-03969,인기 테마 뭐야? #03969,theme_top,True,synthetic_hardfail
qa-hardfail-03970,오늘 강한 국내 테마 알려줘 #03970,theme_top,True,synthetic_hardfail
qa-hardfail-03971,상승 테마 순위 보여줘 #03971,theme_top,True,synthetic_hardfail
qa-hardfail-03972,인기 테마 뭐야? #03972,theme_top,True,synthetic_hardfail
qa-hardfail-03973,오늘 강한 국내 테마 알려줘 #03973,theme_top,True,synthetic_hardfail
qa-hardfail-03974,상승 테마 순위 보여줘 #03974,theme_top,True,synthetic_hardfail
qa-hardfail-03975,인기 테마 뭐야? #03975,theme_top,True,synthetic_hardfail
qa-hardfail-03976,오늘 강한 국내 테마 알려줘 #03976,theme_top,True,synthetic_hardfail
qa-hardfail-03977,상승 테마 순위 보여줘 #03977,theme_top,True,synthetic_hardfail
qa-hardfail-03978,인기 테마 뭐야? #03978,theme_top,True,synthetic_hardfail
qa-hardfail-03979,오늘 강한 국내 테마 알려줘 #03979,theme_top,True,synthetic_hardfail
qa-hardfail-03980,상승 테마 순위 보여줘 #03980,theme_top,True,synthetic_hardfail
qa-hardfail-03981,인기 테마 뭐야? #03981,theme_top,True,synthetic_hardfail
qa-hardfail-03982,오늘 강한 국내 테마 알려줘 #03982,theme_top,True,synthetic_hardfail
qa-hardfail-03983,상승 테마 순위 보여줘 #03983,theme_top,True,synthetic_hardfail
qa-hardfail-03984,인기 테마 뭐야? #03984,theme_top,True,synthetic_hardfail
qa-hardfail-03985,오늘 강한 국내 테마 알려줘 #03985,theme_top,True,synthetic_hardfail
qa-hardfail-03986,상승 테마 순위 보여줘 #03986,theme_top,True,synthetic_hardfail
qa-hardfail-03987,인기 테마 뭐야? #03987,theme_top,True,synthetic_hardfail
qa-hardfail-03988,오늘 강한 국내 테마 알려줘 #03988,theme_top,True,synthetic_hardfail
qa-hardfail-03989,상승 테마 순위 보여줘 #03989,theme_top,True,synthetic_hardfail
qa-hardfail-03990,인기 테마 뭐야? #03990,theme_top,True,synthetic_hardfail
qa-hardfail-03991,오늘 강한 국내 테마 알려줘 #03991,theme_top,True,synthetic_hardfail
qa-hardfail-03992,상승 테마 순위 보여줘 #03992,theme_top,True,synthetic_hardfail
qa-hardfail-03993,인기 테마 뭐야? #03993,theme_top,True,synthetic_hardfail
qa-hardfail-03994,오늘 강한 국내 테마 알려줘 #03994,theme_top,True,synthetic_hardfail
qa-hardfail-03995,상승 테마 순위 보여줘 #03995,theme_top,True,synthetic_hardfail
qa-hardfail-03996,인기 테마 뭐야? #03996,theme_top,True,synthetic_hardfail
qa-hardfail-03997,오늘 강한 국내 테마 알려줘 #03997,theme_top,True,synthetic_hardfail
qa-hardfail-03998,상승 테마 순위 보여줘 #03998,theme_top,True,synthetic_hardfail
qa-hardfail-03999,인기 테마 뭐야? #03999,theme_top,True,synthetic_hardfail
qa-hardfail-04000,오늘 강한 국내 테마 알려줘 #04000,theme_top,True,synthetic_hardfail
qa-hardfail-04001,상승 테마 순위 보여줘 #04001,theme_top,True,synthetic_hardfail
qa-hardfail-04002,인기 테마 뭐야? #04002,theme_top,True,synthetic_hardfail
qa-hardfail-04003,오늘 강한 국내 테마 알려줘 #04003,theme_top,True,synthetic_hardfail
qa-hardfail-04004,상승 테마 순위 보여줘 #04004,theme_top,True,synthetic_hardfail
qa-hardfail-04005,인기 테마 뭐야? #04005,theme_top,True,synthetic_hardfail
qa-hardfail-04006,오늘 강한 국내 테마 알려줘 #04006,theme_top,True,synthetic_hardfail
qa-hardfail-04007,상승 테마 순위 보여줘 #04007,theme_top,True,synthetic_hardfail
qa-hardfail-04008,인기 테마 뭐야? #04008,theme_top,True,synthetic_hardfail
qa-hardfail-04009,오늘 강한 국내 테마 알려줘 #04009,theme_top,True,synthetic_hardfail
qa-hardfail-04010,상승 테마 순위 보여줘 #04010,theme_top,True,synthetic_hardfail
qa-hardfail-04011,인기 테마 뭐야? #04011,theme_top,True,synthetic_hardfail
qa-hardfail-04012,오늘 강한 국내 테마 알려줘 #04012,theme_top,True,synthetic_hardfail
qa-hardfail-04013,상승 테마 순위 보여줘 #04013,theme_top,True,synthetic_hardfail
qa-hardfail-04014,인기 테마 뭐야? #04014,theme_top,True,synthetic_hardfail
qa-hardfail-04015,오늘 강한 국내 테마 알려줘 #04015,theme_top,True,synthetic_hardfail
qa-hardfail-04016,상승 테마 순위 보여줘 #04016,theme_top,True,synthetic_hardfail
qa-hardfail-04017,인기 테마 뭐야? #04017,theme_top,True,synthetic_hardfail
qa-hardfail-04018,오늘 강한 국내 테마 알려줘 #04018,theme_top,True,synthetic_hardfail
qa-hardfail-04019,상승 테마 순위 보여줘 #04019,theme_top,True,synthetic_hardfail
qa-hardfail-04020,인기 테마 뭐야? #04020,theme_top,True,synthetic_hardfail
qa-hardfail-04021,오늘 강한 국내 테마 알려줘 #04021,theme_top,True,synthetic_hardfail
qa-hardfail-04022,상승 테마 순위 보여줘 #04022,theme_top,True,synthetic_hardfail
qa-hardfail-04023,인기 테마 뭐야? #04023,theme_top,True,synthetic_hardfail
qa-hardfail-04024,오늘 강한 국내 테마 알려줘 #04024,theme_top,True,synthetic_hardfail
qa-hardfail-04025,상승 테마 순위 보여줘 #04025,theme_top,True,synthetic_hardfail
qa-hardfail-04026,인기 테마 뭐야? #04026,theme_top,True,synthetic_hardfail
qa-hardfail-04027,오늘 강한 국내 테마 알려줘 #04027,theme_top,True,synthetic_hardfail
qa-hardfail-04028,상승 테마 순위 보여줘 #04028,theme_top,True,synthetic_hardfail
qa-hardfail-04029,인기 테마 뭐야? #04029,theme_top,True,synthetic_hardfail
qa-hardfail-04030,오늘 강한 국내 테마 알려줘 #04030,theme_top,True,synthetic_hardfail
qa-hardfail-04031,상승 테마 순위 보여줘 #04031,theme_top,True,synthetic_hardfail
qa-hardfail-04032,인기 테마 뭐야? #04032,theme_top,True,synthetic_hardfail
qa-hardfail-04033,오늘 강한 국내 테마 알려줘 #04033,theme_top,True,synthetic_hardfail
qa-hardfail-04034,상승 테마 순위 보여줘 #04034,theme_top,True,synthetic_hardfail
qa-hardfail-04035,인기 테마 뭐야? #04035,theme_top,True,synthetic_hardfail
qa-hardfail-04036,오늘 강한 국내 테마 알려줘 #04036,theme_top,True,synthetic_hardfail
qa-hardfail-04037,상승 테마 순위 보여줘 #04037,theme_top,True,synthetic_hardfail
qa-hardfail-04038,인기 테마 뭐야? #04038,theme_top,True,synthetic_hardfail
qa-hardfail-04039,오늘 강한 국내 테마 알려줘 #04039,theme_top,True,synthetic_hardfail
qa-hardfail-04040,상승 테마 순위 보여줘 #04040,theme_top,True,synthetic_hardfail
qa-hardfail-04041,인기 테마 뭐야? #04041,theme_top,True,synthetic_hardfail
qa-hardfail-04042,오늘 강한 국내 테마 알려줘 #04042,theme_top,True,synthetic_hardfail
qa-hardfail-04043,상승 테마 순위 보여줘 #04043,theme_top,True,synthetic_hardfail
qa-hardfail-04044,인기 테마 뭐야? #04044,theme_top,True,synthetic_hardfail
qa-hardfail-04045,오늘 강한 국내 테마 알려줘 #04045,theme_top,True,synthetic_hardfail
qa-hardfail-04046,상승 테마 순위 보여줘 #04046,theme_top,True,synthetic_hardfail
qa-hardfail-04047,인기 테마 뭐야? #04047,theme_top,True,synthetic_hardfail
qa-hardfail-04048,오늘 강한 국내 테마 알려줘 #04048,theme_top,True,synthetic_hardfail
qa-hardfail-04049,상승 테마 순위 보여줘 #04049,theme_top,True,synthetic_hardfail
qa-hardfail-04050,인기 테마 뭐야? #04050,theme_top,True,synthetic_hardfail
qa-hardfail-04051,오늘 강한 국내 테마 알려줘 #04051,theme_top,True,synthetic_hardfail
qa-hardfail-04052,상승 테마 순위 보여줘 #04052,theme_top,True,synthetic_hardfail
qa-hardfail-04053,인기 테마 뭐야? #04053,theme_top,True,synthetic_hardfail
qa-hardfail-04054,오늘 강한 국내 테마 알려줘 #04054,theme_top,True,synthetic_hardfail
qa-hardfail-04055,상승 테마 순위 보여줘 #04055,theme_top,True,synthetic_hardfail
qa-hardfail-04056,인기 테마 뭐야? #04056,theme_top,True,synthetic_hardfail
qa-hardfail-04057,오늘 강한 국내 테마 알려줘 #04057,theme_top,True,synthetic_hardfail
qa-hardfail-04058,상승 테마 순위 보여줘 #04058,theme_top,True,synthetic_hardfail
qa-hardfail-04059,인기 테마 뭐야? #04059,theme_top,True,synthetic_hardfail
qa-hardfail-04060,오늘 강한 국내 테마 알려줘 #04060,theme_top,True,synthetic_hardfail
qa-hardfail-04061,상승 테마 순위 보여줘 #04061,theme_top,True,synthetic_hardfail
qa-hardfail-04062,인기 테마 뭐야? #04062,theme_top,True,synthetic_hardfail
qa-hardfail-04063,오늘 강한 국내 테마 알려줘 #04063,theme_top,True,synthetic_hardfail
qa-hardfail-04064,상승 테마 순위 보여줘 #04064,theme_top,True,synthetic_hardfail
qa-hardfail-04065,인기 테마 뭐야? #04065,theme_top,True,synthetic_hardfail
qa-hardfail-04066,오늘 강한 국내 테마 알려줘 #04066,theme_top,True,synthetic_hardfail
qa-hardfail-04067,상승 테마 순위 보여줘 #04067,theme_top,True,synthetic_hardfail
qa-hardfail-04068,인기 테마 뭐야? #04068,theme_top,True,synthetic_hardfail
qa-hardfail-04069,오늘 강한 국내 테마 알려줘 #04069,theme_top,True,synthetic_hardfail
qa-hardfail-04070,상승 테마 순위 보여줘 #04070,theme_top,True,synthetic_hardfail
qa-hardfail-04071,인기 테마 뭐야? #04071,theme_top,True,synthetic_hardfail
qa-hardfail-04072,오늘 강한 국내 테마 알려줘 #04072,theme_top,True,synthetic_hardfail
qa-hardfail-04073,상승 테마 순위 보여줘 #04073,theme_top,True,synthetic_hardfail
qa-hardfail-04074,인기 테마 뭐야? #04074,theme_top,True,synthetic_hardfail
qa-hardfail-04075,오늘 강한 국내 테마 알려줘 #04075,theme_top,True,synthetic_hardfail
qa-hardfail-04076,상승 테마 순위 보여줘 #04076,theme_top,True,synthetic_hardfail
qa-hardfail-04077,인기 테마 뭐야? #04077,theme_top,True,synthetic_hardfail
qa-hardfail-04078,오늘 강한 국내 테마 알려줘 #04078,theme_top,True,synthetic_hardfail
qa-hardfail-04079,상승 테마 순위 보여줘 #04079,theme_top,True,synthetic_hardfail
qa-hardfail-04080,인기 테마 뭐야? #04080,theme_top,True,synthetic_hardfail
qa-hardfail-04081,오늘 강한 국내 테마 알려줘 #04081,theme_top,True,synthetic_hardfail
qa-hardfail-04082,상승 테마 순위 보여줘 #04082,theme_top,True,synthetic_hardfail
qa-hardfail-04083,인기 테마 뭐야? #04083,theme_top,True,synthetic_hardfail
qa-hardfail-04084,오늘 강한 국내 테마 알려줘 #04084,theme_top,True,synthetic_hardfail
qa-hardfail-04085,상승 테마 순위 보여줘 #04085,theme_top,True,synthetic_hardfail
qa-hardfail-04086,인기 테마 뭐야? #04086,theme_top,True,synthetic_hardfail
qa-hardfail-04087,오늘 강한 국내 테마 알려줘 #04087,theme_top,True,synthetic_hardfail
qa-hardfail-04088,상승 테마 순위 보여줘 #04088,theme_top,True,synthetic_hardfail
qa-hardfail-04089,인기 테마 뭐야? #04089,theme_top,True,synthetic_hardfail
qa-hardfail-04090,오늘 강한 국내 테마 알려줘 #04090,theme_top,True,synthetic_hardfail
qa-hardfail-04091,상승 테마 순위 보여줘 #04091,theme_top,True,synthetic_hardfail
qa-hardfail-04092,인기 테마 뭐야? #04092,theme_top,True,synthetic_hardfail
qa-hardfail-04093,오늘 강한 국내 테마 알려줘 #04093,theme_top,True,synthetic_hardfail
qa-hardfail-04094,상승 테마 순위 보여줘 #04094,theme_top,True,synthetic_hardfail
qa-hardfail-04095,인기 테마 뭐야? #04095,theme_top,True,synthetic_hardfail
qa-hardfail-04096,오늘 강한 국내 테마 알려줘 #04096,theme_top,True,synthetic_hardfail
qa-hardfail-04097,상승 테마 순위 보여줘 #04097,theme_top,True,synthetic_hardfail
qa-hardfail-04098,인기 테마 뭐야? #04098,theme_top,True,synthetic_hardfail
qa-hardfail-04099,오늘 강한 국내 테마 알려줘 #04099,theme_top,True,synthetic_hardfail
qa-hardfail-04100,상승 테마 순위 보여줘 #04100,theme_top,True,synthetic_hardfail
qa-hardfail-04101,인기 테마 뭐야? #04101,theme_top,True,synthetic_hardfail
qa-hardfail-04102,오늘 강한 국내 테마 알려줘 #04102,theme_top,True,synthetic_hardfail
qa-hardfail-04103,상승 테마 순위 보여줘 #04103,theme_top,True,synthetic_hardfail
qa-hardfail-04104,인기 테마 뭐야? #04104,theme_top,True,synthetic_hardfail
qa-hardfail-04105,오늘 강한 국내 테마 알려줘 #04105,theme_top,True,synthetic_hardfail
qa-hardfail-04106,상승 테마 순위 보여줘 #04106,theme_top,True,synthetic_hardfail
qa-hardfail-04107,인기 테마 뭐야? #04107,theme_top,True,synthetic_hardfail
qa-hardfail-04108,오늘 강한 국내 테마 알려줘 #04108,theme_top,True,synthetic_hardfail
qa-hardfail-04109,상승 테마 순위 보여줘 #04109,theme_top,True,synthetic_hardfail
qa-hardfail-04110,인기 테마 뭐야? #04110,theme_top,True,synthetic_hardfail
qa-hardfail-04111,오늘 강한 국내 테마 알려줘 #04111,theme_top,True,synthetic_hardfail
qa-hardfail-04112,상승 테마 순위 보여줘 #04112,theme_top,True,synthetic_hardfail
qa-hardfail-04113,인기 테마 뭐야? #04113,theme_top,True,synthetic_hardfail
qa-hardfail-04114,오늘 강한 국내 테마 알려줘 #04114,theme_top,True,synthetic_hardfail
qa-hardfail-04115,상승 테마 순위 보여줘 #04115,theme_top,True,synthetic_hardfail
qa-hardfail-04116,인기 테마 뭐야? #04116,theme_top,True,synthetic_hardfail
qa-hardfail-04117,오늘 강한 국내 테마 알려줘 #04117,theme_top,True,synthetic_hardfail
qa-hardfail-04118,상승 테마 순위 보여줘 #04118,theme_top,True,synthetic_hardfail
qa-hardfail-04119,인기 테마 뭐야? #04119,theme_top,True,synthetic_hardfail
qa-hardfail-04120,오늘 강한 국내 테마 알려줘 #04120,theme_top,True,synthetic_hardfail
qa-hardfail-04121,상승 테마 순위 보여줘 #04121,theme_top,True,synthetic_hardfail
qa-hardfail-04122,인기 테마 뭐야? #04122,theme_top,True,synthetic_hardfail
qa-hardfail-04123,오늘 강한 국내 테마 알려줘 #04123,theme_top,True,synthetic_hardfail
qa-hardfail-04124,상승 테마 순위 보여줘 #04124,theme_top,True,synthetic_hardfail
qa-hardfail-04125,인기 테마 뭐야? #04125,theme_top,True,synthetic_hardfail
qa-hardfail-04126,오늘 강한 국내 테마 알려줘 #04126,theme_top,True,synthetic_hardfail
qa-hardfail-04127,상승 테마 순위 보여줘 #04127,theme_top,True,synthetic_hardfail
qa-hardfail-04128,인기 테마 뭐야? #04128,theme_top,True,synthetic_hardfail
qa-hardfail-04129,오늘 강한 국내 테마 알려줘 #04129,theme_top,True,synthetic_hardfail
qa-hardfail-04130,상승 테마 순위 보여줘 #04130,theme_top,True,synthetic_hardfail
qa-hardfail-04131,인기 테마 뭐야? #04131,theme_top,True,synthetic_hardfail
qa-hardfail-04132,오늘 강한 국내 테마 알려줘 #04132,theme_top,True,synthetic_hardfail
qa-hardfail-04133,상승 테마 순위 보여줘 #04133,theme_top,True,synthetic_hardfail
qa-hardfail-04134,인기 테마 뭐야? #04134,theme_top,True,synthetic_hardfail
qa-hardfail-04135,오늘 강한 국내 테마 알려줘 #04135,theme_top,True,synthetic_hardfail
qa-hardfail-04136,상승 테마 순위 보여줘 #04136,theme_top,True,synthetic_hardfail
qa-hardfail-04137,인기 테마 뭐야? #04137,theme_top,True,synthetic_hardfail
qa-hardfail-04138,오늘 강한 국내 테마 알려줘 #04138,theme_top,True,synthetic_hardfail
qa-hardfail-04139,상승 테마 순위 보여줘 #04139,theme_top,True,synthetic_hardfail
qa-hardfail-04140,인기 테마 뭐야? #04140,theme_top,True,synthetic_hardfail
qa-hardfail-04141,오늘 강한 국내 테마 알려줘 #04141,theme_top,True,synthetic_hardfail
qa-hardfail-04142,상승 테마 순위 보여줘 #04142,theme_top,True,synthetic_hardfail
qa-hardfail-04143,인기 테마 뭐야? #04143,theme_top,True,synthetic_hardfail
qa-hardfail-04144,오늘 강한 국내 테마 알려줘 #04144,theme_top,True,synthetic_hardfail
qa-hardfail-04145,상승 테마 순위 보여줘 #04145,theme_top,True,synthetic_hardfail
qa-hardfail-04146,인기 테마 뭐야? #04146,theme_top,True,synthetic_hardfail
qa-hardfail-04147,오늘 강한 국내 테마 알려줘 #04147,theme_top,True,synthetic_hardfail
qa-hardfail-04148,상승 테마 순위 보여줘 #04148,theme_top,True,synthetic_hardfail
qa-hardfail-04149,인기 테마 뭐야? #04149,theme_top,True,synthetic_hardfail
qa-hardfail-04150,오늘 강한 국내 테마 알려줘 #04150,theme_top,True,synthetic_hardfail
qa-hardfail-04151,상승 테마 순위 보여줘 #04151,theme_top,True,synthetic_hardfail
qa-hardfail-04152,인기 테마 뭐야? #04152,theme_top,True,synthetic_hardfail
qa-hardfail-04153,오늘 강한 국내 테마 알려줘 #04153,theme_top,True,synthetic_hardfail
qa-hardfail-04154,상승 테마 순위 보여줘 #04154,theme_top,True,synthetic_hardfail
qa-hardfail-04155,인기 테마 뭐야? #04155,theme_top,True,synthetic_hardfail
qa-hardfail-04156,오늘 강한 국내 테마 알려줘 #04156,theme_top,True,synthetic_hardfail
qa-hardfail-04157,상승 테마 순위 보여줘 #04157,theme_top,True,synthetic_hardfail
qa-hardfail-04158,인기 테마 뭐야? #04158,theme_top,True,synthetic_hardfail
qa-hardfail-04159,오늘 강한 국내 테마 알려줘 #04159,theme_top,True,synthetic_hardfail
qa-hardfail-04160,상승 테마 순위 보여줘 #04160,theme_top,True,synthetic_hardfail
qa-hardfail-04161,인기 테마 뭐야? #04161,theme_top,True,synthetic_hardfail
qa-hardfail-04162,오늘 강한 국내 테마 알려줘 #04162,theme_top,True,synthetic_hardfail
qa-hardfail-04163,상승 테마 순위 보여줘 #04163,theme_top,True,synthetic_hardfail
qa-hardfail-04164,인기 테마 뭐야? #04164,theme_top,True,synthetic_hardfail
qa-hardfail-04165,오늘 강한 국내 테마 알려줘 #04165,theme_top,True,synthetic_hardfail
qa-hardfail-04166,상승 테마 순위 보여줘 #04166,theme_top,True,synthetic_hardfail
qa-hardfail-04167,인기 테마 뭐야? #04167,theme_top,True,synthetic_hardfail
qa-hardfail-04168,오늘 강한 국내 테마 알려줘 #04168,theme_top,True,synthetic_hardfail
qa-hardfail-04169,상승 테마 순위 보여줘 #04169,theme_top,True,synthetic_hardfail
qa-hardfail-04170,인기 테마 뭐야? #04170,theme_top,True,synthetic_hardfail
qa-hardfail-04171,오늘 강한 국내 테마 알려줘 #04171,theme_top,True,synthetic_hardfail
qa-hardfail-04172,상승 테마 순위 보여줘 #04172,theme_top,True,synthetic_hardfail
qa-hardfail-04173,인기 테마 뭐야? #04173,theme_top,True,synthetic_hardfail
qa-hardfail-04174,오늘 강한 국내 테마 알려줘 #04174,theme_top,True,synthetic_hardfail
qa-hardfail-04175,상승 테마 순위 보여줘 #04175,theme_top,True,synthetic_hardfail
qa-hardfail-04176,인기 테마 뭐야? #04176,theme_top,True,synthetic_hardfail
qa-hardfail-04177,오늘 강한 국내 테마 알려줘 #04177,theme_top,True,synthetic_hardfail
qa-hardfail-04178,상승 테마 순위 보여줘 #04178,theme_top,True,synthetic_hardfail
qa-hardfail-04179,인기 테마 뭐야? #04179,theme_top,True,synthetic_hardfail
qa-hardfail-04180,오늘 강한 국내 테마 알려줘 #04180,theme_top,True,synthetic_hardfail
qa-hardfail-04181,상승 테마 순위 보여줘 #04181,theme_top,True,synthetic_hardfail
qa-hardfail-04182,인기 테마 뭐야? #04182,theme_top,True,synthetic_hardfail
qa-hardfail-04183,오늘 강한 국내 테마 알려줘 #04183,theme_top,True,synthetic_hardfail
qa-hardfail-04184,상승 테마 순위 보여줘 #04184,theme_top,True,synthetic_hardfail
qa-hardfail-04185,인기 테마 뭐야? #04185,theme_top,True,synthetic_hardfail
qa-hardfail-04186,오늘 강한 국내 테마 알려줘 #04186,theme_top,True,synthetic_hardfail
qa-hardfail-04187,상승 테마 순위 보여줘 #04187,theme_top,True,synthetic_hardfail
qa-hardfail-04188,인기 테마 뭐야? #04188,theme_top,True,synthetic_hardfail
qa-hardfail-04189,오늘 강한 국내 테마 알려줘 #04189,theme_top,True,synthetic_hardfail
qa-hardfail-04190,상승 테마 순위 보여줘 #04190,theme_top,True,synthetic_hardfail
qa-hardfail-04191,인기 테마 뭐야? #04191,theme_top,True,synthetic_hardfail
qa-hardfail-04192,오늘 강한 국내 테마 알려줘 #04192,theme_top,True,synthetic_hardfail
qa-hardfail-04193,상승 테마 순위 보여줘 #04193,theme_top,True,synthetic_hardfail
qa-hardfail-04194,인기 테마 뭐야? #04194,theme_top,True,synthetic_hardfail
qa-hardfail-04195,오늘 강한 국내 테마 알려줘 #04195,theme_top,True,synthetic_hardfail
qa-hardfail-04196,상승 테마 순위 보여줘 #04196,theme_top,True,synthetic_hardfail
qa-hardfail-04197,인기 테마 뭐야? #04197,theme_top,True,synthetic_hardfail
qa-hardfail-04198,오늘 강한 국내 테마 알려줘 #04198,theme_top,True,synthetic_hardfail
qa-hardfail-04199,상승 테마 순위 보여줘 #04199,theme_top,True,synthetic_hardfail
qa-hardfail-04200,인기 테마 뭐야? #04200,theme_top,True,synthetic_hardfail
qa-hardfail-04201,오늘 강한 국내 테마 알려줘 #04201,theme_top,True,synthetic_hardfail
qa-hardfail-04202,상승 테마 순위 보여줘 #04202,theme_top,True,synthetic_hardfail
qa-hardfail-04203,인기 테마 뭐야? #04203,theme_top,True,synthetic_hardfail
qa-hardfail-04204,오늘 강한 국내 테마 알려줘 #04204,theme_top,True,synthetic_hardfail
qa-hardfail-04205,상승 테마 순위 보여줘 #04205,theme_top,True,synthetic_hardfail
qa-hardfail-04206,인기 테마 뭐야? #04206,theme_top,True,synthetic_hardfail
qa-hardfail-04207,오늘 강한 국내 테마 알려줘 #04207,theme_top,True,synthetic_hardfail
qa-hardfail-04208,상승 테마 순위 보여줘 #04208,theme_top,True,synthetic_hardfail
qa-hardfail-04209,인기 테마 뭐야? #04209,theme_top,True,synthetic_hardfail
qa-hardfail-04210,오늘 강한 국내 테마 알려줘 #04210,theme_top,True,synthetic_hardfail
qa-hardfail-04211,상승 테마 순위 보여줘 #04211,theme_top,True,synthetic_hardfail
qa-hardfail-04212,인기 테마 뭐야? #04212,theme_top,True,synthetic_hardfail
qa-hardfail-04213,오늘 강한 국내 테마 알려줘 #04213,theme_top,True,synthetic_hardfail
qa-hardfail-04214,상승 테마 순위 보여줘 #04214,theme_top,True,synthetic_hardfail
qa-hardfail-04215,인기 테마 뭐야? #04215,theme_top,True,synthetic_hardfail
qa-hardfail-04216,오늘 강한 국내 테마 알려줘 #04216,theme_top,True,synthetic_hardfail
qa-hardfail-04217,상승 테마 순위 보여줘 #04217,theme_top,True,synthetic_hardfail
qa-hardfail-04218,인기 테마 뭐야? #04218,theme_top,True,synthetic_hardfail
qa-hardfail-04219,오늘 강한 국내 테마 알려줘 #04219,theme_top,True,synthetic_hardfail
qa-hardfail-04220,상승 테마 순위 보여줘 #04220,theme_top,True,synthetic_hardfail
qa-hardfail-04221,인기 테마 뭐야? #04221,theme_top,True,synthetic_hardfail
qa-hardfail-04222,오늘 강한 국내 테마 알려줘 #04222,theme_top,True,synthetic_hardfail
qa-hardfail-04223,상승 테마 순위 보여줘 #04223,theme_top,True,synthetic_hardfail
qa-hardfail-04224,인기 테마 뭐야? #04224,theme_top,True,synthetic_hardfail
qa-hardfail-04225,오늘 강한 국내 테마 알려줘 #04225,theme_top,True,synthetic_hardfail
qa-hardfail-04226,상승 테마 순위 보여줘 #04226,theme_top,True,synthetic_hardfail
qa-hardfail-04227,인기 테마 뭐야? #04227,theme_top,True,synthetic_hardfail
qa-hardfail-04228,오늘 강한 국내 테마 알려줘 #04228,theme_top,True,synthetic_hardfail
qa-hardfail-04229,상승 테마 순위 보여줘 #04229,theme_top,True,synthetic_hardfail
qa-hardfail-04230,인기 테마 뭐야? #04230,theme_top,True,synthetic_hardfail
qa-hardfail-04231,오늘 강한 국내 테마 알려줘 #04231,theme_top,True,synthetic_hardfail
qa-hardfail-04232,상승 테마 순위 보여줘 #04232,theme_top,True,synthetic_hardfail
qa-hardfail-04233,인기 테마 뭐야? #04233,theme_top,True,synthetic_hardfail
qa-hardfail-04234,오늘 강한 국내 테마 알려줘 #04234,theme_top,True,synthetic_hardfail
qa-hardfail-04235,상승 테마 순위 보여줘 #04235,theme_top,True,synthetic_hardfail
qa-hardfail-04236,인기 테마 뭐야? #04236,theme_top,True,synthetic_hardfail
qa-hardfail-04237,오늘 강한 국내 테마 알려줘 #04237,theme_top,True,synthetic_hardfail
qa-hardfail-04238,상승 테마 순위 보여줘 #04238,theme_top,True,synthetic_hardfail
qa-hardfail-04239,인기 테마 뭐야? #04239,theme_top,True,synthetic_hardfail
qa-hardfail-04240,오늘 강한 국내 테마 알려줘 #04240,theme_top,True,synthetic_hardfail
qa-hardfail-04241,상승 테마 순위 보여줘 #04241,theme_top,True,synthetic_hardfail
qa-hardfail-04242,인기 테마 뭐야? #04242,theme_top,True,synthetic_hardfail
qa-hardfail-04243,오늘 강한 국내 테마 알려줘 #04243,theme_top,True,synthetic_hardfail
qa-hardfail-04244,상승 테마 순위 보여줘 #04244,theme_top,True,synthetic_hardfail
qa-hardfail-04245,인기 테마 뭐야? #04245,theme_top,True,synthetic_hardfail
qa-hardfail-04246,오늘 강한 국내 테마 알려줘 #04246,theme_top,True,synthetic_hardfail
qa-hardfail-04247,상승 테마 순위 보여줘 #04247,theme_top,True,synthetic_hardfail
qa-hardfail-04248,인기 테마 뭐야? #04248,theme_top,True,synthetic_hardfail
qa-hardfail-04249,오늘 강한 국내 테마 알려줘 #04249,theme_top,True,synthetic_hardfail
qa-hardfail-04250,상승 테마 순위 보여줘 #04250,theme_top,True,synthetic_hardfail
qa-hardfail-04251,인기 테마 뭐야? #04251,theme_top,True,synthetic_hardfail
qa-hardfail-04252,오늘 강한 국내 테마 알려줘 #04252,theme_top,True,synthetic_hardfail
qa-hardfail-04253,상승 테마 순위 보여줘 #04253,theme_top,True,synthetic_hardfail
qa-hardfail-04254,인기 테마 뭐야? #04254,theme_top,True,synthetic_hardfail
qa-hardfail-04255,오늘 강한 국내 테마 알려줘 #04255,theme_top,True,synthetic_hardfail
qa-hardfail-04256,상승 테마 순위 보여줘 #04256,theme_top,True,synthetic_hardfail
qa-hardfail-04257,인기 테마 뭐야? #04257,theme_top,True,synthetic_hardfail
qa-hardfail-04258,오늘 강한 국내 테마 알려줘 #04258,theme_top,True,synthetic_hardfail
qa-hardfail-04259,상승 테마 순위 보여줘 #04259,theme_top,True,synthetic_hardfail
qa-hardfail-04260,인기 테마 뭐야? #04260,theme_top,True,synthetic_hardfail
qa-hardfail-04261,오늘 강한 국내 테마 알려줘 #04261,theme_top,True,synthetic_hardfail
qa-hardfail-04262,상승 테마 순위 보여줘 #04262,theme_top,True,synthetic_hardfail
qa-hardfail-04263,인기 테마 뭐야? #04263,theme_top,True,synthetic_hardfail
qa-hardfail-04264,오늘 강한 국내 테마 알려줘 #04264,theme_top,True,synthetic_hardfail
qa-hardfail-04265,상승 테마 순위 보여줘 #04265,theme_top,True,synthetic_hardfail
qa-hardfail-04266,인기 테마 뭐야? #04266,theme_top,True,synthetic_hardfail
qa-hardfail-04267,오늘 강한 국내 테마 알려줘 #04267,theme_top,True,synthetic_hardfail
qa-hardfail-04268,상승 테마 순위 보여줘 #04268,theme_top,True,synthetic_hardfail
qa-hardfail-04269,인기 테마 뭐야? #04269,theme_top,True,synthetic_hardfail
qa-hardfail-04270,오늘 강한 국내 테마 알려줘 #04270,theme_top,True,synthetic_hardfail
qa-hardfail-04271,상승 테마 순위 보여줘 #04271,theme_top,True,synthetic_hardfail
qa-hardfail-04272,인기 테마 뭐야? #04272,theme_top,True,synthetic_hardfail
qa-hardfail-04273,오늘 강한 국내 테마 알려줘 #04273,theme_top,True,synthetic_hardfail
qa-hardfail-04274,상승 테마 순위 보여줘 #04274,theme_top,True,synthetic_hardfail
qa-hardfail-04275,인기 테마 뭐야? #04275,theme_top,True,synthetic_hardfail
qa-hardfail-04276,오늘 강한 국내 테마 알려줘 #04276,theme_top,True,synthetic_hardfail
qa-hardfail-04277,상승 테마 순위 보여줘 #04277,theme_top,True,synthetic_hardfail
qa-hardfail-04278,인기 테마 뭐야? #04278,theme_top,True,synthetic_hardfail
qa-hardfail-04279,오늘 강한 국내 테마 알려줘 #04279,theme_top,True,synthetic_hardfail
qa-hardfail-04280,상승 테마 순위 보여줘 #04280,theme_top,True,synthetic_hardfail
qa-hardfail-04281,인기 테마 뭐야? #04281,theme_top,True,synthetic_hardfail
qa-hardfail-04282,오늘 강한 국내 테마 알려줘 #04282,theme_top,True,synthetic_hardfail
qa-hardfail-04283,상승 테마 순위 보여줘 #04283,theme_top,True,synthetic_hardfail
qa-hardfail-04284,인기 테마 뭐야? #04284,theme_top,True,synthetic_hardfail
qa-hardfail-04285,오늘 강한 국내 테마 알려줘 #04285,theme_top,True,synthetic_hardfail
qa-hardfail-04286,상승 테마 순위 보여줘 #04286,theme_top,True,synthetic_hardfail
qa-hardfail-04287,인기 테마 뭐야? #04287,theme_top,True,synthetic_hardfail
qa-hardfail-04288,오늘 강한 국내 테마 알려줘 #04288,theme_top,True,synthetic_hardfail
qa-hardfail-04289,상승 테마 순위 보여줘 #04289,theme_top,True,synthetic_hardfail
qa-hardfail-04290,인기 테마 뭐야? #04290,theme_top,True,synthetic_hardfail
qa-hardfail-04291,오늘 강한 국내 테마 알려줘 #04291,theme_top,True,synthetic_hardfail
qa-hardfail-04292,상승 테마 순위 보여줘 #04292,theme_top,True,synthetic_hardfail
qa-hardfail-04293,인기 테마 뭐야? #04293,theme_top,True,synthetic_hardfail
qa-hardfail-04294,오늘 강한 국내 테마 알려줘 #04294,theme_top,True,synthetic_hardfail
qa-hardfail-04295,상승 테마 순위 보여줘 #04295,theme_top,True,synthetic_hardfail
qa-hardfail-04296,인기 테마 뭐야? #04296,theme_top,True,synthetic_hardfail
qa-hardfail-04297,오늘 강한 국내 테마 알려줘 #04297,theme_top,True,synthetic_hardfail
qa-hardfail-04298,상승 테마 순위 보여줘 #04298,theme_top,True,synthetic_hardfail
qa-hardfail-04299,인기 테마 뭐야? #04299,theme_top,True,synthetic_hardfail
qa-hardfail-04300,오늘 강한 국내 테마 알려줘 #04300,theme_top,True,synthetic_hardfail
qa-hardfail-04301,상승 테마 순위 보여줘 #04301,theme_top,True,synthetic_hardfail
qa-hardfail-04302,인기 테마 뭐야? #04302,theme_top,True,synthetic_hardfail
qa-hardfail-04303,오늘 강한 국내 테마 알려줘 #04303,theme_top,True,synthetic_hardfail
qa-hardfail-04304,상승 테마 순위 보여줘 #04304,theme_top,True,synthetic_hardfail
qa-hardfail-04305,인기 테마 뭐야? #04305,theme_top,True,synthetic_hardfail
qa-hardfail-04306,오늘 강한 국내 테마 알려줘 #04306,theme_top,True,synthetic_hardfail
qa-hardfail-04307,상승 테마 순위 보여줘 #04307,theme_top,True,synthetic_hardfail
qa-hardfail-04308,인기 테마 뭐야? #04308,theme_top,True,synthetic_hardfail
qa-hardfail-04309,오늘 강한 국내 테마 알려줘 #04309,theme_top,True,synthetic_hardfail
qa-hardfail-04310,상승 테마 순위 보여줘 #04310,theme_top,True,synthetic_hardfail
qa-hardfail-04311,인기 테마 뭐야? #04311,theme_top,True,synthetic_hardfail
qa-hardfail-04312,오늘 강한 국내 테마 알려줘 #04312,theme_top,True,synthetic_hardfail
qa-hardfail-04313,상승 테마 순위 보여줘 #04313,theme_top,True,synthetic_hardfail
qa-hardfail-04314,인기 테마 뭐야? #04314,theme_top,True,synthetic_hardfail
qa-hardfail-04315,오늘 강한 국내 테마 알려줘 #04315,theme_top,True,synthetic_hardfail
qa-hardfail-04316,상승 테마 순위 보여줘 #04316,theme_top,True,synthetic_hardfail
qa-hardfail-04317,인기 테마 뭐야? #04317,theme_top,True,synthetic_hardfail
qa-hardfail-04318,오늘 강한 국내 테마 알려줘 #04318,theme_top,True,synthetic_hardfail
qa-hardfail-04319,상승 테마 순위 보여줘 #04319,theme_top,True,synthetic_hardfail
qa-hardfail-04320,인기 테마 뭐야? #04320,theme_top,True,synthetic_hardfail
qa-hardfail-04321,오늘 강한 국내 테마 알려줘 #04321,theme_top,True,synthetic_hardfail
qa-hardfail-04322,상승 테마 순위 보여줘 #04322,theme_top,True,synthetic_hardfail
qa-hardfail-04323,인기 테마 뭐야? #04323,theme_top,True,synthetic_hardfail
qa-hardfail-04324,오늘 강한 국내 테마 알려줘 #04324,theme_top,True,synthetic_hardfail
qa-hardfail-04325,상승 테마 순위 보여줘 #04325,theme_top,True,synthetic_hardfail
qa-hardfail-04326,인기 테마 뭐야? #04326,theme_top,True,synthetic_hardfail
qa-hardfail-04327,오늘 강한 국내 테마 알려줘 #04327,theme_top,True,synthetic_hardfail
qa-hardfail-04328,상승 테마 순위 보여줘 #04328,theme_top,True,synthetic_hardfail
qa-hardfail-04329,인기 테마 뭐야? #04329,theme_top,True,synthetic_hardfail
qa-hardfail-04330,오늘 강한 국내 테마 알려줘 #04330,theme_top,True,synthetic_hardfail
qa-hardfail-04331,상승 테마 순위 보여줘 #04331,theme_top,True,synthetic_hardfail
qa-hardfail-04332,인기 테마 뭐야? #04332,theme_top,True,synthetic_hardfail
qa-hardfail-04333,오늘 강한 국내 테마 알려줘 #04333,theme_top,True,synthetic_hardfail
qa-hardfail-04334,상승 테마 순위 보여줘 #04334,theme_top,True,synthetic_hardfail
qa-hardfail-04335,인기 테마 뭐야? #04335,theme_top,True,synthetic_hardfail
qa-hardfail-04336,오늘 강한 국내 테마 알려줘 #04336,theme_top,True,synthetic_hardfail
qa-hardfail-04337,상승 테마 순위 보여줘 #04337,theme_top,True,synthetic_hardfail
qa-hardfail-04338,인기 테마 뭐야? #04338,theme_top,True,synthetic_hardfail
qa-hardfail-04339,오늘 강한 국내 테마 알려줘 #04339,theme_top,True,synthetic_hardfail
qa-hardfail-04340,상승 테마 순위 보여줘 #04340,theme_top,True,synthetic_hardfail
qa-hardfail-04341,인기 테마 뭐야? #04341,theme_top,True,synthetic_hardfail
qa-hardfail-04342,오늘 강한 국내 테마 알려줘 #04342,theme_top,True,synthetic_hardfail
qa-hardfail-04343,상승 테마 순위 보여줘 #04343,theme_top,True,synthetic_hardfail
qa-hardfail-04344,인기 테마 뭐야? #04344,theme_top,True,synthetic_hardfail
qa-hardfail-04345,오늘 강한 국내 테마 알려줘 #04345,theme_top,True,synthetic_hardfail
qa-hardfail-04346,상승 테마 순위 보여줘 #04346,theme_top,True,synthetic_hardfail
qa-hardfail-04347,인기 테마 뭐야? #04347,theme_top,True,synthetic_hardfail
qa-hardfail-04348,오늘 강한 국내 테마 알려줘 #04348,theme_top,True,synthetic_hardfail
qa-hardfail-04349,상승 테마 순위 보여줘 #04349,theme_top,True,synthetic_hardfail
qa-hardfail-04350,인기 테마 뭐야? #04350,theme_top,True,synthetic_hardfail
qa-hardfail-04351,오늘 강한 국내 테마 알려줘 #04351,theme_top,True,synthetic_hardfail
qa-hardfail-04352,상승 테마 순위 보여줘 #04352,theme_top,True,synthetic_hardfail
qa-hardfail-04353,인기 테마 뭐야? #04353,theme_top,True,synthetic_hardfail
qa-hardfail-04354,오늘 강한 국내 테마 알려줘 #04354,theme_top,True,synthetic_hardfail
qa-hardfail-04355,상승 테마 순위 보여줘 #04355,theme_top,True,synthetic_hardfail
qa-hardfail-04356,인기 테마 뭐야? #04356,theme_top,True,synthetic_hardfail
qa-hardfail-04357,오늘 강한 국내 테마 알려줘 #04357,theme_top,True,synthetic_hardfail
qa-hardfail-04358,상승 테마 순위 보여줘 #04358,theme_top,True,synthetic_hardfail
qa-hardfail-04359,인기 테마 뭐야? #04359,theme_top,True,synthetic_hardfail
qa-hardfail-04360,오늘 강한 국내 테마 알려줘 #04360,theme_top,True,synthetic_hardfail
qa-hardfail-04361,상승 테마 순위 보여줘 #04361,theme_top,True,synthetic_hardfail
qa-hardfail-04362,인기 테마 뭐야? #04362,theme_top,True,synthetic_hardfail
qa-hardfail-04363,오늘 강한 국내 테마 알려줘 #04363,theme_top,True,synthetic_hardfail
qa-hardfail-04364,상승 테마 순위 보여줘 #04364,theme_top,True,synthetic_hardfail
qa-hardfail-04365,인기 테마 뭐야? #04365,theme_top,True,synthetic_hardfail
qa-hardfail-04366,오늘 강한 국내 테마 알려줘 #04366,theme_top,True,synthetic_hardfail
qa-hardfail-04367,상승 테마 순위 보여줘 #04367,theme_top,True,synthetic_hardfail
qa-hardfail-04368,인기 테마 뭐야? #04368,theme_top,True,synthetic_hardfail
qa-hardfail-04369,오늘 강한 국내 테마 알려줘 #04369,theme_top,True,synthetic_hardfail
qa-hardfail-04370,상승 테마 순위 보여줘 #04370,theme_top,True,synthetic_hardfail
qa-hardfail-04371,인기 테마 뭐야? #04371,theme_top,True,synthetic_hardfail
qa-hardfail-04372,오늘 강한 국내 테마 알려줘 #04372,theme_top,True,synthetic_hardfail
qa-hardfail-04373,상승 테마 순위 보여줘 #04373,theme_top,True,synthetic_hardfail
qa-hardfail-04374,인기 테마 뭐야? #04374,theme_top,True,synthetic_hardfail
qa-hardfail-04375,오늘 강한 국내 테마 알려줘 #04375,theme_top,True,synthetic_hardfail
qa-hardfail-04376,상승 테마 순위 보여줘 #04376,theme_top,True,synthetic_hardfail
qa-hardfail-04377,인기 테마 뭐야? #04377,theme_top,True,synthetic_hardfail
qa-hardfail-04378,오늘 강한 국내 테마 알려줘 #04378,theme_top,True,synthetic_hardfail
qa-hardfail-04379,상승 테마 순위 보여줘 #04379,theme_top,True,synthetic_hardfail
qa-hardfail-04380,인기 테마 뭐야? #04380,theme_top,True,synthetic_hardfail
qa-hardfail-04381,오늘 강한 국내 테마 알려줘 #04381,theme_top,True,synthetic_hardfail
qa-hardfail-04382,상승 테마 순위 보여줘 #04382,theme_top,True,synthetic_hardfail
qa-hardfail-04383,인기 테마 뭐야? #04383,theme_top,True,synthetic_hardfail
qa-hardfail-04384,오늘 강한 국내 테마 알려줘 #04384,theme_top,True,synthetic_hardfail
qa-hardfail-04385,상승 테마 순위 보여줘 #04385,theme_top,True,synthetic_hardfail
qa-hardfail-04386,인기 테마 뭐야? #04386,theme_top,True,synthetic_hardfail
qa-hardfail-04387,오늘 강한 국내 테마 알려줘 #04387,theme_top,True,synthetic_hardfail
qa-hardfail-04388,상승 테마 순위 보여줘 #04388,theme_top,True,synthetic_hardfail
qa-hardfail-04389,인기 테마 뭐야? #04389,theme_top,True,synthetic_hardfail
qa-hardfail-04390,오늘 강한 국내 테마 알려줘 #04390,theme_top,True,synthetic_hardfail
qa-hardfail-04391,상승 테마 순위 보여줘 #04391,theme_top,True,synthetic_hardfail
qa-hardfail-04392,인기 테마 뭐야? #04392,theme_top,True,synthetic_hardfail
qa-hardfail-04393,오늘 강한 국내 테마 알려줘 #04393,theme_top,True,synthetic_hardfail
qa-hardfail-04394,상승 테마 순위 보여줘 #04394,theme_top,True,synthetic_hardfail
qa-hardfail-04395,인기 테마 뭐야? #04395,theme_top,True,synthetic_hardfail
qa-hardfail-04396,오늘 강한 국내 테마 알려줘 #04396,theme_top,True,synthetic_hardfail
qa-hardfail-04397,상승 테마 순위 보여줘 #04397,theme_top,True,synthetic_hardfail
qa-hardfail-04398,인기 테마 뭐야? #04398,theme_top,True,synthetic_hardfail
qa-hardfail-04399,오늘 강한 국내 테마 알려줘 #04399,theme_top,True,synthetic_hardfail
qa-hardfail-04400,상승 테마 순위 보여줘 #04400,theme_top,True,synthetic_hardfail
qa-hardfail-04401,인기 테마 뭐야? #04401,theme_top,True,synthetic_hardfail
qa-hardfail-04402,오늘 강한 국내 테마 알려줘 #04402,theme_top,True,synthetic_hardfail
qa-hardfail-04403,상승 테마 순위 보여줘 #04403,theme_top,True,synthetic_hardfail
qa-hardfail-04404,인기 테마 뭐야? #04404,theme_top,True,synthetic_hardfail
qa-hardfail-04405,오늘 강한 국내 테마 알려줘 #04405,theme_top,True,synthetic_hardfail
qa-hardfail-04406,상승 테마 순위 보여줘 #04406,theme_top,True,synthetic_hardfail
qa-hardfail-04407,인기 테마 뭐야? #04407,theme_top,True,synthetic_hardfail
qa-hardfail-04408,오늘 강한 국내 테마 알려줘 #04408,theme_top,True,synthetic_hardfail
qa-hardfail-04409,상승 테마 순위 보여줘 #04409,theme_top,True,synthetic_hardfail
qa-hardfail-04410,인기 테마 뭐야? #04410,theme_top,True,synthetic_hardfail
qa-hardfail-04411,오늘 강한 국내 테마 알려줘 #04411,theme_top,True,synthetic_hardfail
qa-hardfail-04412,상승 테마 순위 보여줘 #04412,theme_top,True,synthetic_hardfail
qa-hardfail-04413,인기 테마 뭐야? #04413,theme_top,True,synthetic_hardfail
qa-hardfail-04414,오늘 강한 국내 테마 알려줘 #04414,theme_top,True,synthetic_hardfail
qa-hardfail-04415,상승 테마 순위 보여줘 #04415,theme_top,True,synthetic_hardfail
qa-hardfail-04416,인기 테마 뭐야? #04416,theme_top,True,synthetic_hardfail
qa-hardfail-04417,오늘 강한 국내 테마 알려줘 #04417,theme_top,True,synthetic_hardfail
qa-hardfail-04418,상승 테마 순위 보여줘 #04418,theme_top,True,synthetic_hardfail
qa-hardfail-04419,인기 테마 뭐야? #04419,theme_top,True,synthetic_hardfail
qa-hardfail-04420,오늘 강한 국내 테마 알려줘 #04420,theme_top,True,synthetic_hardfail
qa-hardfail-04421,상승 테마 순위 보여줘 #04421,theme_top,True,synthetic_hardfail
qa-hardfail-04422,인기 테마 뭐야? #04422,theme_top,True,synthetic_hardfail
qa-hardfail-04423,오늘 강한 국내 테마 알려줘 #04423,theme_top,True,synthetic_hardfail
qa-hardfail-04424,상승 테마 순위 보여줘 #04424,theme_top,True,synthetic_hardfail
qa-hardfail-04425,인기 테마 뭐야? #04425,theme_top,True,synthetic_hardfail
qa-hardfail-04426,오늘 강한 국내 테마 알려줘 #04426,theme_top,True,synthetic_hardfail
qa-hardfail-04427,상승 테마 순위 보여줘 #04427,theme_top,True,synthetic_hardfail
qa-hardfail-04428,인기 테마 뭐야? #04428,theme_top,True,synthetic_hardfail
qa-hardfail-04429,오늘 강한 국내 테마 알려줘 #04429,theme_top,True,synthetic_hardfail
qa-hardfail-04430,상승 테마 순위 보여줘 #04430,theme_top,True,synthetic_hardfail
qa-hardfail-04431,인기 테마 뭐야? #04431,theme_top,True,synthetic_hardfail
qa-hardfail-04432,오늘 강한 국내 테마 알려줘 #04432,theme_top,True,synthetic_hardfail
qa-hardfail-04433,상승 테마 순위 보여줘 #04433,theme_top,True,synthetic_hardfail
qa-hardfail-04434,인기 테마 뭐야? #04434,theme_top,True,synthetic_hardfail
qa-hardfail-04435,오늘 강한 국내 테마 알려줘 #04435,theme_top,True,synthetic_hardfail
qa-hardfail-04436,상승 테마 순위 보여줘 #04436,theme_top,True,synthetic_hardfail
qa-hardfail-04437,인기 테마 뭐야? #04437,theme_top,True,synthetic_hardfail
qa-hardfail-04438,오늘 강한 국내 테마 알려줘 #04438,theme_top,True,synthetic_hardfail
qa-hardfail-04439,상승 테마 순위 보여줘 #04439,theme_top,True,synthetic_hardfail
qa-hardfail-04440,인기 테마 뭐야? #04440,theme_top,True,synthetic_hardfail
qa-hardfail-04441,오늘 강한 국내 테마 알려줘 #04441,theme_top,True,synthetic_hardfail
qa-hardfail-04442,상승 테마 순위 보여줘 #04442,theme_top,True,synthetic_hardfail
qa-hardfail-04443,인기 테마 뭐야? #04443,theme_top,True,synthetic_hardfail
qa-hardfail-04444,오늘 강한 국내 테마 알려줘 #04444,theme_top,True,synthetic_hardfail
qa-hardfail-04445,상승 테마 순위 보여줘 #04445,theme_top,True,synthetic_hardfail
qa-hardfail-04446,인기 테마 뭐야? #04446,theme_top,True,synthetic_hardfail
qa-hardfail-04447,오늘 강한 국내 테마 알려줘 #04447,theme_top,True,synthetic_hardfail
qa-hardfail-04448,상승 테마 순위 보여줘 #04448,theme_top,True,synthetic_hardfail
qa-hardfail-04449,인기 테마 뭐야? #04449,theme_top,True,synthetic_hardfail
qa-hardfail-04450,오늘 강한 국내 테마 알려줘 #04450,theme_top,True,synthetic_hardfail
qa-hardfail-04451,상승 테마 순위 보여줘 #04451,theme_top,True,synthetic_hardfail
qa-hardfail-04452,인기 테마 뭐야? #04452,theme_top,True,synthetic_hardfail
qa-hardfail-04453,오늘 강한 국내 테마 알려줘 #04453,theme_top,True,synthetic_hardfail
qa-hardfail-04454,상승 테마 순위 보여줘 #04454,theme_top,True,synthetic_hardfail
qa-hardfail-04455,인기 테마 뭐야? #04455,theme_top,True,synthetic_hardfail
qa-hardfail-04456,오늘 강한 국내 테마 알려줘 #04456,theme_top,True,synthetic_hardfail
qa-hardfail-04457,상승 테마 순위 보여줘 #04457,theme_top,True,synthetic_hardfail
qa-hardfail-04458,인기 테마 뭐야? #04458,theme_top,True,synthetic_hardfail
qa-hardfail-04459,오늘 강한 국내 테마 알려줘 #04459,theme_top,True,synthetic_hardfail
qa-hardfail-04460,상승 테마 순위 보여줘 #04460,theme_top,True,synthetic_hardfail
qa-hardfail-04461,인기 테마 뭐야? #04461,theme_top,True,synthetic_hardfail
qa-hardfail-04462,오늘 강한 국내 테마 알려줘 #04462,theme_top,True,synthetic_hardfail
qa-hardfail-04463,상승 테마 순위 보여줘 #04463,theme_top,True,synthetic_hardfail
qa-hardfail-04464,인기 테마 뭐야? #04464,theme_top,True,synthetic_hardfail
qa-hardfail-04465,오늘 강한 국내 테마 알려줘 #04465,theme_top,True,synthetic_hardfail
qa-hardfail-04466,상승 테마 순위 보여줘 #04466,theme_top,True,synthetic_hardfail
qa-hardfail-04467,인기 테마 뭐야? #04467,theme_top,True,synthetic_hardfail
qa-hardfail-04468,오늘 강한 국내 테마 알려줘 #04468,theme_top,True,synthetic_hardfail
qa-hardfail-04469,상승 테마 순위 보여줘 #04469,theme_top,True,synthetic_hardfail
qa-hardfail-04470,인기 테마 뭐야? #04470,theme_top,True,synthetic_hardfail
qa-hardfail-04471,오늘 강한 국내 테마 알려줘 #04471,theme_top,True,synthetic_hardfail
qa-hardfail-04472,상승 테마 순위 보여줘 #04472,theme_top,True,synthetic_hardfail
qa-hardfail-04473,인기 테마 뭐야? #04473,theme_top,True,synthetic_hardfail
qa-hardfail-04474,오늘 강한 국내 테마 알려줘 #04474,theme_top,True,synthetic_hardfail
qa-hardfail-04475,상승 테마 순위 보여줘 #04475,theme_top,True,synthetic_hardfail
qa-hardfail-04476,인기 테마 뭐야? #04476,theme_top,True,synthetic_hardfail
qa-hardfail-04477,오늘 강한 국내 테마 알려줘 #04477,theme_top,True,synthetic_hardfail
qa-hardfail-04478,상승 테마 순위 보여줘 #04478,theme_top,True,synthetic_hardfail
qa-hardfail-04479,인기 테마 뭐야? #04479,theme_top,True,synthetic_hardfail
qa-hardfail-04480,오늘 강한 국내 테마 알려줘 #04480,theme_top,True,synthetic_hardfail
qa-hardfail-04481,상승 테마 순위 보여줘 #04481,theme_top,True,synthetic_hardfail
qa-hardfail-04482,인기 테마 뭐야? #04482,theme_top,True,synthetic_hardfail
qa-hardfail-04483,오늘 강한 국내 테마 알려줘 #04483,theme_top,True,synthetic_hardfail
qa-hardfail-04484,상승 테마 순위 보여줘 #04484,theme_top,True,synthetic_hardfail
qa-hardfail-04485,인기 테마 뭐야? #04485,theme_top,True,synthetic_hardfail
qa-hardfail-04486,오늘 강한 국내 테마 알려줘 #04486,theme_top,True,synthetic_hardfail
qa-hardfail-04487,상승 테마 순위 보여줘 #04487,theme_top,True,synthetic_hardfail
qa-hardfail-04488,인기 테마 뭐야? #04488,theme_top,True,synthetic_hardfail
qa-hardfail-04489,오늘 강한 국내 테마 알려줘 #04489,theme_top,True,synthetic_hardfail
qa-hardfail-04490,상승 테마 순위 보여줘 #04490,theme_top,True,synthetic_hardfail
qa-hardfail-04491,인기 테마 뭐야? #04491,theme_top,True,synthetic_hardfail
qa-hardfail-04492,오늘 강한 국내 테마 알려줘 #04492,theme_top,True,synthetic_hardfail
qa-hardfail-04493,상승 테마 순위 보여줘 #04493,theme_top,True,synthetic_hardfail
qa-hardfail-04494,인기 테마 뭐야? #04494,theme_top,True,synthetic_hardfail
qa-hardfail-04495,오늘 강한 국내 테마 알려줘 #04495,theme_top,True,synthetic_hardfail
qa-hardfail-04496,상승 테마 순위 보여줘 #04496,theme_top,True,synthetic_hardfail
qa-hardfail-04497,인기 테마 뭐야? #04497,theme_top,True,synthetic_hardfail
qa-hardfail-04498,오늘 강한 국내 테마 알려줘 #04498,theme_top,True,synthetic_hardfail
qa-hardfail-04499,상승 테마 순위 보여줘 #04499,theme_top,True,synthetic_hardfail
qa-hardfail-04500,인기 테마 뭐야? #04500,theme_top,True,synthetic_hardfail
qa-hardfail-04501,오늘 강한 국내 테마 알려줘 #04501,theme_top,True,synthetic_hardfail
qa-hardfail-04502,상승 테마 순위 보여줘 #04502,theme_top,True,synthetic_hardfail
qa-hardfail-04503,인기 테마 뭐야? #04503,theme_top,True,synthetic_hardfail
qa-hardfail-04504,오늘 강한 국내 테마 알려줘 #04504,theme_top,True,synthetic_hardfail
qa-hardfail-04505,상승 테마 순위 보여줘 #04505,theme_top,True,synthetic_hardfail
qa-hardfail-04506,인기 테마 뭐야? #04506,theme_top,True,synthetic_hardfail
qa-hardfail-04507,오늘 강한 국내 테마 알려줘 #04507,theme_top,True,synthetic_hardfail
qa-hardfail-04508,상승 테마 순위 보여줘 #04508,theme_top,True,synthetic_hardfail
qa-hardfail-04509,인기 테마 뭐야? #04509,theme_top,True,synthetic_hardfail
qa-hardfail-04510,오늘 강한 국내 테마 알려줘 #04510,theme_top,True,synthetic_hardfail
qa-hardfail-04511,상승 테마 순위 보여줘 #04511,theme_top,True,synthetic_hardfail
qa-hardfail-04512,인기 테마 뭐야? #04512,theme_top,True,synthetic_hardfail
qa-hardfail-04513,오늘 강한 국내 테마 알려줘 #04513,theme_top,True,synthetic_hardfail
qa-hardfail-04514,상승 테마 순위 보여줘 #04514,theme_top,True,synthetic_hardfail
qa-hardfail-04515,인기 테마 뭐야? #04515,theme_top,True,synthetic_hardfail
qa-hardfail-04516,오늘 강한 국내 테마 알려줘 #04516,theme_top,True,synthetic_hardfail
qa-hardfail-04517,상승 테마 순위 보여줘 #04517,theme_top,True,synthetic_hardfail
qa-hardfail-04518,인기 테마 뭐야? #04518,theme_top,True,synthetic_hardfail
qa-hardfail-04519,오늘 강한 국내 테마 알려줘 #04519,theme_top,True,synthetic_hardfail
qa-hardfail-04520,상승 테마 순위 보여줘 #04520,theme_top,True,synthetic_hardfail
qa-hardfail-04521,인기 테마 뭐야? #04521,theme_top,True,synthetic_hardfail
qa-hardfail-04522,오늘 강한 국내 테마 알려줘 #04522,theme_top,True,synthetic_hardfail
qa-hardfail-04523,상승 테마 순위 보여줘 #04523,theme_top,True,synthetic_hardfail
qa-hardfail-04524,인기 테마 뭐야? #04524,theme_top,True,synthetic_hardfail
qa-hardfail-04525,오늘 강한 국내 테마 알려줘 #04525,theme_top,True,synthetic_hardfail
qa-hardfail-04526,상승 테마 순위 보여줘 #04526,theme_top,True,synthetic_hardfail
qa-hardfail-04527,인기 테마 뭐야? #04527,theme_top,True,synthetic_hardfail
qa-hardfail-04528,오늘 강한 국내 테마 알려줘 #04528,theme_top,True,synthetic_hardfail
qa-hardfail-04529,상승 테마 순위 보여줘 #04529,theme_top,True,synthetic_hardfail
qa-hardfail-04530,인기 테마 뭐야? #04530,theme_top,True,synthetic_hardfail
qa-hardfail-04531,오늘 강한 국내 테마 알려줘 #04531,theme_top,True,synthetic_hardfail
qa-hardfail-04532,상승 테마 순위 보여줘 #04532,theme_top,True,synthetic_hardfail
qa-hardfail-04533,인기 테마 뭐야? #04533,theme_top,True,synthetic_hardfail
qa-hardfail-04534,오늘 강한 국내 테마 알려줘 #04534,theme_top,True,synthetic_hardfail
qa-hardfail-04535,상승 테마 순위 보여줘 #04535,theme_top,True,synthetic_hardfail
qa-hardfail-04536,인기 테마 뭐야? #04536,theme_top,True,synthetic_hardfail
qa-hardfail-04537,오늘 강한 국내 테마 알려줘 #04537,theme_top,True,synthetic_hardfail
qa-hardfail-04538,상승 테마 순위 보여줘 #04538,theme_top,True,synthetic_hardfail
qa-hardfail-04539,인기 테마 뭐야? #04539,theme_top,True,synthetic_hardfail
qa-hardfail-04540,오늘 강한 국내 테마 알려줘 #04540,theme_top,True,synthetic_hardfail
qa-hardfail-04541,상승 테마 순위 보여줘 #04541,theme_top,True,synthetic_hardfail
qa-hardfail-04542,인기 테마 뭐야? #04542,theme_top,True,synthetic_hardfail
qa-hardfail-04543,오늘 강한 국내 테마 알려줘 #04543,theme_top,True,synthetic_hardfail
qa-hardfail-04544,상승 테마 순위 보여줘 #04544,theme_top,True,synthetic_hardfail
qa-hardfail-04545,인기 테마 뭐야? #04545,theme_top,True,synthetic_hardfail
qa-hardfail-04546,오늘 강한 국내 테마 알려줘 #04546,theme_top,True,synthetic_hardfail
qa-hardfail-04547,상승 테마 순위 보여줘 #04547,theme_top,True,synthetic_hardfail
qa-hardfail-04548,인기 테마 뭐야? #04548,theme_top,True,synthetic_hardfail
qa-hardfail-04549,오늘 강한 국내 테마 알려줘 #04549,theme_top,True,synthetic_hardfail
qa-hardfail-04550,상승 테마 순위 보여줘 #04550,theme_top,True,synthetic_hardfail
qa-hardfail-04551,인기 테마 뭐야? #04551,theme_top,True,synthetic_hardfail
qa-hardfail-04552,오늘 강한 국내 테마 알려줘 #04552,theme_top,True,synthetic_hardfail
qa-hardfail-04553,상승 테마 순위 보여줘 #04553,theme_top,True,synthetic_hardfail
qa-hardfail-04554,인기 테마 뭐야? #04554,theme_top,True,synthetic_hardfail
qa-hardfail-04555,오늘 강한 국내 테마 알려줘 #04555,theme_top,True,synthetic_hardfail
qa-hardfail-04556,상승 테마 순위 보여줘 #04556,theme_top,True,synthetic_hardfail
qa-hardfail-04557,인기 테마 뭐야? #04557,theme_top,True,synthetic_hardfail
qa-hardfail-04558,오늘 강한 국내 테마 알려줘 #04558,theme_top,True,synthetic_hardfail
qa-hardfail-04559,상승 테마 순위 보여줘 #04559,theme_top,True,synthetic_hardfail
qa-hardfail-04560,인기 테마 뭐야? #04560,theme_top,True,synthetic_hardfail
qa-hardfail-04561,오늘 강한 국내 테마 알려줘 #04561,theme_top,True,synthetic_hardfail
qa-hardfail-04562,상승 테마 순위 보여줘 #04562,theme_top,True,synthetic_hardfail
qa-hardfail-04563,인기 테마 뭐야? #04563,theme_top,True,synthetic_hardfail
qa-hardfail-04564,오늘 강한 국내 테마 알려줘 #04564,theme_top,True,synthetic_hardfail
qa-hardfail-04565,상승 테마 순위 보여줘 #04565,theme_top,True,synthetic_hardfail
qa-hardfail-04566,인기 테마 뭐야? #04566,theme_top,True,synthetic_hardfail
qa-hardfail-04567,오늘 강한 국내 테마 알려줘 #04567,theme_top,True,synthetic_hardfail
qa-hardfail-04568,상승 테마 순위 보여줘 #04568,theme_top,True,synthetic_hardfail
qa-hardfail-04569,인기 테마 뭐야? #04569,theme_top,True,synthetic_hardfail
qa-hardfail-04570,오늘 강한 국내 테마 알려줘 #04570,theme_top,True,synthetic_hardfail
qa-hardfail-04571,상승 테마 순위 보여줘 #04571,theme_top,True,synthetic_hardfail
qa-hardfail-04572,인기 테마 뭐야? #04572,theme_top,True,synthetic_hardfail
qa-hardfail-04573,오늘 강한 국내 테마 알려줘 #04573,theme_top,True,synthetic_hardfail
qa-hardfail-04574,상승 테마 순위 보여줘 #04574,theme_top,True,synthetic_hardfail
qa-hardfail-04575,인기 테마 뭐야? #04575,theme_top,True,synthetic_hardfail
qa-hardfail-04576,오늘 강한 국내 테마 알려줘 #04576,theme_top,True,synthetic_hardfail
qa-hardfail-04577,상승 테마 순위 보여줘 #04577,theme_top,True,synthetic_hardfail
qa-hardfail-04578,인기 테마 뭐야? #04578,theme_top,True,synthetic_hardfail
qa-hardfail-04579,오늘 강한 국내 테마 알려줘 #04579,theme_top,True,synthetic_hardfail
qa-hardfail-04580,상승 테마 순위 보여줘 #04580,theme_top,True,synthetic_hardfail
qa-hardfail-04581,인기 테마 뭐야? #04581,theme_top,True,synthetic_hardfail
qa-hardfail-04582,오늘 강한 국내 테마 알려줘 #04582,theme_top,True,synthetic_hardfail
qa-hardfail-04583,상승 테마 순위 보여줘 #04583,theme_top,True,synthetic_hardfail
qa-hardfail-04584,인기 테마 뭐야? #04584,theme_top,True,synthetic_hardfail
qa-hardfail-04585,오늘 강한 국내 테마 알려줘 #04585,theme_top,True,synthetic_hardfail
qa-hardfail-04586,상승 테마 순위 보여줘 #04586,theme_top,True,synthetic_hardfail
qa-hardfail-04587,인기 테마 뭐야? #04587,theme_top,True,synthetic_hardfail
qa-hardfail-04588,오늘 강한 국내 테마 알려줘 #04588,theme_top,True,synthetic_hardfail
qa-hardfail-04589,상승 테마 순위 보여줘 #04589,theme_top,True,synthetic_hardfail
qa-hardfail-04590,인기 테마 뭐야? #04590,theme_top,True,synthetic_hardfail
qa-hardfail-04591,오늘 강한 국내 테마 알려줘 #04591,theme_top,True,synthetic_hardfail
qa-hardfail-04592,나스닥 현재 인기 상승 테마 알려줘 #04592,us_theme_rank,True,synthetic_hardfail
qa-hardfail-04593,미국 증시 강세 테마 순위 보여줘 #04593,us_theme_rank,True,synthetic_hardfail
qa-hardfail-04594,nasdaq 상승 섹터 랭킹 #04594,us_theme_rank,True,synthetic_hardfail
qa-hardfail-04595,나스닥 현재 인기 상승 테마 알려줘 #04595,us_theme_rank,True,synthetic_hardfail
qa-hardfail-04596,미국 증시 강세 테마 순위 보여줘 #04596,us_theme_rank,True,synthetic_hardfail
qa-hardfail-04597,nasdaq 상승 섹터 랭킹 #04597,us_theme_rank,True,synthetic_hardfail
qa-hardfail-04598,나스닥 현재 인기 상승 테마 알려줘 #04598,us_theme_rank,True,synthetic_hardfail
qa-hardfail-04599,미국 증시 강세 테마 순위 보여줘 #04599,us_theme_rank,True,synthetic_hardfail
qa-hardfail-04600,nasdaq 상승 섹터 랭킹 #04600,us_theme_rank,True,synthetic_hardfail
qa-hardfail-04601,나스닥 현재 인기 상승 테마 알려줘 #04601,us_theme_rank,True,synthetic_hardfail
qa-hardfail-04602,미국 증시 강세 테마 순위 보여줘 #04602,us_theme_rank,True,synthetic_hardfail
qa-hardfail-04603,nasdaq 상승 섹터 랭킹 #04603,us_theme_rank,True,synthetic_hardfail
qa-hardfail-04604,나스닥 현재 인기 상승 테마 알려줘 #04604,us_theme_rank,True,synthetic_hardfail
qa-hardfail-04605,미국 증시 강세 테마 순위 보여줘 #04605,us_theme_rank,True,synthetic_hardfail
qa-hardfail-04606,nasdaq 상승 섹터 랭킹 #04606,us_theme_rank,True,synthetic_hardfail
qa-hardfail-04607,나스닥 현재 인기 상승 테마 알려줘 #04607,us_theme_rank,True,synthetic_hardfail
qa-hardfail-04608,미국 증시 강세 테마 순위 보여줘 #04608,us_theme_rank,True,synthetic_hardfail
qa-hardfail-04609,nasdaq 상승 섹터 랭킹 #04609,us_theme_rank,True,synthetic_hardfail
qa-hardfail-04610,나스닥 현재 인기 상승 테마 알려줘 #04610,us_theme_rank,True,synthetic_hardfail
qa-hardfail-04611,미국 증시 강세 테마 순위 보여줘 #04611,us_theme_rank,True,synthetic_hardfail
qa-hardfail-04612,nasdaq 상승 섹터 랭킹 #04612,us_theme_rank,True,synthetic_hardfail
qa-hardfail-04613,나스닥 현재 인기 상승 테마 알려줘 #04613,us_theme_rank,True,synthetic_hardfail
qa-hardfail-04614,미국 증시 강세 테마 순위 보여줘 #04614,us_theme_rank,True,synthetic_hardfail
qa-hardfail-04615,nasdaq 상승 섹터 랭킹 #04615,us_theme_rank,True,synthetic_hardfail
qa-hardfail-04616,나스닥 현재 인기 상승 테마 알려줘 #04616,us_theme_rank,True,synthetic_hardfail
qa-hardfail-04617,미국 증시 강세 테마 순위 보여줘 #04617,us_theme_rank,True,synthetic_hardfail
qa-hardfail-04618,nasdaq 상승 섹터 랭킹 #04618,us_theme_rank,True,synthetic_hardfail
qa-hardfail-04619,나스닥 현재 인기 상승 테마 알려줘 #04619,us_theme_rank,True,synthetic_hardfail
qa-hardfail-04620,미국 증시 강세 테마 순위 보여줘 #04620,us_theme_rank,True,synthetic_hardfail
qa-hardfail-04621,nasdaq 상승 섹터 랭킹 #04621,us_theme_rank,True,synthetic_hardfail
qa-hardfail-04622,나스닥 현재 인기 상승 테마 알려줘 #04622,us_theme_rank,True,synthetic_hardfail
qa-hardfail-04623,미국 증시 강세 테마 순위 보여줘 #04623,us_theme_rank,True,synthetic_hardfail
qa-hardfail-04624,nasdaq 상승 섹터 랭킹 #04624,us_theme_rank,True,synthetic_hardfail
qa-hardfail-04625,나스닥 현재 인기 상승 테마 알려줘 #04625,us_theme_rank,True,synthetic_hardfail
qa-hardfail-04626,미국 증시 강세 테마 순위 보여줘 #04626,us_theme_rank,True,synthetic_hardfail
qa-hardfail-04627,nasdaq 상승 섹터 랭킹 #04627,us_theme_rank,True,synthetic_hardfail
qa-hardfail-04628,나스닥 현재 인기 상승 테마 알려줘 #04628,us_theme_rank,True,synthetic_hardfail
qa-hardfail-04629,미국 증시 강세 테마 순위 보여줘 #04629,us_theme_rank,True,synthetic_hardfail
qa-hardfail-04630,nasdaq 상승 섹터 랭킹 #04630,us_theme_rank,True,synthetic_hardfail
qa-hardfail-04631,나스닥 현재 인기 상승 테마 알려줘 #04631,us_theme_rank,True,synthetic_hardfail
qa-hardfail-04632,미국 증시 강세 테마 순위 보여줘 #04632,us_theme_rank,True,synthetic_hardfail
qa-hardfail-04633,nasdaq 상승 섹터 랭킹 #04633,us_theme_rank,True,synthetic_hardfail
qa-hardfail-04634,나스닥 현재 인기 상승 테마 알려줘 #04634,us_theme_rank,True,synthetic_hardfail
qa-hardfail-04635,미국 증시 강세 테마 순위 보여줘 #04635,us_theme_rank,True,synthetic_hardfail
qa-hardfail-04636,nasdaq 상승 섹터 랭킹 #04636,us_theme_rank,True,synthetic_hardfail
qa-hardfail-04637,나스닥 현재 인기 상승 테마 알려줘 #04637,us_theme_rank,True,synthetic_hardfail
qa-hardfail-04638,미국 증시 강세 테마 순위 보여줘 #04638,us_theme_rank,True,synthetic_hardfail
qa-hardfail-04639,nasdaq 상승 섹터 랭킹 #04639,us_theme_rank,True,synthetic_hardfail
qa-hardfail-04640,나스닥 현재 인기 상승 테마 알려줘 #04640,us_theme_rank,True,synthetic_hardfail
qa-hardfail-04641,미국 증시 강세 테마 순위 보여줘 #04641,us_theme_rank,True,synthetic_hardfail
qa-hardfail-04642,nasdaq 상승 섹터 랭킹 #04642,us_theme_rank,True,synthetic_hardfail
qa-hardfail-04643,나스닥 현재 인기 상승 테마 알려줘 #04643,us_theme_rank,True,synthetic_hardfail
qa-hardfail-04644,미국 증시 강세 테마 순위 보여줘 #04644,us_theme_rank,True,synthetic_hardfail
qa-hardfail-04645,nasdaq 상승 섹터 랭킹 #04645,us_theme_rank,True,synthetic_hardfail
qa-hardfail-04646,나스닥 현재 인기 상승 테마 알려줘 #04646,us_theme_rank,True,synthetic_hardfail
qa-hardfail-04647,미국 증시 강세 테마 순위 보여줘 #04647,us_theme_rank,True,synthetic_hardfail
qa-hardfail-04648,nasdaq 상승 섹터 랭킹 #04648,us_theme_rank,True,synthetic_hardfail
qa-hardfail-04649,나스닥 현재 인기 상승 테마 알려줘 #04649,us_theme_rank,True,synthetic_hardfail
qa-hardfail-04650,미국 증시 강세 테마 순위 보여줘 #04650,us_theme_rank,True,synthetic_hardfail
qa-hardfail-04651,nasdaq 상승 섹터 랭킹 #04651,us_theme_rank,True,synthetic_hardfail
qa-hardfail-04652,나스닥 현재 인기 상승 테마 알려줘 #04652,us_theme_rank,True,synthetic_hardfail
qa-hardfail-04653,미국 증시 강세 테마 순위 보여줘 #04653,us_theme_rank,True,synthetic_hardfail
qa-hardfail-04654,nasdaq 상승 섹터 랭킹 #04654,us_theme_rank,True,synthetic_hardfail
qa-hardfail-04655,나스닥 현재 인기 상승 테마 알려줘 #04655,us_theme_rank,True,synthetic_hardfail
qa-hardfail-04656,미국 증시 강세 테마 순위 보여줘 #04656,us_theme_rank,True,synthetic_hardfail
qa-hardfail-04657,nasdaq 상승 섹터 랭킹 #04657,us_theme_rank,True,synthetic_hardfail
qa-hardfail-04658,나스닥 현재 인기 상승 테마 알려줘 #04658,us_theme_rank,True,synthetic_hardfail
qa-hardfail-04659,미국 증시 강세 테마 순위 보여줘 #04659,us_theme_rank,True,synthetic_hardfail
qa-hardfail-04660,nasdaq 상승 섹터 랭킹 #04660,us_theme_rank,True,synthetic_hardfail
qa-hardfail-04661,나스닥 현재 인기 상승 테마 알려줘 #04661,us_theme_rank,True,synthetic_hardfail
qa-hardfail-04662,미국 증시 강세 테마 순위 보여줘 #04662,us_theme_rank,True,synthetic_hardfail
qa-hardfail-04663,nasdaq 상승 섹터 랭킹 #04663,us_theme_rank,True,synthetic_hardfail
qa-hardfail-04664,나스닥 현재 인기 상승 테마 알려줘 #04664,us_theme_rank,True,synthetic_hardfail
qa-hardfail-04665,미국 증시 강세 테마 순위 보여줘 #04665,us_theme_rank,True,synthetic_hardfail
qa-hardfail-04666,nasdaq 상승 섹터 랭킹 #04666,us_theme_rank,True,synthetic_hardfail
qa-hardfail-04667,나스닥 현재 인기 상승 테마 알려줘 #04667,us_theme_rank,True,synthetic_hardfail
qa-hardfail-04668,미국 증시 강세 테마 순위 보여줘 #04668,us_theme_rank,True,synthetic_hardfail
qa-hardfail-04669,nasdaq 상승 섹터 랭킹 #04669,us_theme_rank,True,synthetic_hardfail
qa-hardfail-04670,나스닥 현재 인기 상승 테마 알려줘 #04670,us_theme_rank,True,synthetic_hardfail
qa-hardfail-04671,미국 증시 강세 테마 순위 보여줘 #04671,us_theme_rank,True,synthetic_hardfail
qa-hardfail-04672,nasdaq 상승 섹터 랭킹 #04672,us_theme_rank,True,synthetic_hardfail
qa-hardfail-04673,나스닥 현재 인기 상승 테마 알려줘 #04673,us_theme_rank,True,synthetic_hardfail
qa-hardfail-04674,미국 증시 강세 테마 순위 보여줘 #04674,us_theme_rank,True,synthetic_hardfail
qa-hardfail-04675,nasdaq 상승 섹터 랭킹 #04675,us_theme_rank,True,synthetic_hardfail
qa-hardfail-04676,나스닥 현재 인기 상승 테마 알려줘 #04676,us_theme_rank,True,synthetic_hardfail
qa-hardfail-04677,미국 증시 강세 테마 순위 보여줘 #04677,us_theme_rank,True,synthetic_hardfail
qa-hardfail-04678,nasdaq 상승 섹터 랭킹 #04678,us_theme_rank,True,synthetic_hardfail
qa-hardfail-04679,나스닥 현재 인기 상승 테마 알려줘 #04679,us_theme_rank,True,synthetic_hardfail
qa-hardfail-04680,미국 증시 강세 테마 순위 보여줘 #04680,us_theme_rank,True,synthetic_hardfail
qa-hardfail-04681,nasdaq 상승 섹터 랭킹 #04681,us_theme_rank,True,synthetic_hardfail
qa-hardfail-04682,나스닥 현재 인기 상승 테마 알려줘 #04682,us_theme_rank,True,synthetic_hardfail
qa-hardfail-04683,미국 증시 강세 테마 순위 보여줘 #04683,us_theme_rank,True,synthetic_hardfail
qa-hardfail-04684,nasdaq 상승 섹터 랭킹 #04684,us_theme_rank,True,synthetic_hardfail
qa-hardfail-04685,나스닥 현재 인기 상승 테마 알려줘 #04685,us_theme_rank,True,synthetic_hardfail
qa-hardfail-04686,미국 증시 강세 테마 순위 보여줘 #04686,us_theme_rank,True,synthetic_hardfail
qa-hardfail-04687,nasdaq 상승 섹터 랭킹 #04687,us_theme_rank,True,synthetic_hardfail
qa-hardfail-04688,나스닥 현재 인기 상승 테마 알려줘 #04688,us_theme_rank,True,synthetic_hardfail
qa-hardfail-04689,미국 증시 강세 테마 순위 보여줘 #04689,us_theme_rank,True,synthetic_hardfail
qa-hardfail-04690,nasdaq 상승 섹터 랭킹 #04690,us_theme_rank,True,synthetic_hardfail
qa-hardfail-04691,나스닥 현재 인기 상승 테마 알려줘 #04691,us_theme_rank,True,synthetic_hardfail
qa-hardfail-04692,미국 증시 강세 테마 순위 보여줘 #04692,us_theme_rank,True,synthetic_hardfail
qa-hardfail-04693,nasdaq 상승 섹터 랭킹 #04693,us_theme_rank,True,synthetic_hardfail
qa-hardfail-04694,나스닥 현재 인기 상승 테마 알려줘 #04694,us_theme_rank,True,synthetic_hardfail
qa-hardfail-04695,미국 증시 강세 테마 순위 보여줘 #04695,us_theme_rank,True,synthetic_hardfail
qa-hardfail-04696,nasdaq 상승 섹터 랭킹 #04696,us_theme_rank,True,synthetic_hardfail
qa-hardfail-04697,나스닥 현재 인기 상승 테마 알려줘 #04697,us_theme_rank,True,synthetic_hardfail
qa-hardfail-04698,미국 증시 강세 테마 순위 보여줘 #04698,us_theme_rank,True,synthetic_hardfail
qa-hardfail-04699,nasdaq 상승 섹터 랭킹 #04699,us_theme_rank,True,synthetic_hardfail
qa-hardfail-04700,나스닥 현재 인기 상승 테마 알려줘 #04700,us_theme_rank,True,synthetic_hardfail
qa-hardfail-04701,미국 증시 강세 테마 순위 보여줘 #04701,us_theme_rank,True,synthetic_hardfail
qa-hardfail-04702,nasdaq 상승 섹터 랭킹 #04702,us_theme_rank,True,synthetic_hardfail
qa-hardfail-04703,나스닥 현재 인기 상승 테마 알려줘 #04703,us_theme_rank,True,synthetic_hardfail
qa-hardfail-04704,미국 증시 강세 테마 순위 보여줘 #04704,us_theme_rank,True,synthetic_hardfail
qa-hardfail-04705,nasdaq 상승 섹터 랭킹 #04705,us_theme_rank,True,synthetic_hardfail
qa-hardfail-04706,나스닥 현재 인기 상승 테마 알려줘 #04706,us_theme_rank,True,synthetic_hardfail
qa-hardfail-04707,미국 증시 강세 테마 순위 보여줘 #04707,us_theme_rank,True,synthetic_hardfail
qa-hardfail-04708,nasdaq 상승 섹터 랭킹 #04708,us_theme_rank,True,synthetic_hardfail
qa-hardfail-04709,나스닥 현재 인기 상승 테마 알려줘 #04709,us_theme_rank,True,synthetic_hardfail
qa-hardfail-04710,미국 증시 강세 테마 순위 보여줘 #04710,us_theme_rank,True,synthetic_hardfail
qa-hardfail-04711,nasdaq 상승 섹터 랭킹 #04711,us_theme_rank,True,synthetic_hardfail
qa-hardfail-04712,나스닥 현재 인기 상승 테마 알려줘 #04712,us_theme_rank,True,synthetic_hardfail
qa-hardfail-04713,미국 증시 강세 테마 순위 보여줘 #04713,us_theme_rank,True,synthetic_hardfail
qa-hardfail-04714,nasdaq 상승 섹터 랭킹 #04714,us_theme_rank,True,synthetic_hardfail
qa-hardfail-04715,나스닥 현재 인기 상승 테마 알려줘 #04715,us_theme_rank,True,synthetic_hardfail
qa-hardfail-04716,미국 증시 강세 테마 순위 보여줘 #04716,us_theme_rank,True,synthetic_hardfail
qa-hardfail-04717,nasdaq 상승 섹터 랭킹 #04717,us_theme_rank,True,synthetic_hardfail
qa-hardfail-04718,나스닥 현재 인기 상승 테마 알려줘 #04718,us_theme_rank,True,synthetic_hardfail
qa-hardfail-04719,미국 증시 강세 테마 순위 보여줘 #04719,us_theme_rank,True,synthetic_hardfail
qa-hardfail-04720,nasdaq 상승 섹터 랭킹 #04720,us_theme_rank,True,synthetic_hardfail
qa-hardfail-04721,나스닥 현재 인기 상승 테마 알려줘 #04721,us_theme_rank,True,synthetic_hardfail
qa-hardfail-04722,미국 증시 강세 테마 순위 보여줘 #04722,us_theme_rank,True,synthetic_hardfail
qa-hardfail-04723,nasdaq 상승 섹터 랭킹 #04723,us_theme_rank,True,synthetic_hardfail
qa-hardfail-04724,나스닥 현재 인기 상승 테마 알려줘 #04724,us_theme_rank,True,synthetic_hardfail
qa-hardfail-04725,미국 증시 강세 테마 순위 보여줘 #04725,us_theme_rank,True,synthetic_hardfail
qa-hardfail-04726,nasdaq 상승 섹터 랭킹 #04726,us_theme_rank,True,synthetic_hardfail
qa-hardfail-04727,나스닥 현재 인기 상승 테마 알려줘 #04727,us_theme_rank,True,synthetic_hardfail
qa-hardfail-04728,미국 증시 강세 테마 순위 보여줘 #04728,us_theme_rank,True,synthetic_hardfail
qa-hardfail-04729,nasdaq 상승 섹터 랭킹 #04729,us_theme_rank,True,synthetic_hardfail
qa-hardfail-04730,나스닥 현재 인기 상승 테마 알려줘 #04730,us_theme_rank,True,synthetic_hardfail
qa-hardfail-04731,미국 증시 강세 테마 순위 보여줘 #04731,us_theme_rank,True,synthetic_hardfail
qa-hardfail-04732,nasdaq 상승 섹터 랭킹 #04732,us_theme_rank,True,synthetic_hardfail
qa-hardfail-04733,나스닥 현재 인기 상승 테마 알려줘 #04733,us_theme_rank,True,synthetic_hardfail
qa-hardfail-04734,미국 증시 강세 테마 순위 보여줘 #04734,us_theme_rank,True,synthetic_hardfail
qa-hardfail-04735,nasdaq 상승 섹터 랭킹 #04735,us_theme_rank,True,synthetic_hardfail
qa-hardfail-04736,나스닥 현재 인기 상승 테마 알려줘 #04736,us_theme_rank,True,synthetic_hardfail
qa-hardfail-04737,미국 증시 강세 테마 순위 보여줘 #04737,us_theme_rank,True,synthetic_hardfail
qa-hardfail-04738,nasdaq 상승 섹터 랭킹 #04738,us_theme_rank,True,synthetic_hardfail
qa-hardfail-04739,나스닥 현재 인기 상승 테마 알려줘 #04739,us_theme_rank,True,synthetic_hardfail
qa-hardfail-04740,미국 증시 강세 테마 순위 보여줘 #04740,us_theme_rank,True,synthetic_hardfail
qa-hardfail-04741,nasdaq 상승 섹터 랭킹 #04741,us_theme_rank,True,synthetic_hardfail
qa-hardfail-04742,나스닥 현재 인기 상승 테마 알려줘 #04742,us_theme_rank,True,synthetic_hardfail
qa-hardfail-04743,미국 증시 강세 테마 순위 보여줘 #04743,us_theme_rank,True,synthetic_hardfail
qa-hardfail-04744,nasdaq 상승 섹터 랭킹 #04744,us_theme_rank,True,synthetic_hardfail
qa-hardfail-04745,나스닥 현재 인기 상승 테마 알려줘 #04745,us_theme_rank,True,synthetic_hardfail
qa-hardfail-04746,미국 증시 강세 테마 순위 보여줘 #04746,us_theme_rank,True,synthetic_hardfail
qa-hardfail-04747,nasdaq 상승 섹터 랭킹 #04747,us_theme_rank,True,synthetic_hardfail
qa-hardfail-04748,나스닥 현재 인기 상승 테마 알려줘 #04748,us_theme_rank,True,synthetic_hardfail
qa-hardfail-04749,미국 증시 강세 테마 순위 보여줘 #04749,us_theme_rank,True,synthetic_hardfail
qa-hardfail-04750,nasdaq 상승 섹터 랭킹 #04750,us_theme_rank,True,synthetic_hardfail
qa-hardfail-04751,나스닥 현재 인기 상승 테마 알려줘 #04751,us_theme_rank,True,synthetic_hardfail
qa-hardfail-04752,미국 증시 강세 테마 순위 보여줘 #04752,us_theme_rank,True,synthetic_hardfail
qa-hardfail-04753,nasdaq 상승 섹터 랭킹 #04753,us_theme_rank,True,synthetic_hardfail
qa-hardfail-04754,나스닥 현재 인기 상승 테마 알려줘 #04754,us_theme_rank,True,synthetic_hardfail
qa-hardfail-04755,미국 증시 강세 테마 순위 보여줘 #04755,us_theme_rank,True,synthetic_hardfail
qa-hardfail-04756,nasdaq 상승 섹터 랭킹 #04756,us_theme_rank,True,synthetic_hardfail
qa-hardfail-04757,나스닥 현재 인기 상승 테마 알려줘 #04757,us_theme_rank,True,synthetic_hardfail
qa-hardfail-04758,미국 증시 강세 테마 순위 보여줘 #04758,us_theme_rank,True,synthetic_hardfail
qa-hardfail-04759,nasdaq 상승 섹터 랭킹 #04759,us_theme_rank,True,synthetic_hardfail
qa-hardfail-04760,나스닥 현재 인기 상승 테마 알려줘 #04760,us_theme_rank,True,synthetic_hardfail
qa-hardfail-04761,미국 증시 강세 테마 순위 보여줘 #04761,us_theme_rank,True,synthetic_hardfail
qa-hardfail-04762,nasdaq 상승 섹터 랭킹 #04762,us_theme_rank,True,synthetic_hardfail
qa-hardfail-04763,나스닥 현재 인기 상승 테마 알려줘 #04763,us_theme_rank,True,synthetic_hardfail
qa-hardfail-04764,미국 증시 강세 테마 순위 보여줘 #04764,us_theme_rank,True,synthetic_hardfail
qa-hardfail-04765,nasdaq 상승 섹터 랭킹 #04765,us_theme_rank,True,synthetic_hardfail
qa-hardfail-04766,나스닥 현재 인기 상승 테마 알려줘 #04766,us_theme_rank,True,synthetic_hardfail
qa-hardfail-04767,미국 증시 강세 테마 순위 보여줘 #04767,us_theme_rank,True,synthetic_hardfail
qa-hardfail-04768,nasdaq 상승 섹터 랭킹 #04768,us_theme_rank,True,synthetic_hardfail
qa-hardfail-04769,나스닥 현재 인기 상승 테마 알려줘 #04769,us_theme_rank,True,synthetic_hardfail
qa-hardfail-04770,미국 증시 강세 테마 순위 보여줘 #04770,us_theme_rank,True,synthetic_hardfail
qa-hardfail-04771,nasdaq 상승 섹터 랭킹 #04771,us_theme_rank,True,synthetic_hardfail
qa-hardfail-04772,나스닥 현재 인기 상승 테마 알려줘 #04772,us_theme_rank,True,synthetic_hardfail
qa-hardfail-04773,미국 증시 강세 테마 순위 보여줘 #04773,us_theme_rank,True,synthetic_hardfail
qa-hardfail-04774,nasdaq 상승 섹터 랭킹 #04774,us_theme_rank,True,synthetic_hardfail
qa-hardfail-04775,나스닥 현재 인기 상승 테마 알려줘 #04775,us_theme_rank,True,synthetic_hardfail
qa-hardfail-04776,미국 증시 강세 테마 순위 보여줘 #04776,us_theme_rank,True,synthetic_hardfail
qa-hardfail-04777,nasdaq 상승 섹터 랭킹 #04777,us_theme_rank,True,synthetic_hardfail
qa-hardfail-04778,나스닥 현재 인기 상승 테마 알려줘 #04778,us_theme_rank,True,synthetic_hardfail
qa-hardfail-04779,미국 증시 강세 테마 순위 보여줘 #04779,us_theme_rank,True,synthetic_hardfail
qa-hardfail-04780,nasdaq 상승 섹터 랭킹 #04780,us_theme_rank,True,synthetic_hardfail
qa-hardfail-04781,나스닥 현재 인기 상승 테마 알려줘 #04781,us_theme_rank,True,synthetic_hardfail
qa-hardfail-04782,미국 증시 강세 테마 순위 보여줘 #04782,us_theme_rank,True,synthetic_hardfail
qa-hardfail-04783,nasdaq 상승 섹터 랭킹 #04783,us_theme_rank,True,synthetic_hardfail
qa-hardfail-04784,나스닥 현재 인기 상승 테마 알려줘 #04784,us_theme_rank,True,synthetic_hardfail
qa-hardfail-04785,미국 증시 강세 테마 순위 보여줘 #04785,us_theme_rank,True,synthetic_hardfail
qa-hardfail-04786,nasdaq 상승 섹터 랭킹 #04786,us_theme_rank,True,synthetic_hardfail
qa-hardfail-04787,나스닥 현재 인기 상승 테마 알려줘 #04787,us_theme_rank,True,synthetic_hardfail
qa-hardfail-04788,미국 증시 강세 테마 순위 보여줘 #04788,us_theme_rank,True,synthetic_hardfail
qa-hardfail-04789,nasdaq 상승 섹터 랭킹 #04789,us_theme_rank,True,synthetic_hardfail
qa-hardfail-04790,나스닥 현재 인기 상승 테마 알려줘 #04790,us_theme_rank,True,synthetic_hardfail
qa-hardfail-04791,미국 증시 강세 테마 순위 보여줘 #04791,us_theme_rank,True,synthetic_hardfail
qa-hardfail-04792,nasdaq 상승 섹터 랭킹 #04792,us_theme_rank,True,synthetic_hardfail
qa-hardfail-04793,나스닥 현재 인기 상승 테마 알려줘 #04793,us_theme_rank,True,synthetic_hardfail
qa-hardfail-04794,미국 증시 강세 테마 순위 보여줘 #04794,us_theme_rank,True,synthetic_hardfail
qa-hardfail-04795,nasdaq 상승 섹터 랭킹 #04795,us_theme_rank,True,synthetic_hardfail
qa-hardfail-04796,나스닥 현재 인기 상승 테마 알려줘 #04796,us_theme_rank,True,synthetic_hardfail
qa-hardfail-04797,미국 증시 강세 테마 순위 보여줘 #04797,us_theme_rank,True,synthetic_hardfail
qa-hardfail-04798,nasdaq 상승 섹터 랭킹 #04798,us_theme_rank,True,synthetic_hardfail
qa-hardfail-04799,나스닥 현재 인기 상승 테마 알려줘 #04799,us_theme_rank,True,synthetic_hardfail
qa-hardfail-04800,미국 증시 강세 테마 순위 보여줘 #04800,us_theme_rank,True,synthetic_hardfail
qa-hardfail-04801,nasdaq 상승 섹터 랭킹 #04801,us_theme_rank,True,synthetic_hardfail
qa-hardfail-04802,나스닥 현재 인기 상승 테마 알려줘 #04802,us_theme_rank,True,synthetic_hardfail
qa-hardfail-04803,미국 증시 강세 테마 순위 보여줘 #04803,us_theme_rank,True,synthetic_hardfail
qa-hardfail-04804,nasdaq 상승 섹터 랭킹 #04804,us_theme_rank,True,synthetic_hardfail
qa-hardfail-04805,나스닥 현재 인기 상승 테마 알려줘 #04805,us_theme_rank,True,synthetic_hardfail
qa-hardfail-04806,미국 증시 강세 테마 순위 보여줘 #04806,us_theme_rank,True,synthetic_hardfail
qa-hardfail-04807,nasdaq 상승 섹터 랭킹 #04807,us_theme_rank,True,synthetic_hardfail
qa-hardfail-04808,나스닥 현재 인기 상승 테마 알려줘 #04808,us_theme_rank,True,synthetic_hardfail
qa-hardfail-04809,미국 증시 강세 테마 순위 보여줘 #04809,us_theme_rank,True,synthetic_hardfail
qa-hardfail-04810,nasdaq 상승 섹터 랭킹 #04810,us_theme_rank,True,synthetic_hardfail
qa-hardfail-04811,나스닥 현재 인기 상승 테마 알려줘 #04811,us_theme_rank,True,synthetic_hardfail
qa-hardfail-04812,미국 증시 강세 테마 순위 보여줘 #04812,us_theme_rank,True,synthetic_hardfail
qa-hardfail-04813,nasdaq 상승 섹터 랭킹 #04813,us_theme_rank,True,synthetic_hardfail
qa-hardfail-04814,나스닥 현재 인기 상승 테마 알려줘 #04814,us_theme_rank,True,synthetic_hardfail
qa-hardfail-04815,미국 증시 강세 테마 순위 보여줘 #04815,us_theme_rank,True,synthetic_hardfail
qa-hardfail-04816,nasdaq 상승 섹터 랭킹 #04816,us_theme_rank,True,synthetic_hardfail
qa-hardfail-04817,나스닥 현재 인기 상승 테마 알려줘 #04817,us_theme_rank,True,synthetic_hardfail
qa-hardfail-04818,미국 증시 강세 테마 순위 보여줘 #04818,us_theme_rank,True,synthetic_hardfail
qa-hardfail-04819,nasdaq 상승 섹터 랭킹 #04819,us_theme_rank,True,synthetic_hardfail
qa-hardfail-04820,나스닥 현재 인기 상승 테마 알려줘 #04820,us_theme_rank,True,synthetic_hardfail
qa-hardfail-04821,미국 증시 강세 테마 순위 보여줘 #04821,us_theme_rank,True,synthetic_hardfail
qa-hardfail-04822,nasdaq 상승 섹터 랭킹 #04822,us_theme_rank,True,synthetic_hardfail
qa-hardfail-04823,나스닥 현재 인기 상승 테마 알려줘 #04823,us_theme_rank,True,synthetic_hardfail
qa-hardfail-04824,미국 증시 강세 테마 순위 보여줘 #04824,us_theme_rank,True,synthetic_hardfail
qa-hardfail-04825,nasdaq 상승 섹터 랭킹 #04825,us_theme_rank,True,synthetic_hardfail
qa-hardfail-04826,나스닥 현재 인기 상승 테마 알려줘 #04826,us_theme_rank,True,synthetic_hardfail
qa-hardfail-04827,미국 증시 강세 테마 순위 보여줘 #04827,us_theme_rank,True,synthetic_hardfail
qa-hardfail-04828,nasdaq 상승 섹터 랭킹 #04828,us_theme_rank,True,synthetic_hardfail
qa-hardfail-04829,나스닥 현재 인기 상승 테마 알려줘 #04829,us_theme_rank,True,synthetic_hardfail
qa-hardfail-04830,미국 증시 강세 테마 순위 보여줘 #04830,us_theme_rank,True,synthetic_hardfail
qa-hardfail-04831,nasdaq 상승 섹터 랭킹 #04831,us_theme_rank,True,synthetic_hardfail
qa-hardfail-04832,나스닥 현재 인기 상승 테마 알려줘 #04832,us_theme_rank,True,synthetic_hardfail
qa-hardfail-04833,미국 증시 강세 테마 순위 보여줘 #04833,us_theme_rank,True,synthetic_hardfail
qa-hardfail-04834,nasdaq 상승 섹터 랭킹 #04834,us_theme_rank,True,synthetic_hardfail
qa-hardfail-04835,나스닥 현재 인기 상승 테마 알려줘 #04835,us_theme_rank,True,synthetic_hardfail
qa-hardfail-04836,미국 증시 강세 테마 순위 보여줘 #04836,us_theme_rank,True,synthetic_hardfail
qa-hardfail-04837,nasdaq 상승 섹터 랭킹 #04837,us_theme_rank,True,synthetic_hardfail
qa-hardfail-04838,나스닥 현재 인기 상승 테마 알려줘 #04838,us_theme_rank,True,synthetic_hardfail
qa-hardfail-04839,미국 증시 강세 테마 순위 보여줘 #04839,us_theme_rank,True,synthetic_hardfail
qa-hardfail-04840,nasdaq 상승 섹터 랭킹 #04840,us_theme_rank,True,synthetic_hardfail
qa-hardfail-04841,나스닥 현재 인기 상승 테마 알려줘 #04841,us_theme_rank,True,synthetic_hardfail
qa-hardfail-04842,미국 증시 강세 테마 순위 보여줘 #04842,us_theme_rank,True,synthetic_hardfail
qa-hardfail-04843,nasdaq 상승 섹터 랭킹 #04843,us_theme_rank,True,synthetic_hardfail
qa-hardfail-04844,나스닥 현재 인기 상승 테마 알려줘 #04844,us_theme_rank,True,synthetic_hardfail
qa-hardfail-04845,미국 증시 강세 테마 순위 보여줘 #04845,us_theme_rank,True,synthetic_hardfail
qa-hardfail-04846,nasdaq 상승 섹터 랭킹 #04846,us_theme_rank,True,synthetic_hardfail
qa-hardfail-04847,나스닥 현재 인기 상승 테마 알려줘 #04847,us_theme_rank,True,synthetic_hardfail
qa-hardfail-04848,미국 증시 강세 테마 순위 보여줘 #04848,us_theme_rank,True,synthetic_hardfail
qa-hardfail-04849,nasdaq 상승 섹터 랭킹 #04849,us_theme_rank,True,synthetic_hardfail
qa-hardfail-04850,나스닥 현재 인기 상승 테마 알려줘 #04850,us_theme_rank,True,synthetic_hardfail
qa-hardfail-04851,미국 증시 강세 테마 순위 보여줘 #04851,us_theme_rank,True,synthetic_hardfail
qa-hardfail-04852,nasdaq 상승 섹터 랭킹 #04852,us_theme_rank,True,synthetic_hardfail
qa-hardfail-04853,나스닥 현재 인기 상승 테마 알려줘 #04853,us_theme_rank,True,synthetic_hardfail
qa-hardfail-04854,미국 증시 강세 테마 순위 보여줘 #04854,us_theme_rank,True,synthetic_hardfail
qa-hardfail-04855,nasdaq 상승 섹터 랭킹 #04855,us_theme_rank,True,synthetic_hardfail
qa-hardfail-04856,나스닥 현재 인기 상승 테마 알려줘 #04856,us_theme_rank,True,synthetic_hardfail
qa-hardfail-04857,미국 증시 강세 테마 순위 보여줘 #04857,us_theme_rank,True,synthetic_hardfail
qa-hardfail-04858,nasdaq 상승 섹터 랭킹 #04858,us_theme_rank,True,synthetic_hardfail
qa-hardfail-04859,나스닥 현재 인기 상승 테마 알려줘 #04859,us_theme_rank,True,synthetic_hardfail
qa-hardfail-04860,미국 증시 강세 테마 순위 보여줘 #04860,us_theme_rank,True,synthetic_hardfail
qa-hardfail-04861,nasdaq 상승 섹터 랭킹 #04861,us_theme_rank,True,synthetic_hardfail
qa-hardfail-04862,나스닥 현재 인기 상승 테마 알려줘 #04862,us_theme_rank,True,synthetic_hardfail
qa-hardfail-04863,미국 증시 강세 테마 순위 보여줘 #04863,us_theme_rank,True,synthetic_hardfail
qa-hardfail-04864,nasdaq 상승 섹터 랭킹 #04864,us_theme_rank,True,synthetic_hardfail
qa-hardfail-04865,나스닥 현재 인기 상승 테마 알려줘 #04865,us_theme_rank,True,synthetic_hardfail
qa-hardfail-04866,미국 증시 강세 테마 순위 보여줘 #04866,us_theme_rank,True,synthetic_hardfail
qa-hardfail-04867,nasdaq 상승 섹터 랭킹 #04867,us_theme_rank,True,synthetic_hardfail
qa-hardfail-04868,나스닥 현재 인기 상승 테마 알려줘 #04868,us_theme_rank,True,synthetic_hardfail
qa-hardfail-04869,미국 증시 강세 테마 순위 보여줘 #04869,us_theme_rank,True,synthetic_hardfail
qa-hardfail-04870,nasdaq 상승 섹터 랭킹 #04870,us_theme_rank,True,synthetic_hardfail
qa-hardfail-04871,나스닥 현재 인기 상승 테마 알려줘 #04871,us_theme_rank,True,synthetic_hardfail
qa-hardfail-04872,미국 증시 강세 테마 순위 보여줘 #04872,us_theme_rank,True,synthetic_hardfail
qa-hardfail-04873,nasdaq 상승 섹터 랭킹 #04873,us_theme_rank,True,synthetic_hardfail
qa-hardfail-04874,나스닥 현재 인기 상승 테마 알려줘 #04874,us_theme_rank,True,synthetic_hardfail
qa-hardfail-04875,미국 증시 강세 테마 순위 보여줘 #04875,us_theme_rank,True,synthetic_hardfail
qa-hardfail-04876,nasdaq 상승 섹터 랭킹 #04876,us_theme_rank,True,synthetic_hardfail
qa-hardfail-04877,나스닥 현재 인기 상승 테마 알려줘 #04877,us_theme_rank,True,synthetic_hardfail
qa-hardfail-04878,미국 증시 강세 테마 순위 보여줘 #04878,us_theme_rank,True,synthetic_hardfail
qa-hardfail-04879,nasdaq 상승 섹터 랭킹 #04879,us_theme_rank,True,synthetic_hardfail
qa-hardfail-04880,나스닥 현재 인기 상승 테마 알려줘 #04880,us_theme_rank,True,synthetic_hardfail
qa-hardfail-04881,미국 증시 강세 테마 순위 보여줘 #04881,us_theme_rank,True,synthetic_hardfail
qa-hardfail-04882,nasdaq 상승 섹터 랭킹 #04882,us_theme_rank,True,synthetic_hardfail
qa-hardfail-04883,나스닥 현재 인기 상승 테마 알려줘 #04883,us_theme_rank,True,synthetic_hardfail
qa-hardfail-04884,미국 증시 강세 테마 순위 보여줘 #04884,us_theme_rank,True,synthetic_hardfail
qa-hardfail-04885,nasdaq 상승 섹터 랭킹 #04885,us_theme_rank,True,synthetic_hardfail
qa-hardfail-04886,나스닥 현재 인기 상승 테마 알려줘 #04886,us_theme_rank,True,synthetic_hardfail
qa-hardfail-04887,미국 증시 강세 테마 순위 보여줘 #04887,us_theme_rank,True,synthetic_hardfail
qa-hardfail-04888,nasdaq 상승 섹터 랭킹 #04888,us_theme_rank,True,synthetic_hardfail
qa-hardfail-04889,나스닥 현재 인기 상승 테마 알려줘 #04889,us_theme_rank,True,synthetic_hardfail
qa-hardfail-04890,미국 증시 강세 테마 순위 보여줘 #04890,us_theme_rank,True,synthetic_hardfail
qa-hardfail-04891,nasdaq 상승 섹터 랭킹 #04891,us_theme_rank,True,synthetic_hardfail
qa-hardfail-04892,나스닥 현재 인기 상승 테마 알려줘 #04892,us_theme_rank,True,synthetic_hardfail
qa-hardfail-04893,미국 증시 강세 테마 순위 보여줘 #04893,us_theme_rank,True,synthetic_hardfail
qa-hardfail-04894,nasdaq 상승 섹터 랭킹 #04894,us_theme_rank,True,synthetic_hardfail
qa-hardfail-04895,나스닥 현재 인기 상승 테마 알려줘 #04895,us_theme_rank,True,synthetic_hardfail
qa-hardfail-04896,미국 증시 강세 테마 순위 보여줘 #04896,us_theme_rank,True,synthetic_hardfail
qa-hardfail-04897,nasdaq 상승 섹터 랭킹 #04897,us_theme_rank,True,synthetic_hardfail
qa-hardfail-04898,나스닥 현재 인기 상승 테마 알려줘 #04898,us_theme_rank,True,synthetic_hardfail
qa-hardfail-04899,미국 증시 강세 테마 순위 보여줘 #04899,us_theme_rank,True,synthetic_hardfail
qa-hardfail-04900,nasdaq 상승 섹터 랭킹 #04900,us_theme_rank,True,synthetic_hardfail
qa-hardfail-04901,나스닥 현재 인기 상승 테마 알려줘 #04901,us_theme_rank,True,synthetic_hardfail
qa-hardfail-04902,미국 증시 강세 테마 순위 보여줘 #04902,us_theme_rank,True,synthetic_hardfail
qa-hardfail-04903,nasdaq 상승 섹터 랭킹 #04903,us_theme_rank,True,synthetic_hardfail
qa-hardfail-04904,나스닥 현재 인기 상승 테마 알려줘 #04904,us_theme_rank,True,synthetic_hardfail
qa-hardfail-04905,미국 증시 강세 테마 순위 보여줘 #04905,us_theme_rank,True,synthetic_hardfail
qa-hardfail-04906,nasdaq 상승 섹터 랭킹 #04906,us_theme_rank,True,synthetic_hardfail
qa-hardfail-04907,나스닥 현재 인기 상승 테마 알려줘 #04907,us_theme_rank,True,synthetic_hardfail
qa-hardfail-04908,미국 증시 강세 테마 순위 보여줘 #04908,us_theme_rank,True,synthetic_hardfail
qa-hardfail-04909,nasdaq 상승 섹터 랭킹 #04909,us_theme_rank,True,synthetic_hardfail
qa-hardfail-04910,나스닥 현재 인기 상승 테마 알려줘 #04910,us_theme_rank,True,synthetic_hardfail
qa-hardfail-04911,미국 증시 강세 테마 순위 보여줘 #04911,us_theme_rank,True,synthetic_hardfail
qa-hardfail-04912,nasdaq 상승 섹터 랭킹 #04912,us_theme_rank,True,synthetic_hardfail
qa-hardfail-04913,나스닥 현재 인기 상승 테마 알려줘 #04913,us_theme_rank,True,synthetic_hardfail
qa-hardfail-04914,미국 증시 강세 테마 순위 보여줘 #04914,us_theme_rank,True,synthetic_hardfail
qa-hardfail-04915,nasdaq 상승 섹터 랭킹 #04915,us_theme_rank,True,synthetic_hardfail
qa-hardfail-04916,나스닥 현재 인기 상승 테마 알려줘 #04916,us_theme_rank,True,synthetic_hardfail
qa-hardfail-04917,미국 증시 강세 테마 순위 보여줘 #04917,us_theme_rank,True,synthetic_hardfail
qa-hardfail-04918,nasdaq 상승 섹터 랭킹 #04918,us_theme_rank,True,synthetic_hardfail
qa-hardfail-04919,나스닥 현재 인기 상승 테마 알려줘 #04919,us_theme_rank,True,synthetic_hardfail
qa-hardfail-04920,미국 증시 강세 테마 순위 보여줘 #04920,us_theme_rank,True,synthetic_hardfail
qa-hardfail-04921,nasdaq 상승 섹터 랭킹 #04921,us_theme_rank,True,synthetic_hardfail
qa-hardfail-04922,나스닥 현재 인기 상승 테마 알려줘 #04922,us_theme_rank,True,synthetic_hardfail
qa-hardfail-04923,미국 증시 강세 테마 순위 보여줘 #04923,us_theme_rank,True,synthetic_hardfail
qa-hardfail-04924,nasdaq 상승 섹터 랭킹 #04924,us_theme_rank,True,synthetic_hardfail
qa-hardfail-04925,나스닥 현재 인기 상승 테마 알려줘 #04925,us_theme_rank,True,synthetic_hardfail
qa-hardfail-04926,미국 증시 강세 테마 순위 보여줘 #04926,us_theme_rank,True,synthetic_hardfail
qa-hardfail-04927,nasdaq 상승 섹터 랭킹 #04927,us_theme_rank,True,synthetic_hardfail
qa-hardfail-04928,나스닥 현재 인기 상승 테마 알려줘 #04928,us_theme_rank,True,synthetic_hardfail
qa-hardfail-04929,미국 증시 강세 테마 순위 보여줘 #04929,us_theme_rank,True,synthetic_hardfail
qa-hardfail-04930,nasdaq 상승 섹터 랭킹 #04930,us_theme_rank,True,synthetic_hardfail
qa-hardfail-04931,나스닥 현재 인기 상승 테마 알려줘 #04931,us_theme_rank,True,synthetic_hardfail
qa-hardfail-04932,미국 증시 강세 테마 순위 보여줘 #04932,us_theme_rank,True,synthetic_hardfail
qa-hardfail-04933,nasdaq 상승 섹터 랭킹 #04933,us_theme_rank,True,synthetic_hardfail
qa-hardfail-04934,나스닥 현재 인기 상승 테마 알려줘 #04934,us_theme_rank,True,synthetic_hardfail
qa-hardfail-04935,미국 증시 강세 테마 순위 보여줘 #04935,us_theme_rank,True,synthetic_hardfail
qa-hardfail-04936,nasdaq 상승 섹터 랭킹 #04936,us_theme_rank,True,synthetic_hardfail
qa-hardfail-04937,나스닥 현재 인기 상승 테마 알려줘 #04937,us_theme_rank,True,synthetic_hardfail
qa-hardfail-04938,미국 증시 강세 테마 순위 보여줘 #04938,us_theme_rank,True,synthetic_hardfail
qa-hardfail-04939,nasdaq 상승 섹터 랭킹 #04939,us_theme_rank,True,synthetic_hardfail
qa-hardfail-04940,나스닥 현재 인기 상승 테마 알려줘 #04940,us_theme_rank,True,synthetic_hardfail
qa-hardfail-04941,미국 증시 강세 테마 순위 보여줘 #04941,us_theme_rank,True,synthetic_hardfail
qa-hardfail-04942,nasdaq 상승 섹터 랭킹 #04942,us_theme_rank,True,synthetic_hardfail
qa-hardfail-04943,나스닥 현재 인기 상승 테마 알려줘 #04943,us_theme_rank,True,synthetic_hardfail
qa-hardfail-04944,미국 증시 강세 테마 순위 보여줘 #04944,us_theme_rank,True,synthetic_hardfail
qa-hardfail-04945,nasdaq 상승 섹터 랭킹 #04945,us_theme_rank,True,synthetic_hardfail
qa-hardfail-04946,나스닥 현재 인기 상승 테마 알려줘 #04946,us_theme_rank,True,synthetic_hardfail
qa-hardfail-04947,미국 증시 강세 테마 순위 보여줘 #04947,us_theme_rank,True,synthetic_hardfail
qa-hardfail-04948,nasdaq 상승 섹터 랭킹 #04948,us_theme_rank,True,synthetic_hardfail
qa-hardfail-04949,나스닥 현재 인기 상승 테마 알려줘 #04949,us_theme_rank,True,synthetic_hardfail
qa-hardfail-04950,미국 증시 강세 테마 순위 보여줘 #04950,us_theme_rank,True,synthetic_hardfail
qa-hardfail-04951,nasdaq 상승 섹터 랭킹 #04951,us_theme_rank,True,synthetic_hardfail
qa-hardfail-04952,나스닥 현재 인기 상승 테마 알려줘 #04952,us_theme_rank,True,synthetic_hardfail
qa-hardfail-04953,미국 증시 강세 테마 순위 보여줘 #04953,us_theme_rank,True,synthetic_hardfail
qa-hardfail-04954,nasdaq 상승 섹터 랭킹 #04954,us_theme_rank,True,synthetic_hardfail
qa-hardfail-04955,나스닥 현재 인기 상승 테마 알려줘 #04955,us_theme_rank,True,synthetic_hardfail
qa-hardfail-04956,미국 증시 강세 테마 순위 보여줘 #04956,us_theme_rank,True,synthetic_hardfail
qa-hardfail-04957,nasdaq 상승 섹터 랭킹 #04957,us_theme_rank,True,synthetic_hardfail
qa-hardfail-04958,나스닥 현재 인기 상승 테마 알려줘 #04958,us_theme_rank,True,synthetic_hardfail
qa-hardfail-04959,미국 증시 강세 테마 순위 보여줘 #04959,us_theme_rank,True,synthetic_hardfail
qa-hardfail-04960,nasdaq 상승 섹터 랭킹 #04960,us_theme_rank,True,synthetic_hardfail
qa-hardfail-04961,나스닥 현재 인기 상승 테마 알려줘 #04961,us_theme_rank,True,synthetic_hardfail
qa-hardfail-04962,미국 증시 강세 테마 순위 보여줘 #04962,us_theme_rank,True,synthetic_hardfail
qa-hardfail-04963,nasdaq 상승 섹터 랭킹 #04963,us_theme_rank,True,synthetic_hardfail
qa-hardfail-04964,나스닥 현재 인기 상승 테마 알려줘 #04964,us_theme_rank,True,synthetic_hardfail
qa-hardfail-04965,미국 증시 강세 테마 순위 보여줘 #04965,us_theme_rank,True,synthetic_hardfail
qa-hardfail-04966,nasdaq 상승 섹터 랭킹 #04966,us_theme_rank,True,synthetic_hardfail
qa-hardfail-04967,나스닥 현재 인기 상승 테마 알려줘 #04967,us_theme_rank,True,synthetic_hardfail
qa-hardfail-04968,미국 증시 강세 테마 순위 보여줘 #04968,us_theme_rank,True,synthetic_hardfail
qa-hardfail-04969,nasdaq 상승 섹터 랭킹 #04969,us_theme_rank,True,synthetic_hardfail
qa-hardfail-04970,나스닥 현재 인기 상승 테마 알려줘 #04970,us_theme_rank,True,synthetic_hardfail
qa-hardfail-04971,미국 증시 강세 테마 순위 보여줘 #04971,us_theme_rank,True,synthetic_hardfail
qa-hardfail-04972,nasdaq 상승 섹터 랭킹 #04972,us_theme_rank,True,synthetic_hardfail
qa-hardfail-04973,나스닥 현재 인기 상승 테마 알려줘 #04973,us_theme_rank,True,synthetic_hardfail
qa-hardfail-04974,미국 증시 강세 테마 순위 보여줘 #04974,us_theme_rank,True,synthetic_hardfail
qa-hardfail-04975,nasdaq 상승 섹터 랭킹 #04975,us_theme_rank,True,synthetic_hardfail
qa-hardfail-04976,나스닥 현재 인기 상승 테마 알려줘 #04976,us_theme_rank,True,synthetic_hardfail
qa-hardfail-04977,미국 증시 강세 테마 순위 보여줘 #04977,us_theme_rank,True,synthetic_hardfail
qa-hardfail-04978,nasdaq 상승 섹터 랭킹 #04978,us_theme_rank,True,synthetic_hardfail
qa-hardfail-04979,나스닥 현재 인기 상승 테마 알려줘 #04979,us_theme_rank,True,synthetic_hardfail
qa-hardfail-04980,미국 증시 강세 테마 순위 보여줘 #04980,us_theme_rank,True,synthetic_hardfail
qa-hardfail-04981,nasdaq 상승 섹터 랭킹 #04981,us_theme_rank,True,synthetic_hardfail
qa-hardfail-04982,나스닥 현재 인기 상승 테마 알려줘 #04982,us_theme_rank,True,synthetic_hardfail
qa-hardfail-04983,미국 증시 강세 테마 순위 보여줘 #04983,us_theme_rank,True,synthetic_hardfail
qa-hardfail-04984,nasdaq 상승 섹터 랭킹 #04984,us_theme_rank,True,synthetic_hardfail
qa-hardfail-04985,나스닥 현재 인기 상승 테마 알려줘 #04985,us_theme_rank,True,synthetic_hardfail
qa-hardfail-04986,미국 증시 강세 테마 순위 보여줘 #04986,us_theme_rank,True,synthetic_hardfail
qa-hardfail-04987,nasdaq 상승 섹터 랭킹 #04987,us_theme_rank,True,synthetic_hardfail
qa-hardfail-04988,나스닥 현재 인기 상승 테마 알려줘 #04988,us_theme_rank,True,synthetic_hardfail
qa-hardfail-04989,미국 증시 강세 테마 순위 보여줘 #04989,us_theme_rank,True,synthetic_hardfail
qa-hardfail-04990,nasdaq 상승 섹터 랭킹 #04990,us_theme_rank,True,synthetic_hardfail
qa-hardfail-04991,나스닥 현재 인기 상승 테마 알려줘 #04991,us_theme_rank,True,synthetic_hardfail
qa-hardfail-04992,미국 증시 강세 테마 순위 보여줘 #04992,us_theme_rank,True,synthetic_hardfail
qa-hardfail-04993,nasdaq 상승 섹터 랭킹 #04993,us_theme_rank,True,synthetic_hardfail
qa-hardfail-04994,나스닥 현재 인기 상승 테마 알려줘 #04994,us_theme_rank,True,synthetic_hardfail
qa-hardfail-04995,미국 증시 강세 테마 순위 보여줘 #04995,us_theme_rank,True,synthetic_hardfail
qa-hardfail-04996,nasdaq 상승 섹터 랭킹 #04996,us_theme_rank,True,synthetic_hardfail
qa-hardfail-04997,나스닥 현재 인기 상승 테마 알려줘 #04997,us_theme_rank,True,synthetic_hardfail
qa-hardfail-04998,미국 증시 강세 테마 순위 보여줘 #04998,us_theme_rank,True,synthetic_hardfail
qa-hardfail-04999,nasdaq 상승 섹터 랭킹 #04999,us_theme_rank,True,synthetic_hardfail
qa-hardfail-05000,나스닥 현재 인기 상승 테마 알려줘 #05000,us_theme_rank,True,synthetic_hardfail
qa-hardfail-05001,미국 증시 강세 테마 순위 보여줘 #05001,us_theme_rank,True,synthetic_hardfail
qa-hardfail-05002,nasdaq 상승 섹터 랭킹 #05002,us_theme_rank,True,synthetic_hardfail
qa-hardfail-05003,나스닥 현재 인기 상승 테마 알려줘 #05003,us_theme_rank,True,synthetic_hardfail
qa-hardfail-05004,미국 증시 강세 테마 순위 보여줘 #05004,us_theme_rank,True,synthetic_hardfail
qa-hardfail-05005,nasdaq 상승 섹터 랭킹 #05005,us_theme_rank,True,synthetic_hardfail
qa-hardfail-05006,나스닥 현재 인기 상승 테마 알려줘 #05006,us_theme_rank,True,synthetic_hardfail
qa-hardfail-05007,미국 증시 강세 테마 순위 보여줘 #05007,us_theme_rank,True,synthetic_hardfail
qa-hardfail-05008,nasdaq 상승 섹터 랭킹 #05008,us_theme_rank,True,synthetic_hardfail
qa-hardfail-05009,나스닥 현재 인기 상승 테마 알려줘 #05009,us_theme_rank,True,synthetic_hardfail
qa-hardfail-05010,미국 증시 강세 테마 순위 보여줘 #05010,us_theme_rank,True,synthetic_hardfail
qa-hardfail-05011,nasdaq 상승 섹터 랭킹 #05011,us_theme_rank,True,synthetic_hardfail
qa-hardfail-05012,나스닥 현재 인기 상승 테마 알려줘 #05012,us_theme_rank,True,synthetic_hardfail
qa-hardfail-05013,미국 증시 강세 테마 순위 보여줘 #05013,us_theme_rank,True,synthetic_hardfail
qa-hardfail-05014,nasdaq 상승 섹터 랭킹 #05014,us_theme_rank,True,synthetic_hardfail
qa-hardfail-05015,나스닥 현재 인기 상승 테마 알려줘 #05015,us_theme_rank,True,synthetic_hardfail
qa-hardfail-05016,미국 증시 강세 테마 순위 보여줘 #05016,us_theme_rank,True,synthetic_hardfail
qa-hardfail-05017,nasdaq 상승 섹터 랭킹 #05017,us_theme_rank,True,synthetic_hardfail
qa-hardfail-05018,나스닥 현재 인기 상승 테마 알려줘 #05018,us_theme_rank,True,synthetic_hardfail
qa-hardfail-05019,미국 증시 강세 테마 순위 보여줘 #05019,us_theme_rank,True,synthetic_hardfail
qa-hardfail-05020,nasdaq 상승 섹터 랭킹 #05020,us_theme_rank,True,synthetic_hardfail
qa-hardfail-05021,나스닥 현재 인기 상승 테마 알려줘 #05021,us_theme_rank,True,synthetic_hardfail
qa-hardfail-05022,미국 증시 강세 테마 순위 보여줘 #05022,us_theme_rank,True,synthetic_hardfail
qa-hardfail-05023,nasdaq 상승 섹터 랭킹 #05023,us_theme_rank,True,synthetic_hardfail
qa-hardfail-05024,나스닥 현재 인기 상승 테마 알려줘 #05024,us_theme_rank,True,synthetic_hardfail
qa-hardfail-05025,미국 증시 강세 테마 순위 보여줘 #05025,us_theme_rank,True,synthetic_hardfail
qa-hardfail-05026,nasdaq 상승 섹터 랭킹 #05026,us_theme_rank,True,synthetic_hardfail
qa-hardfail-05027,나스닥 현재 인기 상승 테마 알려줘 #05027,us_theme_rank,True,synthetic_hardfail
qa-hardfail-05028,미국 증시 강세 테마 순위 보여줘 #05028,us_theme_rank,True,synthetic_hardfail
qa-hardfail-05029,nasdaq 상승 섹터 랭킹 #05029,us_theme_rank,True,synthetic_hardfail
qa-hardfail-05030,나스닥 현재 인기 상승 테마 알려줘 #05030,us_theme_rank,True,synthetic_hardfail
qa-hardfail-05031,미국 증시 강세 테마 순위 보여줘 #05031,us_theme_rank,True,synthetic_hardfail
qa-hardfail-05032,nasdaq 상승 섹터 랭킹 #05032,us_theme_rank,True,synthetic_hardfail
qa-hardfail-05033,나스닥 현재 인기 상승 테마 알려줘 #05033,us_theme_rank,True,synthetic_hardfail
qa-hardfail-05034,미국 증시 강세 테마 순위 보여줘 #05034,us_theme_rank,True,synthetic_hardfail
qa-hardfail-05035,nasdaq 상승 섹터 랭킹 #05035,us_theme_rank,True,synthetic_hardfail
qa-hardfail-05036,나스닥 현재 인기 상승 테마 알려줘 #05036,us_theme_rank,True,synthetic_hardfail
qa-hardfail-05037,미국 증시 강세 테마 순위 보여줘 #05037,us_theme_rank,True,synthetic_hardfail
qa-hardfail-05038,nasdaq 상승 섹터 랭킹 #05038,us_theme_rank,True,synthetic_hardfail
qa-hardfail-05039,나스닥 현재 인기 상승 테마 알려줘 #05039,us_theme_rank,True,synthetic_hardfail
qa-hardfail-05040,미국 증시 강세 테마 순위 보여줘 #05040,us_theme_rank,True,synthetic_hardfail
qa-hardfail-05041,nasdaq 상승 섹터 랭킹 #05041,us_theme_rank,True,synthetic_hardfail
qa-hardfail-05042,나스닥 현재 인기 상승 테마 알려줘 #05042,us_theme_rank,True,synthetic_hardfail
qa-hardfail-05043,미국 증시 강세 테마 순위 보여줘 #05043,us_theme_rank,True,synthetic_hardfail
qa-hardfail-05044,nasdaq 상승 섹터 랭킹 #05044,us_theme_rank,True,synthetic_hardfail
qa-hardfail-05045,나스닥 현재 인기 상승 테마 알려줘 #05045,us_theme_rank,True,synthetic_hardfail
qa-hardfail-05046,미국 증시 강세 테마 순위 보여줘 #05046,us_theme_rank,True,synthetic_hardfail
qa-hardfail-05047,nasdaq 상승 섹터 랭킹 #05047,us_theme_rank,True,synthetic_hardfail
qa-hardfail-05048,나스닥 현재 인기 상승 테마 알려줘 #05048,us_theme_rank,True,synthetic_hardfail
qa-hardfail-05049,미국 증시 강세 테마 순위 보여줘 #05049,us_theme_rank,True,synthetic_hardfail
qa-hardfail-05050,nasdaq 상승 섹터 랭킹 #05050,us_theme_rank,True,synthetic_hardfail
qa-hardfail-05051,나스닥 현재 인기 상승 테마 알려줘 #05051,us_theme_rank,True,synthetic_hardfail
qa-hardfail-05052,미국 증시 강세 테마 순위 보여줘 #05052,us_theme_rank,True,synthetic_hardfail
qa-hardfail-05053,nasdaq 상승 섹터 랭킹 #05053,us_theme_rank,True,synthetic_hardfail
qa-hardfail-05054,나스닥 현재 인기 상승 테마 알려줘 #05054,us_theme_rank,True,synthetic_hardfail
qa-hardfail-05055,미국 증시 강세 테마 순위 보여줘 #05055,us_theme_rank,True,synthetic_hardfail
qa-hardfail-05056,nasdaq 상승 섹터 랭킹 #05056,us_theme_rank,True,synthetic_hardfail
qa-hardfail-05057,나스닥 현재 인기 상승 테마 알려줘 #05057,us_theme_rank,True,synthetic_hardfail
qa-hardfail-05058,미국 증시 강세 테마 순위 보여줘 #05058,us_theme_rank,True,synthetic_hardfail
qa-hardfail-05059,nasdaq 상승 섹터 랭킹 #05059,us_theme_rank,True,synthetic_hardfail
qa-hardfail-05060,나스닥 현재 인기 상승 테마 알려줘 #05060,us_theme_rank,True,synthetic_hardfail
qa-hardfail-05061,미국 증시 강세 테마 순위 보여줘 #05061,us_theme_rank,True,synthetic_hardfail
qa-hardfail-05062,nasdaq 상승 섹터 랭킹 #05062,us_theme_rank,True,synthetic_hardfail
qa-hardfail-05063,나스닥 현재 인기 상승 테마 알려줘 #05063,us_theme_rank,True,synthetic_hardfail
qa-hardfail-05064,미국 증시 강세 테마 순위 보여줘 #05064,us_theme_rank,True,synthetic_hardfail
qa-hardfail-05065,nasdaq 상승 섹터 랭킹 #05065,us_theme_rank,True,synthetic_hardfail
qa-hardfail-05066,나스닥 현재 인기 상승 테마 알려줘 #05066,us_theme_rank,True,synthetic_hardfail
qa-hardfail-05067,미국 증시 강세 테마 순위 보여줘 #05067,us_theme_rank,True,synthetic_hardfail
qa-hardfail-05068,nasdaq 상승 섹터 랭킹 #05068,us_theme_rank,True,synthetic_hardfail
qa-hardfail-05069,나스닥 현재 인기 상승 테마 알려줘 #05069,us_theme_rank,True,synthetic_hardfail
qa-hardfail-05070,미국 증시 강세 테마 순위 보여줘 #05070,us_theme_rank,True,synthetic_hardfail
qa-hardfail-05071,nasdaq 상승 섹터 랭킹 #05071,us_theme_rank,True,synthetic_hardfail
qa-hardfail-05072,나스닥 현재 인기 상승 테마 알려줘 #05072,us_theme_rank,True,synthetic_hardfail
qa-hardfail-05073,미국 증시 강세 테마 순위 보여줘 #05073,us_theme_rank,True,synthetic_hardfail
qa-hardfail-05074,nasdaq 상승 섹터 랭킹 #05074,us_theme_rank,True,synthetic_hardfail
qa-hardfail-05075,나스닥 현재 인기 상승 테마 알려줘 #05075,us_theme_rank,True,synthetic_hardfail
qa-hardfail-05076,미국 증시 강세 테마 순위 보여줘 #05076,us_theme_rank,True,synthetic_hardfail
qa-hardfail-05077,nasdaq 상승 섹터 랭킹 #05077,us_theme_rank,True,synthetic_hardfail
qa-hardfail-05078,나스닥 현재 인기 상승 테마 알려줘 #05078,us_theme_rank,True,synthetic_hardfail
qa-hardfail-05079,미국 증시 강세 테마 순위 보여줘 #05079,us_theme_rank,True,synthetic_hardfail
qa-hardfail-05080,nasdaq 상승 섹터 랭킹 #05080,us_theme_rank,True,synthetic_hardfail
qa-hardfail-05081,나스닥 현재 인기 상승 테마 알려줘 #05081,us_theme_rank,True,synthetic_hardfail
qa-hardfail-05082,미국 증시 강세 테마 순위 보여줘 #05082,us_theme_rank,True,synthetic_hardfail
qa-hardfail-05083,nasdaq 상승 섹터 랭킹 #05083,us_theme_rank,True,synthetic_hardfail
qa-hardfail-05084,나스닥 현재 인기 상승 테마 알려줘 #05084,us_theme_rank,True,synthetic_hardfail
qa-hardfail-05085,미국 증시 강세 테마 순위 보여줘 #05085,us_theme_rank,True,synthetic_hardfail
qa-hardfail-05086,nasdaq 상승 섹터 랭킹 #05086,us_theme_rank,True,synthetic_hardfail
qa-hardfail-05087,나스닥 현재 인기 상승 테마 알려줘 #05087,us_theme_rank,True,synthetic_hardfail
qa-hardfail-05088,미국 증시 강세 테마 순위 보여줘 #05088,us_theme_rank,True,synthetic_hardfail
qa-hardfail-05089,nasdaq 상승 섹터 랭킹 #05089,us_theme_rank,True,synthetic_hardfail
qa-hardfail-05090,나스닥 현재 인기 상승 테마 알려줘 #05090,us_theme_rank,True,synthetic_hardfail
qa-hardfail-05091,미국 증시 강세 테마 순위 보여줘 #05091,us_theme_rank,True,synthetic_hardfail
qa-hardfail-05092,nasdaq 상승 섹터 랭킹 #05092,us_theme_rank,True,synthetic_hardfail
qa-hardfail-05093,나스닥 현재 인기 상승 테마 알려줘 #05093,us_theme_rank,True,synthetic_hardfail
qa-hardfail-05094,미국 증시 강세 테마 순위 보여줘 #05094,us_theme_rank,True,synthetic_hardfail
qa-hardfail-05095,nasdaq 상승 섹터 랭킹 #05095,us_theme_rank,True,synthetic_hardfail
qa-hardfail-05096,나스닥 현재 인기 상승 테마 알려줘 #05096,us_theme_rank,True,synthetic_hardfail
qa-hardfail-05097,미국 증시 강세 테마 순위 보여줘 #05097,us_theme_rank,True,synthetic_hardfail
qa-hardfail-05098,nasdaq 상승 섹터 랭킹 #05098,us_theme_rank,True,synthetic_hardfail
qa-hardfail-05099,나스닥 현재 인기 상승 테마 알려줘 #05099,us_theme_rank,True,synthetic_hardfail
qa-hardfail-05100,미국 증시 강세 테마 순위 보여줘 #05100,us_theme_rank,True,synthetic_hardfail
qa-hardfail-05101,nasdaq 상승 섹터 랭킹 #05101,us_theme_rank,True,synthetic_hardfail
qa-hardfail-05102,나스닥 현재 인기 상승 테마 알려줘 #05102,us_theme_rank,True,synthetic_hardfail
qa-hardfail-05103,미국 증시 강세 테마 순위 보여줘 #05103,us_theme_rank,True,synthetic_hardfail
qa-hardfail-05104,nasdaq 상승 섹터 랭킹 #05104,us_theme_rank,True,synthetic_hardfail
qa-hardfail-05105,나스닥 현재 인기 상승 테마 알려줘 #05105,us_theme_rank,True,synthetic_hardfail
qa-hardfail-05106,미국 증시 강세 테마 순위 보여줘 #05106,us_theme_rank,True,synthetic_hardfail
qa-hardfail-05107,nasdaq 상승 섹터 랭킹 #05107,us_theme_rank,True,synthetic_hardfail
qa-hardfail-05108,나스닥 현재 인기 상승 테마 알려줘 #05108,us_theme_rank,True,synthetic_hardfail
qa-hardfail-05109,미국 증시 강세 테마 순위 보여줘 #05109,us_theme_rank,True,synthetic_hardfail
qa-hardfail-05110,nasdaq 상승 섹터 랭킹 #05110,us_theme_rank,True,synthetic_hardfail
qa-hardfail-05111,나스닥 현재 인기 상승 테마 알려줘 #05111,us_theme_rank,True,synthetic_hardfail
qa-hardfail-05112,미국 증시 강세 테마 순위 보여줘 #05112,us_theme_rank,True,synthetic_hardfail
qa-hardfail-05113,nasdaq 상승 섹터 랭킹 #05113,us_theme_rank,True,synthetic_hardfail
qa-hardfail-05114,나스닥 현재 인기 상승 테마 알려줘 #05114,us_theme_rank,True,synthetic_hardfail
qa-hardfail-05115,미국 증시 강세 테마 순위 보여줘 #05115,us_theme_rank,True,synthetic_hardfail
qa-hardfail-05116,nasdaq 상승 섹터 랭킹 #05116,us_theme_rank,True,synthetic_hardfail
qa-hardfail-05117,나스닥 현재 인기 상승 테마 알려줘 #05117,us_theme_rank,True,synthetic_hardfail
qa-hardfail-05118,미국 증시 강세 테마 순위 보여줘 #05118,us_theme_rank,True,synthetic_hardfail
qa-hardfail-05119,nasdaq 상승 섹터 랭킹 #05119,us_theme_rank,True,synthetic_hardfail
qa-hardfail-05120,나스닥 현재 인기 상승 테마 알려줘 #05120,us_theme_rank,True,synthetic_hardfail
qa-hardfail-05121,미국 증시 강세 테마 순위 보여줘 #05121,us_theme_rank,True,synthetic_hardfail
qa-hardfail-05122,nasdaq 상승 섹터 랭킹 #05122,us_theme_rank,True,synthetic_hardfail
qa-hardfail-05123,나스닥 현재 인기 상승 테마 알려줘 #05123,us_theme_rank,True,synthetic_hardfail
qa-hardfail-05124,미국 증시 강세 테마 순위 보여줘 #05124,us_theme_rank,True,synthetic_hardfail
qa-hardfail-05125,nasdaq 상승 섹터 랭킹 #05125,us_theme_rank,True,synthetic_hardfail
qa-hardfail-05126,나스닥 현재 인기 상승 테마 알려줘 #05126,us_theme_rank,True,synthetic_hardfail
qa-hardfail-05127,미국 증시 강세 테마 순위 보여줘 #05127,us_theme_rank,True,synthetic_hardfail
qa-hardfail-05128,nasdaq 상승 섹터 랭킹 #05128,us_theme_rank,True,synthetic_hardfail
qa-hardfail-05129,나스닥 현재 인기 상승 테마 알려줘 #05129,us_theme_rank,True,synthetic_hardfail
qa-hardfail-05130,미국 증시 강세 테마 순위 보여줘 #05130,us_theme_rank,True,synthetic_hardfail
qa-hardfail-05131,nasdaq 상승 섹터 랭킹 #05131,us_theme_rank,True,synthetic_hardfail
qa-hardfail-05132,나스닥 현재 인기 상승 테마 알려줘 #05132,us_theme_rank,True,synthetic_hardfail
qa-hardfail-05133,미국 증시 강세 테마 순위 보여줘 #05133,us_theme_rank,True,synthetic_hardfail
qa-hardfail-05134,nasdaq 상승 섹터 랭킹 #05134,us_theme_rank,True,synthetic_hardfail
qa-hardfail-05135,나스닥 현재 인기 상승 테마 알려줘 #05135,us_theme_rank,True,synthetic_hardfail
qa-hardfail-05136,미국 증시 강세 테마 순위 보여줘 #05136,us_theme_rank,True,synthetic_hardfail
qa-hardfail-05137,nasdaq 상승 섹터 랭킹 #05137,us_theme_rank,True,synthetic_hardfail
qa-hardfail-05138,나스닥 현재 인기 상승 테마 알려줘 #05138,us_theme_rank,True,synthetic_hardfail
qa-hardfail-05139,미국 증시 강세 테마 순위 보여줘 #05139,us_theme_rank,True,synthetic_hardfail
qa-hardfail-05140,nasdaq 상승 섹터 랭킹 #05140,us_theme_rank,True,synthetic_hardfail
qa-hardfail-05141,나스닥 현재 인기 상승 테마 알려줘 #05141,us_theme_rank,True,synthetic_hardfail
qa-hardfail-05142,미국 증시 강세 테마 순위 보여줘 #05142,us_theme_rank,True,synthetic_hardfail
qa-hardfail-05143,nasdaq 상승 섹터 랭킹 #05143,us_theme_rank,True,synthetic_hardfail
qa-hardfail-05144,나스닥 현재 인기 상승 테마 알려줘 #05144,us_theme_rank,True,synthetic_hardfail
qa-hardfail-05145,미국 증시 강세 테마 순위 보여줘 #05145,us_theme_rank,True,synthetic_hardfail
qa-hardfail-05146,nasdaq 상승 섹터 랭킹 #05146,us_theme_rank,True,synthetic_hardfail
qa-hardfail-05147,나스닥 현재 인기 상승 테마 알려줘 #05147,us_theme_rank,True,synthetic_hardfail
qa-hardfail-05148,미국 증시 강세 테마 순위 보여줘 #05148,us_theme_rank,True,synthetic_hardfail
qa-hardfail-05149,nasdaq 상승 섹터 랭킹 #05149,us_theme_rank,True,synthetic_hardfail
qa-hardfail-05150,나스닥 현재 인기 상승 테마 알려줘 #05150,us_theme_rank,True,synthetic_hardfail
qa-hardfail-05151,미국 증시 강세 테마 순위 보여줘 #05151,us_theme_rank,True,synthetic_hardfail
qa-hardfail-05152,nasdaq 상승 섹터 랭킹 #05152,us_theme_rank,True,synthetic_hardfail
qa-hardfail-05153,나스닥 현재 인기 상승 테마 알려줘 #05153,us_theme_rank,True,synthetic_hardfail
qa-hardfail-05154,미국 증시 강세 테마 순위 보여줘 #05154,us_theme_rank,True,synthetic_hardfail
qa-hardfail-05155,nasdaq 상승 섹터 랭킹 #05155,us_theme_rank,True,synthetic_hardfail
qa-hardfail-05156,나스닥 현재 인기 상승 테마 알려줘 #05156,us_theme_rank,True,synthetic_hardfail
qa-hardfail-05157,미국 증시 강세 테마 순위 보여줘 #05157,us_theme_rank,True,synthetic_hardfail
qa-hardfail-05158,nasdaq 상승 섹터 랭킹 #05158,us_theme_rank,True,synthetic_hardfail
qa-hardfail-05159,나스닥 현재 인기 상승 테마 알려줘 #05159,us_theme_rank,True,synthetic_hardfail
qa-hardfail-05160,미국 증시 강세 테마 순위 보여줘 #05160,us_theme_rank,True,synthetic_hardfail
qa-hardfail-05161,nasdaq 상승 섹터 랭킹 #05161,us_theme_rank,True,synthetic_hardfail
qa-hardfail-05162,나스닥 현재 인기 상승 테마 알려줘 #05162,us_theme_rank,True,synthetic_hardfail
qa-hardfail-05163,미국 증시 강세 테마 순위 보여줘 #05163,us_theme_rank,True,synthetic_hardfail
qa-hardfail-05164,nasdaq 상승 섹터 랭킹 #05164,us_theme_rank,True,synthetic_hardfail
qa-hardfail-05165,나스닥 현재 인기 상승 테마 알려줘 #05165,us_theme_rank,True,synthetic_hardfail
qa-hardfail-05166,미국 증시 강세 테마 순위 보여줘 #05166,us_theme_rank,True,synthetic_hardfail
qa-hardfail-05167,nasdaq 상승 섹터 랭킹 #05167,us_theme_rank,True,synthetic_hardfail
qa-hardfail-05168,나스닥 현재 인기 상승 테마 알려줘 #05168,us_theme_rank,True,synthetic_hardfail
qa-hardfail-05169,미국 증시 강세 테마 순위 보여줘 #05169,us_theme_rank,True,synthetic_hardfail
qa-hardfail-05170,nasdaq 상승 섹터 랭킹 #05170,us_theme_rank,True,synthetic_hardfail
qa-hardfail-05171,나스닥 현재 인기 상승 테마 알려줘 #05171,us_theme_rank,True,synthetic_hardfail
qa-hardfail-05172,미국 증시 강세 테마 순위 보여줘 #05172,us_theme_rank,True,synthetic_hardfail
qa-hardfail-05173,nasdaq 상승 섹터 랭킹 #05173,us_theme_rank,True,synthetic_hardfail
qa-hardfail-05174,나스닥 현재 인기 상승 테마 알려줘 #05174,us_theme_rank,True,synthetic_hardfail
qa-hardfail-05175,미국 증시 강세 테마 순위 보여줘 #05175,us_theme_rank,True,synthetic_hardfail
qa-hardfail-05176,nasdaq 상승 섹터 랭킹 #05176,us_theme_rank,True,synthetic_hardfail
qa-hardfail-05177,나스닥 현재 인기 상승 테마 알려줘 #05177,us_theme_rank,True,synthetic_hardfail
qa-hardfail-05178,미국 증시 강세 테마 순위 보여줘 #05178,us_theme_rank,True,synthetic_hardfail
qa-hardfail-05179,nasdaq 상승 섹터 랭킹 #05179,us_theme_rank,True,synthetic_hardfail
qa-hardfail-05180,나스닥 현재 인기 상승 테마 알려줘 #05180,us_theme_rank,True,synthetic_hardfail
qa-hardfail-05181,미국 증시 강세 테마 순위 보여줘 #05181,us_theme_rank,True,synthetic_hardfail
qa-hardfail-05182,nasdaq 상승 섹터 랭킹 #05182,us_theme_rank,True,synthetic_hardfail
qa-hardfail-05183,나스닥 현재 인기 상승 테마 알려줘 #05183,us_theme_rank,True,synthetic_hardfail
qa-hardfail-05184,미국 증시 강세 테마 순위 보여줘 #05184,us_theme_rank,True,synthetic_hardfail
qa-hardfail-05185,nasdaq 상승 섹터 랭킹 #05185,us_theme_rank,True,synthetic_hardfail
qa-hardfail-05186,나스닥 현재 인기 상승 테마 알려줘 #05186,us_theme_rank,True,synthetic_hardfail
qa-hardfail-05187,미국 증시 강세 테마 순위 보여줘 #05187,us_theme_rank,True,synthetic_hardfail
qa-hardfail-05188,nasdaq 상승 섹터 랭킹 #05188,us_theme_rank,True,synthetic_hardfail
qa-hardfail-05189,나스닥 현재 인기 상승 테마 알려줘 #05189,us_theme_rank,True,synthetic_hardfail
qa-hardfail-05190,미국 증시 강세 테마 순위 보여줘 #05190,us_theme_rank,True,synthetic_hardfail
qa-hardfail-05191,nasdaq 상승 섹터 랭킹 #05191,us_theme_rank,True,synthetic_hardfail
qa-hardfail-05192,나스닥 현재 인기 상승 테마 알려줘 #05192,us_theme_rank,True,synthetic_hardfail
qa-hardfail-05193,미국 증시 강세 테마 순위 보여줘 #05193,us_theme_rank,True,synthetic_hardfail
qa-hardfail-05194,nasdaq 상승 섹터 랭킹 #05194,us_theme_rank,True,synthetic_hardfail
qa-hardfail-05195,나스닥 현재 인기 상승 테마 알려줘 #05195,us_theme_rank,True,synthetic_hardfail
qa-hardfail-05196,미국 증시 강세 테마 순위 보여줘 #05196,us_theme_rank,True,synthetic_hardfail
qa-hardfail-05197,nasdaq 상승 섹터 랭킹 #05197,us_theme_rank,True,synthetic_hardfail
qa-hardfail-05198,나스닥 현재 인기 상승 테마 알려줘 #05198,us_theme_rank,True,synthetic_hardfail
qa-hardfail-05199,미국 증시 강세 테마 순위 보여줘 #05199,us_theme_rank,True,synthetic_hardfail
qa-hardfail-05200,nasdaq 상승 섹터 랭킹 #05200,us_theme_rank,True,synthetic_hardfail
qa-hardfail-05201,나스닥 현재 인기 상승 테마 알려줘 #05201,us_theme_rank,True,synthetic_hardfail
qa-hardfail-05202,미국 증시 강세 테마 순위 보여줘 #05202,us_theme_rank,True,synthetic_hardfail
qa-hardfail-05203,nasdaq 상승 섹터 랭킹 #05203,us_theme_rank,True,synthetic_hardfail
qa-hardfail-05204,나스닥 현재 인기 상승 테마 알려줘 #05204,us_theme_rank,True,synthetic_hardfail
qa-hardfail-05205,미국 증시 강세 테마 순위 보여줘 #05205,us_theme_rank,True,synthetic_hardfail
qa-hardfail-05206,nasdaq 상승 섹터 랭킹 #05206,us_theme_rank,True,synthetic_hardfail
qa-hardfail-05207,나스닥 현재 인기 상승 테마 알려줘 #05207,us_theme_rank,True,synthetic_hardfail
qa-hardfail-05208,미국 증시 강세 테마 순위 보여줘 #05208,us_theme_rank,True,synthetic_hardfail
qa-hardfail-05209,nasdaq 상승 섹터 랭킹 #05209,us_theme_rank,True,synthetic_hardfail
qa-hardfail-05210,나스닥 현재 인기 상승 테마 알려줘 #05210,us_theme_rank,True,synthetic_hardfail
qa-hardfail-05211,미국 증시 강세 테마 순위 보여줘 #05211,us_theme_rank,True,synthetic_hardfail
qa-hardfail-05212,nasdaq 상승 섹터 랭킹 #05212,us_theme_rank,True,synthetic_hardfail
qa-hardfail-05213,나스닥 현재 인기 상승 테마 알려줘 #05213,us_theme_rank,True,synthetic_hardfail
qa-hardfail-05214,미국 증시 강세 테마 순위 보여줘 #05214,us_theme_rank,True,synthetic_hardfail
qa-hardfail-05215,nasdaq 상승 섹터 랭킹 #05215,us_theme_rank,True,synthetic_hardfail
qa-hardfail-05216,나스닥 현재 인기 상승 테마 알려줘 #05216,us_theme_rank,True,synthetic_hardfail
qa-hardfail-05217,미국 증시 강세 테마 순위 보여줘 #05217,us_theme_rank,True,synthetic_hardfail
qa-hardfail-05218,nasdaq 상승 섹터 랭킹 #05218,us_theme_rank,True,synthetic_hardfail
qa-hardfail-05219,나스닥 현재 인기 상승 테마 알려줘 #05219,us_theme_rank,True,synthetic_hardfail
qa-hardfail-05220,미국 증시 강세 테마 순위 보여줘 #05220,us_theme_rank,True,synthetic_hardfail
qa-hardfail-05221,nasdaq 상승 섹터 랭킹 #05221,us_theme_rank,True,synthetic_hardfail
qa-hardfail-05222,나스닥 현재 인기 상승 테마 알려줘 #05222,us_theme_rank,True,synthetic_hardfail
qa-hardfail-05223,미국 증시 강세 테마 순위 보여줘 #05223,us_theme_rank,True,synthetic_hardfail
qa-hardfail-05224,nasdaq 상승 섹터 랭킹 #05224,us_theme_rank,True,synthetic_hardfail
qa-hardfail-05225,나스닥 현재 인기 상승 테마 알려줘 #05225,us_theme_rank,True,synthetic_hardfail
qa-hardfail-05226,미국 증시 강세 테마 순위 보여줘 #05226,us_theme_rank,True,synthetic_hardfail
qa-hardfail-05227,nasdaq 상승 섹터 랭킹 #05227,us_theme_rank,True,synthetic_hardfail
qa-hardfail-05228,나스닥 현재 인기 상승 테마 알려줘 #05228,us_theme_rank,True,synthetic_hardfail
qa-hardfail-05229,미국 증시 강세 테마 순위 보여줘 #05229,us_theme_rank,True,synthetic_hardfail
qa-hardfail-05230,nasdaq 상승 섹터 랭킹 #05230,us_theme_rank,True,synthetic_hardfail
qa-hardfail-05231,나스닥 현재 인기 상승 테마 알려줘 #05231,us_theme_rank,True,synthetic_hardfail
qa-hardfail-05232,미국 증시 강세 테마 순위 보여줘 #05232,us_theme_rank,True,synthetic_hardfail
qa-hardfail-05233,nasdaq 상승 섹터 랭킹 #05233,us_theme_rank,True,synthetic_hardfail
qa-hardfail-05234,나스닥 현재 인기 상승 테마 알려줘 #05234,us_theme_rank,True,synthetic_hardfail
qa-hardfail-05235,미국 증시 강세 테마 순위 보여줘 #05235,us_theme_rank,True,synthetic_hardfail
qa-hardfail-05236,nasdaq 상승 섹터 랭킹 #05236,us_theme_rank,True,synthetic_hardfail
qa-hardfail-05237,나스닥 현재 인기 상승 테마 알려줘 #05237,us_theme_rank,True,synthetic_hardfail
qa-hardfail-05238,미국 증시 강세 테마 순위 보여줘 #05238,us_theme_rank,True,synthetic_hardfail
qa-hardfail-05239,nasdaq 상승 섹터 랭킹 #05239,us_theme_rank,True,synthetic_hardfail
qa-hardfail-05240,나스닥 현재 인기 상승 테마 알려줘 #05240,us_theme_rank,True,synthetic_hardfail
qa-hardfail-05241,미국 증시 강세 테마 순위 보여줘 #05241,us_theme_rank,True,synthetic_hardfail
qa-hardfail-05242,nasdaq 상승 섹터 랭킹 #05242,us_theme_rank,True,synthetic_hardfail
qa-hardfail-05243,나스닥 현재 인기 상승 테마 알려줘 #05243,us_theme_rank,True,synthetic_hardfail
qa-hardfail-05244,미국 증시 강세 테마 순위 보여줘 #05244,us_theme_rank,True,synthetic_hardfail
qa-hardfail-05245,nasdaq 상승 섹터 랭킹 #05245,us_theme_rank,True,synthetic_hardfail
qa-hardfail-05246,나스닥 현재 인기 상승 테마 알려줘 #05246,us_theme_rank,True,synthetic_hardfail
qa-hardfail-05247,미국 증시 강세 테마 순위 보여줘 #05247,us_theme_rank,True,synthetic_hardfail
qa-hardfail-05248,nasdaq 상승 섹터 랭킹 #05248,us_theme_rank,True,synthetic_hardfail
qa-hardfail-05249,나스닥 현재 인기 상승 테마 알려줘 #05249,us_theme_rank,True,synthetic_hardfail
qa-hardfail-05250,미국 증시 강세 테마 순위 보여줘 #05250,us_theme_rank,True,synthetic_hardfail
qa-hardfail-05251,nasdaq 상승 섹터 랭킹 #05251,us_theme_rank,True,synthetic_hardfail
qa-hardfail-05252,나스닥 현재 인기 상승 테마 알려줘 #05252,us_theme_rank,True,synthetic_hardfail
qa-hardfail-05253,미국 증시 강세 테마 순위 보여줘 #05253,us_theme_rank,True,synthetic_hardfail
qa-hardfail-05254,nasdaq 상승 섹터 랭킹 #05254,us_theme_rank,True,synthetic_hardfail
qa-hardfail-05255,나스닥 현재 인기 상승 테마 알려줘 #05255,us_theme_rank,True,synthetic_hardfail
qa-hardfail-05256,미국 증시 강세 테마 순위 보여줘 #05256,us_theme_rank,True,synthetic_hardfail
qa-hardfail-05257,nasdaq 상승 섹터 랭킹 #05257,us_theme_rank,True,synthetic_hardfail
qa-hardfail-05258,나스닥 현재 인기 상승 테마 알려줘 #05258,us_theme_rank,True,synthetic_hardfail
qa-hardfail-05259,미국 증시 강세 테마 순위 보여줘 #05259,us_theme_rank,True,synthetic_hardfail
qa-hardfail-05260,nasdaq 상승 섹터 랭킹 #05260,us_theme_rank,True,synthetic_hardfail
qa-hardfail-05261,나스닥 현재 인기 상승 테마 알려줘 #05261,us_theme_rank,True,synthetic_hardfail
qa-hardfail-05262,미국 증시 강세 테마 순위 보여줘 #05262,us_theme_rank,True,synthetic_hardfail
qa-hardfail-05263,nasdaq 상승 섹터 랭킹 #05263,us_theme_rank,True,synthetic_hardfail
qa-hardfail-05264,나스닥 현재 인기 상승 테마 알려줘 #05264,us_theme_rank,True,synthetic_hardfail
qa-hardfail-05265,미국 증시 강세 테마 순위 보여줘 #05265,us_theme_rank,True,synthetic_hardfail
qa-hardfail-05266,nasdaq 상승 섹터 랭킹 #05266,us_theme_rank,True,synthetic_hardfail
qa-hardfail-05267,나스닥 현재 인기 상승 테마 알려줘 #05267,us_theme_rank,True,synthetic_hardfail
qa-hardfail-05268,미국 증시 강세 테마 순위 보여줘 #05268,us_theme_rank,True,synthetic_hardfail
qa-hardfail-05269,nasdaq 상승 섹터 랭킹 #05269,us_theme_rank,True,synthetic_hardfail
qa-hardfail-05270,나스닥 현재 인기 상승 테마 알려줘 #05270,us_theme_rank,True,synthetic_hardfail
qa-hardfail-05271,미국 증시 강세 테마 순위 보여줘 #05271,us_theme_rank,True,synthetic_hardfail
qa-hardfail-05272,nasdaq 상승 섹터 랭킹 #05272,us_theme_rank,True,synthetic_hardfail
qa-hardfail-05273,나스닥 현재 인기 상승 테마 알려줘 #05273,us_theme_rank,True,synthetic_hardfail
qa-hardfail-05274,미국 증시 강세 테마 순위 보여줘 #05274,us_theme_rank,True,synthetic_hardfail
qa-hardfail-05275,nasdaq 상승 섹터 랭킹 #05275,us_theme_rank,True,synthetic_hardfail
qa-hardfail-05276,나스닥 현재 인기 상승 테마 알려줘 #05276,us_theme_rank,True,synthetic_hardfail
qa-hardfail-05277,미국 증시 강세 테마 순위 보여줘 #05277,us_theme_rank,True,synthetic_hardfail
qa-hardfail-05278,nasdaq 상승 섹터 랭킹 #05278,us_theme_rank,True,synthetic_hardfail
qa-hardfail-05279,나스닥 현재 인기 상승 테마 알려줘 #05279,us_theme_rank,True,synthetic_hardfail
qa-hardfail-05280,미국 증시 강세 테마 순위 보여줘 #05280,us_theme_rank,True,synthetic_hardfail
qa-hardfail-05281,nasdaq 상승 섹터 랭킹 #05281,us_theme_rank,True,synthetic_hardfail
qa-hardfail-05282,나스닥 현재 인기 상승 테마 알려줘 #05282,us_theme_rank,True,synthetic_hardfail
qa-hardfail-05283,미국 증시 강세 테마 순위 보여줘 #05283,us_theme_rank,True,synthetic_hardfail
qa-hardfail-05284,nasdaq 상승 섹터 랭킹 #05284,us_theme_rank,True,synthetic_hardfail
qa-hardfail-05285,나스닥 현재 인기 상승 테마 알려줘 #05285,us_theme_rank,True,synthetic_hardfail
qa-hardfail-05286,미국 증시 강세 테마 순위 보여줘 #05286,us_theme_rank,True,synthetic_hardfail
qa-hardfail-05287,nasdaq 상승 섹터 랭킹 #05287,us_theme_rank,True,synthetic_hardfail
qa-hardfail-05288,나스닥 현재 인기 상승 테마 알려줘 #05288,us_theme_rank,True,synthetic_hardfail
qa-hardfail-05289,미국 증시 강세 테마 순위 보여줘 #05289,us_theme_rank,True,synthetic_hardfail
qa-hardfail-05290,nasdaq 상승 섹터 랭킹 #05290,us_theme_rank,True,synthetic_hardfail
qa-hardfail-05291,나스닥 현재 인기 상승 테마 알려줘 #05291,us_theme_rank,True,synthetic_hardfail
qa-hardfail-05292,미국 증시 강세 테마 순위 보여줘 #05292,us_theme_rank,True,synthetic_hardfail
qa-hardfail-05293,nasdaq 상승 섹터 랭킹 #05293,us_theme_rank,True,synthetic_hardfail
qa-hardfail-05294,나스닥 현재 인기 상승 테마 알려줘 #05294,us_theme_rank,True,synthetic_hardfail
qa-hardfail-05295,미국 증시 강세 테마 순위 보여줘 #05295,us_theme_rank,True,synthetic_hardfail
qa-hardfail-05296,nasdaq 상승 섹터 랭킹 #05296,us_theme_rank,True,synthetic_hardfail
qa-hardfail-05297,나스닥 현재 인기 상승 테마 알려줘 #05297,us_theme_rank,True,synthetic_hardfail
qa-hardfail-05298,미국 증시 강세 테마 순위 보여줘 #05298,us_theme_rank,True,synthetic_hardfail
qa-hardfail-05299,nasdaq 상승 섹터 랭킹 #05299,us_theme_rank,True,synthetic_hardfail
qa-hardfail-05300,나스닥 현재 인기 상승 테마 알려줘 #05300,us_theme_rank,True,synthetic_hardfail
qa-hardfail-05301,미국 증시 강세 테마 순위 보여줘 #05301,us_theme_rank,True,synthetic_hardfail
qa-hardfail-05302,nasdaq 상승 섹터 랭킹 #05302,us_theme_rank,True,synthetic_hardfail
qa-hardfail-05303,나스닥 현재 인기 상승 테마 알려줘 #05303,us_theme_rank,True,synthetic_hardfail
qa-hardfail-05304,미국 증시 강세 테마 순위 보여줘 #05304,us_theme_rank,True,synthetic_hardfail
qa-hardfail-05305,nasdaq 상승 섹터 랭킹 #05305,us_theme_rank,True,synthetic_hardfail
qa-hardfail-05306,나스닥 현재 인기 상승 테마 알려줘 #05306,us_theme_rank,True,synthetic_hardfail
qa-hardfail-05307,미국 증시 강세 테마 순위 보여줘 #05307,us_theme_rank,True,synthetic_hardfail
qa-hardfail-05308,nasdaq 상승 섹터 랭킹 #05308,us_theme_rank,True,synthetic_hardfail
qa-hardfail-05309,나스닥 현재 인기 상승 테마 알려줘 #05309,us_theme_rank,True,synthetic_hardfail
qa-hardfail-05310,미국 증시 강세 테마 순위 보여줘 #05310,us_theme_rank,True,synthetic_hardfail
qa-hardfail-05311,nasdaq 상승 섹터 랭킹 #05311,us_theme_rank,True,synthetic_hardfail
qa-hardfail-05312,나스닥 현재 인기 상승 테마 알려줘 #05312,us_theme_rank,True,synthetic_hardfail
qa-hardfail-05313,미국 증시 강세 테마 순위 보여줘 #05313,us_theme_rank,True,synthetic_hardfail
qa-hardfail-05314,nasdaq 상승 섹터 랭킹 #05314,us_theme_rank,True,synthetic_hardfail
qa-hardfail-05315,나스닥 현재 인기 상승 테마 알려줘 #05315,us_theme_rank,True,synthetic_hardfail
qa-hardfail-05316,미국 증시 강세 테마 순위 보여줘 #05316,us_theme_rank,True,synthetic_hardfail
qa-hardfail-05317,nasdaq 상승 섹터 랭킹 #05317,us_theme_rank,True,synthetic_hardfail
qa-hardfail-05318,나스닥 현재 인기 상승 테마 알려줘 #05318,us_theme_rank,True,synthetic_hardfail
qa-hardfail-05319,미국 증시 강세 테마 순위 보여줘 #05319,us_theme_rank,True,synthetic_hardfail
qa-hardfail-05320,nasdaq 상승 섹터 랭킹 #05320,us_theme_rank,True,synthetic_hardfail
qa-hardfail-05321,나스닥 현재 인기 상승 테마 알려줘 #05321,us_theme_rank,True,synthetic_hardfail
qa-hardfail-05322,미국 증시 강세 테마 순위 보여줘 #05322,us_theme_rank,True,synthetic_hardfail
qa-hardfail-05323,nasdaq 상승 섹터 랭킹 #05323,us_theme_rank,True,synthetic_hardfail
qa-hardfail-05324,나스닥 현재 인기 상승 테마 알려줘 #05324,us_theme_rank,True,synthetic_hardfail
qa-hardfail-05325,미국 증시 강세 테마 순위 보여줘 #05325,us_theme_rank,True,synthetic_hardfail
qa-hardfail-05326,nasdaq 상승 섹터 랭킹 #05326,us_theme_rank,True,synthetic_hardfail
qa-hardfail-05327,나스닥 현재 인기 상승 테마 알려줘 #05327,us_theme_rank,True,synthetic_hardfail
qa-hardfail-05328,미국 증시 강세 테마 순위 보여줘 #05328,us_theme_rank,True,synthetic_hardfail
qa-hardfail-05329,nasdaq 상승 섹터 랭킹 #05329,us_theme_rank,True,synthetic_hardfail
qa-hardfail-05330,나스닥 현재 인기 상승 테마 알려줘 #05330,us_theme_rank,True,synthetic_hardfail
qa-hardfail-05331,미국 증시 강세 테마 순위 보여줘 #05331,us_theme_rank,True,synthetic_hardfail
qa-hardfail-05332,nasdaq 상승 섹터 랭킹 #05332,us_theme_rank,True,synthetic_hardfail
qa-hardfail-05333,나스닥 현재 인기 상승 테마 알려줘 #05333,us_theme_rank,True,synthetic_hardfail
qa-hardfail-05334,미국 증시 강세 테마 순위 보여줘 #05334,us_theme_rank,True,synthetic_hardfail
qa-hardfail-05335,nasdaq 상승 섹터 랭킹 #05335,us_theme_rank,True,synthetic_hardfail
qa-hardfail-05336,나스닥 현재 인기 상승 테마 알려줘 #05336,us_theme_rank,True,synthetic_hardfail
qa-hardfail-05337,미국 증시 강세 테마 순위 보여줘 #05337,us_theme_rank,True,synthetic_hardfail
qa-hardfail-05338,nasdaq 상승 섹터 랭킹 #05338,us_theme_rank,True,synthetic_hardfail
qa-hardfail-05339,나스닥 현재 인기 상승 테마 알려줘 #05339,us_theme_rank,True,synthetic_hardfail
qa-hardfail-05340,미국 증시 강세 테마 순위 보여줘 #05340,us_theme_rank,True,synthetic_hardfail
qa-hardfail-05341,nasdaq 상승 섹터 랭킹 #05341,us_theme_rank,True,synthetic_hardfail
qa-hardfail-05342,나스닥 현재 인기 상승 테마 알려줘 #05342,us_theme_rank,True,synthetic_hardfail
qa-hardfail-05343,미국 증시 강세 테마 순위 보여줘 #05343,us_theme_rank,True,synthetic_hardfail
qa-hardfail-05344,nasdaq 상승 섹터 랭킹 #05344,us_theme_rank,True,synthetic_hardfail
qa-hardfail-05345,나스닥 현재 인기 상승 테마 알려줘 #05345,us_theme_rank,True,synthetic_hardfail
qa-hardfail-05346,미국 증시 강세 테마 순위 보여줘 #05346,us_theme_rank,True,synthetic_hardfail
qa-hardfail-05347,nasdaq 상승 섹터 랭킹 #05347,us_theme_rank,True,synthetic_hardfail
qa-hardfail-05348,나스닥 현재 인기 상승 테마 알려줘 #05348,us_theme_rank,True,synthetic_hardfail
qa-hardfail-05349,미국 증시 강세 테마 순위 보여줘 #05349,us_theme_rank,True,synthetic_hardfail
qa-hardfail-05350,nasdaq 상승 섹터 랭킹 #05350,us_theme_rank,True,synthetic_hardfail
qa-hardfail-05351,나스닥 현재 인기 상승 테마 알려줘 #05351,us_theme_rank,True,synthetic_hardfail
qa-hardfail-05352,미국 증시 강세 테마 순위 보여줘 #05352,us_theme_rank,True,synthetic_hardfail
qa-hardfail-05353,nasdaq 상승 섹터 랭킹 #05353,us_theme_rank,True,synthetic_hardfail
qa-hardfail-05354,나스닥 현재 인기 상승 테마 알려줘 #05354,us_theme_rank,True,synthetic_hardfail
qa-hardfail-05355,미국 증시 강세 테마 순위 보여줘 #05355,us_theme_rank,True,synthetic_hardfail
qa-hardfail-05356,nasdaq 상승 섹터 랭킹 #05356,us_theme_rank,True,synthetic_hardfail
qa-hardfail-05357,나스닥 현재 인기 상승 테마 알려줘 #05357,us_theme_rank,True,synthetic_hardfail
qa-hardfail-05358,미국 증시 강세 테마 순위 보여줘 #05358,us_theme_rank,True,synthetic_hardfail
qa-hardfail-05359,nasdaq 상승 섹터 랭킹 #05359,us_theme_rank,True,synthetic_hardfail
qa-hardfail-05360,나스닥 현재 인기 상승 테마 알려줘 #05360,us_theme_rank,True,synthetic_hardfail
qa-hardfail-05361,미국 증시 강세 테마 순위 보여줘 #05361,us_theme_rank,True,synthetic_hardfail
qa-hardfail-05362,nasdaq 상승 섹터 랭킹 #05362,us_theme_rank,True,synthetic_hardfail
qa-hardfail-05363,나스닥 현재 인기 상승 테마 알려줘 #05363,us_theme_rank,True,synthetic_hardfail
qa-hardfail-05364,미국 증시 강세 테마 순위 보여줘 #05364,us_theme_rank,True,synthetic_hardfail
qa-hardfail-05365,nasdaq 상승 섹터 랭킹 #05365,us_theme_rank,True,synthetic_hardfail
qa-hardfail-05366,나스닥 현재 인기 상승 테마 알려줘 #05366,us_theme_rank,True,synthetic_hardfail
qa-hardfail-05367,미국 증시 강세 테마 순위 보여줘 #05367,us_theme_rank,True,synthetic_hardfail
qa-hardfail-05368,nasdaq 상승 섹터 랭킹 #05368,us_theme_rank,True,synthetic_hardfail
qa-hardfail-05369,나스닥 현재 인기 상승 테마 알려줘 #05369,us_theme_rank,True,synthetic_hardfail
qa-hardfail-05370,미국 증시 강세 테마 순위 보여줘 #05370,us_theme_rank,True,synthetic_hardfail
qa-hardfail-05371,nasdaq 상승 섹터 랭킹 #05371,us_theme_rank,True,synthetic_hardfail
qa-hardfail-05372,나스닥 현재 인기 상승 테마 알려줘 #05372,us_theme_rank,True,synthetic_hardfail
qa-hardfail-05373,미국 증시 강세 테마 순위 보여줘 #05373,us_theme_rank,True,synthetic_hardfail
qa-hardfail-05374,nasdaq 상승 섹터 랭킹 #05374,us_theme_rank,True,synthetic_hardfail
qa-hardfail-05375,나스닥 현재 인기 상승 테마 알려줘 #05375,us_theme_rank,True,synthetic_hardfail
qa-hardfail-05376,미국 증시 강세 테마 순위 보여줘 #05376,us_theme_rank,True,synthetic_hardfail
qa-hardfail-05377,nasdaq 상승 섹터 랭킹 #05377,us_theme_rank,True,synthetic_hardfail
qa-hardfail-05378,나스닥 현재 인기 상승 테마 알려줘 #05378,us_theme_rank,True,synthetic_hardfail
qa-hardfail-05379,미국 증시 강세 테마 순위 보여줘 #05379,us_theme_rank,True,synthetic_hardfail
qa-hardfail-05380,nasdaq 상승 섹터 랭킹 #05380,us_theme_rank,True,synthetic_hardfail
qa-hardfail-05381,나스닥 현재 인기 상승 테마 알려줘 #05381,us_theme_rank,True,synthetic_hardfail
qa-hardfail-05382,미국 증시 강세 테마 순위 보여줘 #05382,us_theme_rank,True,synthetic_hardfail
qa-hardfail-05383,nasdaq 상승 섹터 랭킹 #05383,us_theme_rank,True,synthetic_hardfail
qa-hardfail-05384,나스닥 현재 인기 상승 테마 알려줘 #05384,us_theme_rank,True,synthetic_hardfail
qa-hardfail-05385,미국 증시 강세 테마 순위 보여줘 #05385,us_theme_rank,True,synthetic_hardfail
qa-hardfail-05386,nasdaq 상승 섹터 랭킹 #05386,us_theme_rank,True,synthetic_hardfail
qa-hardfail-05387,나스닥 현재 인기 상승 테마 알려줘 #05387,us_theme_rank,True,synthetic_hardfail
qa-hardfail-05388,미국 증시 강세 테마 순위 보여줘 #05388,us_theme_rank,True,synthetic_hardfail
qa-hardfail-05389,nasdaq 상승 섹터 랭킹 #05389,us_theme_rank,True,synthetic_hardfail
qa-hardfail-05390,나스닥 현재 인기 상승 테마 알려줘 #05390,us_theme_rank,True,synthetic_hardfail
qa-hardfail-05391,미국 증시 강세 테마 순위 보여줘 #05391,us_theme_rank,True,synthetic_hardfail
qa-hardfail-05392,nasdaq 상승 섹터 랭킹 #05392,us_theme_rank,True,synthetic_hardfail
qa-hardfail-05393,나스닥 현재 인기 상승 테마 알려줘 #05393,us_theme_rank,True,synthetic_hardfail
qa-hardfail-05394,미국 증시 강세 테마 순위 보여줘 #05394,us_theme_rank,True,synthetic_hardfail
qa-hardfail-05395,nasdaq 상승 섹터 랭킹 #05395,us_theme_rank,True,synthetic_hardfail
qa-hardfail-05396,나스닥 현재 인기 상승 테마 알려줘 #05396,us_theme_rank,True,synthetic_hardfail
qa-hardfail-05397,미국 증시 강세 테마 순위 보여줘 #05397,us_theme_rank,True,synthetic_hardfail
qa-hardfail-05398,nasdaq 상승 섹터 랭킹 #05398,us_theme_rank,True,synthetic_hardfail
qa-hardfail-05399,나스닥 현재 인기 상승 테마 알려줘 #05399,us_theme_rank,True,synthetic_hardfail
qa-hardfail-05400,미국 증시 강세 테마 순위 보여줘 #05400,us_theme_rank,True,synthetic_hardfail
qa-hardfail-05401,nasdaq 상승 섹터 랭킹 #05401,us_theme_rank,True,synthetic_hardfail
qa-hardfail-05402,나스닥 현재 인기 상승 테마 알려줘 #05402,us_theme_rank,True,synthetic_hardfail
qa-hardfail-05403,미국 증시 강세 테마 순위 보여줘 #05403,us_theme_rank,True,synthetic_hardfail
qa-hardfail-05404,nasdaq 상승 섹터 랭킹 #05404,us_theme_rank,True,synthetic_hardfail
qa-hardfail-05405,나스닥 현재 인기 상승 테마 알려줘 #05405,us_theme_rank,True,synthetic_hardfail
qa-hardfail-05406,미국 증시 강세 테마 순위 보여줘 #05406,us_theme_rank,True,synthetic_hardfail
qa-hardfail-05407,nasdaq 상승 섹터 랭킹 #05407,us_theme_rank,True,synthetic_hardfail
qa-hardfail-05408,나스닥 현재 인기 상승 테마 알려줘 #05408,us_theme_rank,True,synthetic_hardfail
qa-hardfail-05409,미국 증시 강세 테마 순위 보여줘 #05409,us_theme_rank,True,synthetic_hardfail
qa-hardfail-05410,nasdaq 상승 섹터 랭킹 #05410,us_theme_rank,True,synthetic_hardfail
qa-hardfail-05411,나스닥 현재 인기 상승 테마 알려줘 #05411,us_theme_rank,True,synthetic_hardfail
qa-hardfail-05412,미국 증시 강세 테마 순위 보여줘 #05412,us_theme_rank,True,synthetic_hardfail
qa-hardfail-05413,nasdaq 상승 섹터 랭킹 #05413,us_theme_rank,True,synthetic_hardfail
qa-hardfail-05414,나스닥 현재 인기 상승 테마 알려줘 #05414,us_theme_rank,True,synthetic_hardfail
qa-hardfail-05415,미국 증시 강세 테마 순위 보여줘 #05415,us_theme_rank,True,synthetic_hardfail
qa-hardfail-05416,nasdaq 상승 섹터 랭킹 #05416,us_theme_rank,True,synthetic_hardfail
qa-hardfail-05417,나스닥 현재 인기 상승 테마 알려줘 #05417,us_theme_rank,True,synthetic_hardfail
qa-hardfail-05418,미국 증시 강세 테마 순위 보여줘 #05418,us_theme_rank,True,synthetic_hardfail
qa-hardfail-05419,nasdaq 상승 섹터 랭킹 #05419,us_theme_rank,True,synthetic_hardfail
qa-hardfail-05420,나스닥 현재 인기 상승 테마 알려줘 #05420,us_theme_rank,True,synthetic_hardfail
qa-hardfail-05421,미국 증시 강세 테마 순위 보여줘 #05421,us_theme_rank,True,synthetic_hardfail
qa-hardfail-05422,nasdaq 상승 섹터 랭킹 #05422,us_theme_rank,True,synthetic_hardfail
qa-hardfail-05423,나스닥 현재 인기 상승 테마 알려줘 #05423,us_theme_rank,True,synthetic_hardfail
qa-hardfail-05424,미국 증시 강세 테마 순위 보여줘 #05424,us_theme_rank,True,synthetic_hardfail
qa-hardfail-05425,nasdaq 상승 섹터 랭킹 #05425,us_theme_rank,True,synthetic_hardfail
qa-hardfail-05426,나스닥 현재 인기 상승 테마 알려줘 #05426,us_theme_rank,True,synthetic_hardfail
qa-hardfail-05427,미국 증시 강세 테마 순위 보여줘 #05427,us_theme_rank,True,synthetic_hardfail
qa-hardfail-05428,nasdaq 상승 섹터 랭킹 #05428,us_theme_rank,True,synthetic_hardfail
qa-hardfail-05429,나스닥 현재 인기 상승 테마 알려줘 #05429,us_theme_rank,True,synthetic_hardfail
qa-hardfail-05430,미국 증시 강세 테마 순위 보여줘 #05430,us_theme_rank,True,synthetic_hardfail
qa-hardfail-05431,nasdaq 상승 섹터 랭킹 #05431,us_theme_rank,True,synthetic_hardfail
qa-hardfail-05432,나스닥 현재 인기 상승 테마 알려줘 #05432,us_theme_rank,True,synthetic_hardfail
qa-hardfail-05433,미국 증시 강세 테마 순위 보여줘 #05433,us_theme_rank,True,synthetic_hardfail
qa-hardfail-05434,nasdaq 상승 섹터 랭킹 #05434,us_theme_rank,True,synthetic_hardfail
qa-hardfail-05435,나스닥 현재 인기 상승 테마 알려줘 #05435,us_theme_rank,True,synthetic_hardfail
qa-hardfail-05436,미국 증시 강세 테마 순위 보여줘 #05436,us_theme_rank,True,synthetic_hardfail
qa-hardfail-05437,nasdaq 상승 섹터 랭킹 #05437,us_theme_rank,True,synthetic_hardfail
qa-hardfail-05438,나스닥 현재 인기 상승 테마 알려줘 #05438,us_theme_rank,True,synthetic_hardfail
qa-hardfail-05439,미국 증시 강세 테마 순위 보여줘 #05439,us_theme_rank,True,synthetic_hardfail
qa-hardfail-05440,nasdaq 상승 섹터 랭킹 #05440,us_theme_rank,True,synthetic_hardfail
qa-hardfail-05441,나스닥 현재 인기 상승 테마 알려줘 #05441,us_theme_rank,True,synthetic_hardfail
qa-hardfail-05442,미국 증시 강세 테마 순위 보여줘 #05442,us_theme_rank,True,synthetic_hardfail
qa-hardfail-05443,nasdaq 상승 섹터 랭킹 #05443,us_theme_rank,True,synthetic_hardfail
qa-hardfail-05444,나스닥 현재 인기 상승 테마 알려줘 #05444,us_theme_rank,True,synthetic_hardfail
qa-hardfail-05445,미국 증시 강세 테마 순위 보여줘 #05445,us_theme_rank,True,synthetic_hardfail
qa-hardfail-05446,nasdaq 상승 섹터 랭킹 #05446,us_theme_rank,True,synthetic_hardfail
qa-hardfail-05447,나스닥 현재 인기 상승 테마 알려줘 #05447,us_theme_rank,True,synthetic_hardfail
qa-hardfail-05448,미국 증시 강세 테마 순위 보여줘 #05448,us_theme_rank,True,synthetic_hardfail
qa-hardfail-05449,nasdaq 상승 섹터 랭킹 #05449,us_theme_rank,True,synthetic_hardfail
qa-hardfail-05450,나스닥 현재 인기 상승 테마 알려줘 #05450,us_theme_rank,True,synthetic_hardfail
qa-hardfail-05451,미국 증시 강세 테마 순위 보여줘 #05451,us_theme_rank,True,synthetic_hardfail
qa-hardfail-05452,nasdaq 상승 섹터 랭킹 #05452,us_theme_rank,True,synthetic_hardfail
qa-hardfail-05453,나스닥 현재 인기 상승 테마 알려줘 #05453,us_theme_rank,True,synthetic_hardfail
qa-hardfail-05454,미국 증시 강세 테마 순위 보여줘 #05454,us_theme_rank,True,synthetic_hardfail
qa-hardfail-05455,nasdaq 상승 섹터 랭킹 #05455,us_theme_rank,True,synthetic_hardfail
qa-hardfail-05456,나스닥 현재 인기 상승 테마 알려줘 #05456,us_theme_rank,True,synthetic_hardfail
qa-hardfail-05457,미국 증시 강세 테마 순위 보여줘 #05457,us_theme_rank,True,synthetic_hardfail
qa-hardfail-05458,nasdaq 상승 섹터 랭킹 #05458,us_theme_rank,True,synthetic_hardfail
qa-hardfail-05459,나스닥 현재 인기 상승 테마 알려줘 #05459,us_theme_rank,True,synthetic_hardfail
qa-hardfail-05460,미국 증시 강세 테마 순위 보여줘 #05460,us_theme_rank,True,synthetic_hardfail
qa-hardfail-05461,nasdaq 상승 섹터 랭킹 #05461,us_theme_rank,True,synthetic_hardfail
qa-hardfail-05462,나스닥 현재 인기 상승 테마 알려줘 #05462,us_theme_rank,True,synthetic_hardfail
qa-hardfail-05463,미국 증시 강세 테마 순위 보여줘 #05463,us_theme_rank,True,synthetic_hardfail
qa-hardfail-05464,nasdaq 상승 섹터 랭킹 #05464,us_theme_rank,True,synthetic_hardfail
qa-hardfail-05465,나스닥 현재 인기 상승 테마 알려줘 #05465,us_theme_rank,True,synthetic_hardfail
qa-hardfail-05466,미국 증시 강세 테마 순위 보여줘 #05466,us_theme_rank,True,synthetic_hardfail
qa-hardfail-05467,nasdaq 상승 섹터 랭킹 #05467,us_theme_rank,True,synthetic_hardfail
qa-hardfail-05468,나스닥 현재 인기 상승 테마 알려줘 #05468,us_theme_rank,True,synthetic_hardfail
qa-hardfail-05469,미국 증시 강세 테마 순위 보여줘 #05469,us_theme_rank,True,synthetic_hardfail
qa-hardfail-05470,nasdaq 상승 섹터 랭킹 #05470,us_theme_rank,True,synthetic_hardfail
qa-hardfail-05471,나스닥 현재 인기 상승 테마 알려줘 #05471,us_theme_rank,True,synthetic_hardfail
qa-hardfail-05472,미국 증시 강세 테마 순위 보여줘 #05472,us_theme_rank,True,synthetic_hardfail
qa-hardfail-05473,nasdaq 상승 섹터 랭킹 #05473,us_theme_rank,True,synthetic_hardfail
qa-hardfail-05474,나스닥 현재 인기 상승 테마 알려줘 #05474,us_theme_rank,True,synthetic_hardfail
qa-hardfail-05475,미국 증시 강세 테마 순위 보여줘 #05475,us_theme_rank,True,synthetic_hardfail
qa-hardfail-05476,nasdaq 상승 섹터 랭킹 #05476,us_theme_rank,True,synthetic_hardfail
qa-hardfail-05477,나스닥 현재 인기 상승 테마 알려줘 #05477,us_theme_rank,True,synthetic_hardfail
qa-hardfail-05478,미국 증시 강세 테마 순위 보여줘 #05478,us_theme_rank,True,synthetic_hardfail
qa-hardfail-05479,nasdaq 상승 섹터 랭킹 #05479,us_theme_rank,True,synthetic_hardfail
qa-hardfail-05480,나스닥 현재 인기 상승 테마 알려줘 #05480,us_theme_rank,True,synthetic_hardfail
qa-hardfail-05481,미국 증시 강세 테마 순위 보여줘 #05481,us_theme_rank,True,synthetic_hardfail
qa-hardfail-05482,nasdaq 상승 섹터 랭킹 #05482,us_theme_rank,True,synthetic_hardfail
qa-hardfail-05483,나스닥 현재 인기 상승 테마 알려줘 #05483,us_theme_rank,True,synthetic_hardfail
qa-hardfail-05484,미국 증시 강세 테마 순위 보여줘 #05484,us_theme_rank,True,synthetic_hardfail
qa-hardfail-05485,nasdaq 상승 섹터 랭킹 #05485,us_theme_rank,True,synthetic_hardfail
qa-hardfail-05486,나스닥 현재 인기 상승 테마 알려줘 #05486,us_theme_rank,True,synthetic_hardfail
qa-hardfail-05487,미국 증시 강세 테마 순위 보여줘 #05487,us_theme_rank,True,synthetic_hardfail
qa-hardfail-05488,nasdaq 상승 섹터 랭킹 #05488,us_theme_rank,True,synthetic_hardfail
qa-hardfail-05489,나스닥 현재 인기 상승 테마 알려줘 #05489,us_theme_rank,True,synthetic_hardfail
qa-hardfail-05490,미국 증시 강세 테마 순위 보여줘 #05490,us_theme_rank,True,synthetic_hardfail
qa-hardfail-05491,nasdaq 상승 섹터 랭킹 #05491,us_theme_rank,True,synthetic_hardfail
qa-hardfail-05492,나스닥 현재 인기 상승 테마 알려줘 #05492,us_theme_rank,True,synthetic_hardfail
qa-hardfail-05493,미국 증시 강세 테마 순위 보여줘 #05493,us_theme_rank,True,synthetic_hardfail
qa-hardfail-05494,nasdaq 상승 섹터 랭킹 #05494,us_theme_rank,True,synthetic_hardfail
qa-hardfail-05495,나스닥 현재 인기 상승 테마 알려줘 #05495,us_theme_rank,True,synthetic_hardfail
qa-hardfail-05496,미국 증시 강세 테마 순위 보여줘 #05496,us_theme_rank,True,synthetic_hardfail
qa-hardfail-05497,nasdaq 상승 섹터 랭킹 #05497,us_theme_rank,True,synthetic_hardfail
qa-hardfail-05498,나스닥 현재 인기 상승 테마 알려줘 #05498,us_theme_rank,True,synthetic_hardfail
qa-hardfail-05499,미국 증시 강세 테마 순위 보여줘 #05499,us_theme_rank,True,synthetic_hardfail
qa-hardfail-05500,nasdaq 상승 섹터 랭킹 #05500,us_theme_rank,True,synthetic_hardfail
qa-hardfail-05501,나스닥 현재 인기 상승 테마 알려줘 #05501,us_theme_rank,True,synthetic_hardfail
qa-hardfail-05502,미국 증시 강세 테마 순위 보여줘 #05502,us_theme_rank,True,synthetic_hardfail
qa-hardfail-05503,nasdaq 상승 섹터 랭킹 #05503,us_theme_rank,True,synthetic_hardfail
qa-hardfail-05504,나스닥 현재 인기 상승 테마 알려줘 #05504,us_theme_rank,True,synthetic_hardfail
qa-hardfail-05505,미국 증시 강세 테마 순위 보여줘 #05505,us_theme_rank,True,synthetic_hardfail
qa-hardfail-05506,nasdaq 상승 섹터 랭킹 #05506,us_theme_rank,True,synthetic_hardfail
qa-hardfail-05507,나스닥 현재 인기 상승 테마 알려줘 #05507,us_theme_rank,True,synthetic_hardfail
qa-hardfail-05508,미국 증시 강세 테마 순위 보여줘 #05508,us_theme_rank,True,synthetic_hardfail
qa-hardfail-05509,nasdaq 상승 섹터 랭킹 #05509,us_theme_rank,True,synthetic_hardfail
qa-hardfail-05510,나스닥 현재 인기 상승 테마 알려줘 #05510,us_theme_rank,True,synthetic_hardfail
qa-hardfail-05511,미국 증시 강세 테마 순위 보여줘 #05511,us_theme_rank,True,synthetic_hardfail
qa-hardfail-05512,nasdaq 상승 섹터 랭킹 #05512,us_theme_rank,True,synthetic_hardfail
qa-hardfail-05513,나스닥 현재 인기 상승 테마 알려줘 #05513,us_theme_rank,True,synthetic_hardfail
qa-hardfail-05514,미국 증시 강세 테마 순위 보여줘 #05514,us_theme_rank,True,synthetic_hardfail
qa-hardfail-05515,nasdaq 상승 섹터 랭킹 #05515,us_theme_rank,True,synthetic_hardfail
qa-hardfail-05516,나스닥 현재 인기 상승 테마 알려줘 #05516,us_theme_rank,True,synthetic_hardfail
qa-hardfail-05517,미국 증시 강세 테마 순위 보여줘 #05517,us_theme_rank,True,synthetic_hardfail
qa-hardfail-05518,nasdaq 상승 섹터 랭킹 #05518,us_theme_rank,True,synthetic_hardfail
qa-hardfail-05519,나스닥 현재 인기 상승 테마 알려줘 #05519,us_theme_rank,True,synthetic_hardfail
qa-hardfail-05520,미국 증시 강세 테마 순위 보여줘 #05520,us_theme_rank,True,synthetic_hardfail
qa-hardfail-05521,nasdaq 상승 섹터 랭킹 #05521,us_theme_rank,True,synthetic_hardfail
qa-hardfail-05522,나스닥 현재 인기 상승 테마 알려줘 #05522,us_theme_rank,True,synthetic_hardfail
qa-hardfail-05523,미국 증시 강세 테마 순위 보여줘 #05523,us_theme_rank,True,synthetic_hardfail
qa-hardfail-05524,nasdaq 상승 섹터 랭킹 #05524,us_theme_rank,True,synthetic_hardfail
qa-hardfail-05525,나스닥 현재 인기 상승 테마 알려줘 #05525,us_theme_rank,True,synthetic_hardfail
qa-hardfail-05526,미국 증시 강세 테마 순위 보여줘 #05526,us_theme_rank,True,synthetic_hardfail
qa-hardfail-05527,nasdaq 상승 섹터 랭킹 #05527,us_theme_rank,True,synthetic_hardfail
qa-hardfail-05528,나스닥 현재 인기 상승 테마 알려줘 #05528,us_theme_rank,True,synthetic_hardfail
qa-hardfail-05529,미국 증시 강세 테마 순위 보여줘 #05529,us_theme_rank,True,synthetic_hardfail
qa-hardfail-05530,nasdaq 상승 섹터 랭킹 #05530,us_theme_rank,True,synthetic_hardfail
qa-hardfail-05531,나스닥 현재 인기 상승 테마 알려줘 #05531,us_theme_rank,True,synthetic_hardfail
qa-hardfail-05532,미국 증시 강세 테마 순위 보여줘 #05532,us_theme_rank,True,synthetic_hardfail
qa-hardfail-05533,nasdaq 상승 섹터 랭킹 #05533,us_theme_rank,True,synthetic_hardfail
qa-hardfail-05534,나스닥 현재 인기 상승 테마 알려줘 #05534,us_theme_rank,True,synthetic_hardfail
qa-hardfail-05535,미국 증시 강세 테마 순위 보여줘 #05535,us_theme_rank,True,synthetic_hardfail
qa-hardfail-05536,nasdaq 상승 섹터 랭킹 #05536,us_theme_rank,True,synthetic_hardfail
qa-hardfail-05537,나스닥 현재 인기 상승 테마 알려줘 #05537,us_theme_rank,True,synthetic_hardfail
qa-hardfail-05538,미국 증시 강세 테마 순위 보여줘 #05538,us_theme_rank,True,synthetic_hardfail
qa-hardfail-05539,nasdaq 상승 섹터 랭킹 #05539,us_theme_rank,True,synthetic_hardfail
qa-hardfail-05540,나스닥 현재 인기 상승 테마 알려줘 #05540,us_theme_rank,True,synthetic_hardfail
qa-hardfail-05541,미국 증시 강세 테마 순위 보여줘 #05541,us_theme_rank,True,synthetic_hardfail
qa-hardfail-05542,nasdaq 상승 섹터 랭킹 #05542,us_theme_rank,True,synthetic_hardfail
qa-hardfail-05543,나스닥 현재 인기 상승 테마 알려줘 #05543,us_theme_rank,True,synthetic_hardfail
qa-hardfail-05544,미국 증시 강세 테마 순위 보여줘 #05544,us_theme_rank,True,synthetic_hardfail
qa-hardfail-05545,nasdaq 상승 섹터 랭킹 #05545,us_theme_rank,True,synthetic_hardfail
qa-hardfail-05546,나스닥 현재 인기 상승 테마 알려줘 #05546,us_theme_rank,True,synthetic_hardfail
qa-hardfail-05547,미국 증시 강세 테마 순위 보여줘 #05547,us_theme_rank,True,synthetic_hardfail
qa-hardfail-05548,nasdaq 상승 섹터 랭킹 #05548,us_theme_rank,True,synthetic_hardfail
qa-hardfail-05549,나스닥 현재 인기 상승 테마 알려줘 #05549,us_theme_rank,True,synthetic_hardfail
qa-hardfail-05550,미국 증시 강세 테마 순위 보여줘 #05550,us_theme_rank,True,synthetic_hardfail
qa-hardfail-05551,nasdaq 상승 섹터 랭킹 #05551,us_theme_rank,True,synthetic_hardfail
qa-hardfail-05552,나스닥 현재 인기 상승 테마 알려줘 #05552,us_theme_rank,True,synthetic_hardfail
qa-hardfail-05553,미국 증시 강세 테마 순위 보여줘 #05553,us_theme_rank,True,synthetic_hardfail
qa-hardfail-05554,nasdaq 상승 섹터 랭킹 #05554,us_theme_rank,True,synthetic_hardfail
qa-hardfail-05555,나스닥 현재 인기 상승 테마 알려줘 #05555,us_theme_rank,True,synthetic_hardfail
qa-hardfail-05556,미국 증시 강세 테마 순위 보여줘 #05556,us_theme_rank,True,synthetic_hardfail
qa-hardfail-05557,nasdaq 상승 섹터 랭킹 #05557,us_theme_rank,True,synthetic_hardfail
qa-hardfail-05558,나스닥 현재 인기 상승 테마 알려줘 #05558,us_theme_rank,True,synthetic_hardfail
qa-hardfail-05559,미국 증시 강세 테마 순위 보여줘 #05559,us_theme_rank,True,synthetic_hardfail
qa-hardfail-05560,nasdaq 상승 섹터 랭킹 #05560,us_theme_rank,True,synthetic_hardfail
qa-hardfail-05561,나스닥 현재 인기 상승 테마 알려줘 #05561,us_theme_rank,True,synthetic_hardfail
qa-hardfail-05562,미국 증시 강세 테마 순위 보여줘 #05562,us_theme_rank,True,synthetic_hardfail
qa-hardfail-05563,nasdaq 상승 섹터 랭킹 #05563,us_theme_rank,True,synthetic_hardfail
qa-hardfail-05564,나스닥 현재 인기 상승 테마 알려줘 #05564,us_theme_rank,True,synthetic_hardfail
qa-hardfail-05565,미국 증시 강세 테마 순위 보여줘 #05565,us_theme_rank,True,synthetic_hardfail
qa-hardfail-05566,nasdaq 상승 섹터 랭킹 #05566,us_theme_rank,True,synthetic_hardfail
qa-hardfail-05567,나스닥 현재 인기 상승 테마 알려줘 #05567,us_theme_rank,True,synthetic_hardfail
qa-hardfail-05568,미국 증시 강세 테마 순위 보여줘 #05568,us_theme_rank,True,synthetic_hardfail
qa-hardfail-05569,nasdaq 상승 섹터 랭킹 #05569,us_theme_rank,True,synthetic_hardfail
qa-hardfail-05570,나스닥 현재 인기 상승 테마 알려줘 #05570,us_theme_rank,True,synthetic_hardfail
qa-hardfail-05571,미국 증시 강세 테마 순위 보여줘 #05571,us_theme_rank,True,synthetic_hardfail
qa-hardfail-05572,nasdaq 상승 섹터 랭킹 #05572,us_theme_rank,True,synthetic_hardfail
qa-hardfail-05573,나스닥 현재 인기 상승 테마 알려줘 #05573,us_theme_rank,True,synthetic_hardfail
qa-hardfail-05574,미국 증시 강세 테마 순위 보여줘 #05574,us_theme_rank,True,synthetic_hardfail
qa-hardfail-05575,nasdaq 상승 섹터 랭킹 #05575,us_theme_rank,True,synthetic_hardfail
qa-hardfail-05576,나스닥 현재 인기 상승 테마 알려줘 #05576,us_theme_rank,True,synthetic_hardfail
qa-hardfail-05577,미국 증시 강세 테마 순위 보여줘 #05577,us_theme_rank,True,synthetic_hardfail
qa-hardfail-05578,nasdaq 상승 섹터 랭킹 #05578,us_theme_rank,True,synthetic_hardfail
qa-hardfail-05579,나스닥 현재 인기 상승 테마 알려줘 #05579,us_theme_rank,True,synthetic_hardfail
qa-hardfail-05580,미국 증시 강세 테마 순위 보여줘 #05580,us_theme_rank,True,synthetic_hardfail
qa-hardfail-05581,nasdaq 상승 섹터 랭킹 #05581,us_theme_rank,True,synthetic_hardfail
qa-hardfail-05582,나스닥 현재 인기 상승 테마 알려줘 #05582,us_theme_rank,True,synthetic_hardfail
qa-hardfail-05583,미국 증시 강세 테마 순위 보여줘 #05583,us_theme_rank,True,synthetic_hardfail
qa-hardfail-05584,nasdaq 상승 섹터 랭킹 #05584,us_theme_rank,True,synthetic_hardfail
qa-hardfail-05585,나스닥 현재 인기 상승 테마 알려줘 #05585,us_theme_rank,True,synthetic_hardfail
qa-hardfail-05586,미국 증시 강세 테마 순위 보여줘 #05586,us_theme_rank,True,synthetic_hardfail
qa-hardfail-05587,nasdaq 상승 섹터 랭킹 #05587,us_theme_rank,True,synthetic_hardfail
qa-hardfail-05588,나스닥 현재 인기 상승 테마 알려줘 #05588,us_theme_rank,True,synthetic_hardfail
qa-hardfail-05589,미국 증시 강세 테마 순위 보여줘 #05589,us_theme_rank,True,synthetic_hardfail
qa-hardfail-05590,nasdaq 상승 섹터 랭킹 #05590,us_theme_rank,True,synthetic_hardfail
qa-hardfail-05591,나스닥 현재 인기 상승 테마 알려줘 #05591,us_theme_rank,True,synthetic_hardfail
qa-hardfail-05592,미국 증시 강세 테마 순위 보여줘 #05592,us_theme_rank,True,synthetic_hardfail
qa-hardfail-05593,nasdaq 상승 섹터 랭킹 #05593,us_theme_rank,True,synthetic_hardfail
qa-hardfail-05594,나스닥 현재 인기 상승 테마 알려줘 #05594,us_theme_rank,True,synthetic_hardfail
qa-hardfail-05595,미국 증시 강세 테마 순위 보여줘 #05595,us_theme_rank,True,synthetic_hardfail
qa-hardfail-05596,nasdaq 상승 섹터 랭킹 #05596,us_theme_rank,True,synthetic_hardfail
qa-hardfail-05597,나스닥 현재 인기 상승 테마 알려줘 #05597,us_theme_rank,True,synthetic_hardfail
qa-hardfail-05598,미국 증시 강세 테마 순위 보여줘 #05598,us_theme_rank,True,synthetic_hardfail
qa-hardfail-05599,nasdaq 상승 섹터 랭킹 #05599,us_theme_rank,True,synthetic_hardfail
qa-hardfail-05600,나스닥 현재 인기 상승 테마 알려줘 #05600,us_theme_rank,True,synthetic_hardfail
qa-hardfail-05601,미국 증시 강세 테마 순위 보여줘 #05601,us_theme_rank,True,synthetic_hardfail
qa-hardfail-05602,nasdaq 상승 섹터 랭킹 #05602,us_theme_rank,True,synthetic_hardfail
qa-hardfail-05603,나스닥 현재 인기 상승 테마 알려줘 #05603,us_theme_rank,True,synthetic_hardfail
qa-hardfail-05604,미국 증시 강세 테마 순위 보여줘 #05604,us_theme_rank,True,synthetic_hardfail
qa-hardfail-05605,nasdaq 상승 섹터 랭킹 #05605,us_theme_rank,True,synthetic_hardfail
qa-hardfail-05606,나스닥 현재 인기 상승 테마 알려줘 #05606,us_theme_rank,True,synthetic_hardfail
qa-hardfail-05607,미국 증시 강세 테마 순위 보여줘 #05607,us_theme_rank,True,synthetic_hardfail
qa-hardfail-05608,nasdaq 상승 섹터 랭킹 #05608,us_theme_rank,True,synthetic_hardfail
qa-hardfail-05609,나스닥 현재 인기 상승 테마 알려줘 #05609,us_theme_rank,True,synthetic_hardfail
qa-hardfail-05610,미국 증시 강세 테마 순위 보여줘 #05610,us_theme_rank,True,synthetic_hardfail
qa-hardfail-05611,nasdaq 상승 섹터 랭킹 #05611,us_theme_rank,True,synthetic_hardfail
qa-hardfail-05612,나스닥 현재 인기 상승 테마 알려줘 #05612,us_theme_rank,True,synthetic_hardfail
qa-hardfail-05613,미국 증시 강세 테마 순위 보여줘 #05613,us_theme_rank,True,synthetic_hardfail
qa-hardfail-05614,nasdaq 상승 섹터 랭킹 #05614,us_theme_rank,True,synthetic_hardfail
qa-hardfail-05615,나스닥 현재 인기 상승 테마 알려줘 #05615,us_theme_rank,True,synthetic_hardfail
qa-hardfail-05616,미국 증시 강세 테마 순위 보여줘 #05616,us_theme_rank,True,synthetic_hardfail
qa-hardfail-05617,nasdaq 상승 섹터 랭킹 #05617,us_theme_rank,True,synthetic_hardfail
qa-hardfail-05618,나스닥 현재 인기 상승 테마 알려줘 #05618,us_theme_rank,True,synthetic_hardfail
qa-hardfail-05619,미국 증시 강세 테마 순위 보여줘 #05619,us_theme_rank,True,synthetic_hardfail
qa-hardfail-05620,nasdaq 상승 섹터 랭킹 #05620,us_theme_rank,True,synthetic_hardfail
qa-hardfail-05621,나스닥 현재 인기 상승 테마 알려줘 #05621,us_theme_rank,True,synthetic_hardfail
qa-hardfail-05622,미국 증시 강세 테마 순위 보여줘 #05622,us_theme_rank,True,synthetic_hardfail
qa-hardfail-05623,nasdaq 상승 섹터 랭킹 #05623,us_theme_rank,True,synthetic_hardfail
qa-hardfail-05624,나스닥 현재 인기 상승 테마 알려줘 #05624,us_theme_rank,True,synthetic_hardfail
qa-hardfail-05625,미국 증시 강세 테마 순위 보여줘 #05625,us_theme_rank,True,synthetic_hardfail
qa-hardfail-05626,nasdaq 상승 섹터 랭킹 #05626,us_theme_rank,True,synthetic_hardfail
qa-hardfail-05627,나스닥 현재 인기 상승 테마 알려줘 #05627,us_theme_rank,True,synthetic_hardfail
qa-hardfail-05628,미국 증시 강세 테마 순위 보여줘 #05628,us_theme_rank,True,synthetic_hardfail
qa-hardfail-05629,nasdaq 상승 섹터 랭킹 #05629,us_theme_rank,True,synthetic_hardfail
qa-hardfail-05630,나스닥 현재 인기 상승 테마 알려줘 #05630,us_theme_rank,True,synthetic_hardfail
qa-hardfail-05631,미국 증시 강세 테마 순위 보여줘 #05631,us_theme_rank,True,synthetic_hardfail
qa-hardfail-05632,nasdaq 상승 섹터 랭킹 #05632,us_theme_rank,True,synthetic_hardfail
qa-hardfail-05633,나스닥 현재 인기 상승 테마 알려줘 #05633,us_theme_rank,True,synthetic_hardfail
qa-hardfail-05634,미국 증시 강세 테마 순위 보여줘 #05634,us_theme_rank,True,synthetic_hardfail
qa-hardfail-05635,nasdaq 상승 섹터 랭킹 #05635,us_theme_rank,True,synthetic_hardfail
qa-hardfail-05636,나스닥 현재 인기 상승 테마 알려줘 #05636,us_theme_rank,True,synthetic_hardfail
qa-hardfail-05637,미국 증시 강세 테마 순위 보여줘 #05637,us_theme_rank,True,synthetic_hardfail
qa-hardfail-05638,nasdaq 상승 섹터 랭킹 #05638,us_theme_rank,True,synthetic_hardfail
qa-hardfail-05639,나스닥 현재 인기 상승 테마 알려줘 #05639,us_theme_rank,True,synthetic_hardfail
qa-hardfail-05640,미국 증시 강세 테마 순위 보여줘 #05640,us_theme_rank,True,synthetic_hardfail
qa-hardfail-05641,nasdaq 상승 섹터 랭킹 #05641,us_theme_rank,True,synthetic_hardfail
qa-hardfail-05642,나스닥 현재 인기 상승 테마 알려줘 #05642,us_theme_rank,True,synthetic_hardfail
qa-hardfail-05643,미국 증시 강세 테마 순위 보여줘 #05643,us_theme_rank,True,synthetic_hardfail
qa-hardfail-05644,nasdaq 상승 섹터 랭킹 #05644,us_theme_rank,True,synthetic_hardfail
qa-hardfail-05645,나스닥 현재 인기 상승 테마 알려줘 #05645,us_theme_rank,True,synthetic_hardfail
qa-hardfail-05646,미국 증시 강세 테마 순위 보여줘 #05646,us_theme_rank,True,synthetic_hardfail
qa-hardfail-05647,nasdaq 상승 섹터 랭킹 #05647,us_theme_rank,True,synthetic_hardfail
qa-hardfail-05648,나스닥 현재 인기 상승 테마 알려줘 #05648,us_theme_rank,True,synthetic_hardfail
qa-hardfail-05649,미국 증시 강세 테마 순위 보여줘 #05649,us_theme_rank,True,synthetic_hardfail
qa-hardfail-05650,nasdaq 상승 섹터 랭킹 #05650,us_theme_rank,True,synthetic_hardfail
qa-hardfail-05651,나스닥 현재 인기 상승 테마 알려줘 #05651,us_theme_rank,True,synthetic_hardfail
qa-hardfail-05652,미국 증시 강세 테마 순위 보여줘 #05652,us_theme_rank,True,synthetic_hardfail
qa-hardfail-05653,nasdaq 상승 섹터 랭킹 #05653,us_theme_rank,True,synthetic_hardfail
qa-hardfail-05654,나스닥 현재 인기 상승 테마 알려줘 #05654,us_theme_rank,True,synthetic_hardfail
qa-hardfail-05655,미국 증시 강세 테마 순위 보여줘 #05655,us_theme_rank,True,synthetic_hardfail
qa-hardfail-05656,nasdaq 상승 섹터 랭킹 #05656,us_theme_rank,True,synthetic_hardfail
qa-hardfail-05657,나스닥 현재 인기 상승 테마 알려줘 #05657,us_theme_rank,True,synthetic_hardfail
qa-hardfail-05658,미국 증시 강세 테마 순위 보여줘 #05658,us_theme_rank,True,synthetic_hardfail
qa-hardfail-05659,nasdaq 상승 섹터 랭킹 #05659,us_theme_rank,True,synthetic_hardfail
qa-hardfail-05660,나스닥 현재 인기 상승 테마 알려줘 #05660,us_theme_rank,True,synthetic_hardfail
qa-hardfail-05661,미국 증시 강세 테마 순위 보여줘 #05661,us_theme_rank,True,synthetic_hardfail
qa-hardfail-05662,nasdaq 상승 섹터 랭킹 #05662,us_theme_rank,True,synthetic_hardfail
qa-hardfail-05663,나스닥 현재 인기 상승 테마 알려줘 #05663,us_theme_rank,True,synthetic_hardfail
qa-hardfail-05664,미국 증시 강세 테마 순위 보여줘 #05664,us_theme_rank,True,synthetic_hardfail
qa-hardfail-05665,nasdaq 상승 섹터 랭킹 #05665,us_theme_rank,True,synthetic_hardfail
qa-hardfail-05666,나스닥 현재 인기 상승 테마 알려줘 #05666,us_theme_rank,True,synthetic_hardfail
qa-hardfail-05667,미국 증시 강세 테마 순위 보여줘 #05667,us_theme_rank,True,synthetic_hardfail
qa-hardfail-05668,nasdaq 상승 섹터 랭킹 #05668,us_theme_rank,True,synthetic_hardfail
qa-hardfail-05669,나스닥 현재 인기 상승 테마 알려줘 #05669,us_theme_rank,True,synthetic_hardfail
qa-hardfail-05670,미국 증시 강세 테마 순위 보여줘 #05670,us_theme_rank,True,synthetic_hardfail
qa-hardfail-05671,nasdaq 상승 섹터 랭킹 #05671,us_theme_rank,True,synthetic_hardfail
qa-hardfail-05672,나스닥 현재 인기 상승 테마 알려줘 #05672,us_theme_rank,True,synthetic_hardfail
qa-hardfail-05673,미국 증시 강세 테마 순위 보여줘 #05673,us_theme_rank,True,synthetic_hardfail
qa-hardfail-05674,nasdaq 상승 섹터 랭킹 #05674,us_theme_rank,True,synthetic_hardfail
qa-hardfail-05675,나스닥 현재 인기 상승 테마 알려줘 #05675,us_theme_rank,True,synthetic_hardfail
qa-hardfail-05676,미국 증시 강세 테마 순위 보여줘 #05676,us_theme_rank,True,synthetic_hardfail
qa-hardfail-05677,nasdaq 상승 섹터 랭킹 #05677,us_theme_rank,True,synthetic_hardfail
qa-hardfail-05678,나스닥 현재 인기 상승 테마 알려줘 #05678,us_theme_rank,True,synthetic_hardfail
qa-hardfail-05679,미국 증시 강세 테마 순위 보여줘 #05679,us_theme_rank,True,synthetic_hardfail
qa-hardfail-05680,nasdaq 상승 섹터 랭킹 #05680,us_theme_rank,True,synthetic_hardfail
qa-hardfail-05681,나스닥 현재 인기 상승 테마 알려줘 #05681,us_theme_rank,True,synthetic_hardfail
qa-hardfail-05682,미국 증시 강세 테마 순위 보여줘 #05682,us_theme_rank,True,synthetic_hardfail
qa-hardfail-05683,nasdaq 상승 섹터 랭킹 #05683,us_theme_rank,True,synthetic_hardfail
qa-hardfail-05684,나스닥 현재 인기 상승 테마 알려줘 #05684,us_theme_rank,True,synthetic_hardfail
qa-hardfail-05685,미국 증시 강세 테마 순위 보여줘 #05685,us_theme_rank,True,synthetic_hardfail
qa-hardfail-05686,nasdaq 상승 섹터 랭킹 #05686,us_theme_rank,True,synthetic_hardfail
qa-hardfail-05687,나스닥 현재 인기 상승 테마 알려줘 #05687,us_theme_rank,True,synthetic_hardfail
qa-hardfail-05688,미국 증시 강세 테마 순위 보여줘 #05688,us_theme_rank,True,synthetic_hardfail
qa-hardfail-05689,nasdaq 상승 섹터 랭킹 #05689,us_theme_rank,True,synthetic_hardfail
qa-hardfail-05690,나스닥 현재 인기 상승 테마 알려줘 #05690,us_theme_rank,True,synthetic_hardfail
qa-hardfail-05691,미국 증시 강세 테마 순위 보여줘 #05691,us_theme_rank,True,synthetic_hardfail
qa-hardfail-05692,nasdaq 상승 섹터 랭킹 #05692,us_theme_rank,True,synthetic_hardfail
qa-hardfail-05693,나스닥 현재 인기 상승 테마 알려줘 #05693,us_theme_rank,True,synthetic_hardfail
qa-hardfail-05694,미국 증시 강세 테마 순위 보여줘 #05694,us_theme_rank,True,synthetic_hardfail
qa-hardfail-05695,nasdaq 상승 섹터 랭킹 #05695,us_theme_rank,True,synthetic_hardfail
qa-hardfail-05696,나스닥 현재 인기 상승 테마 알려줘 #05696,us_theme_rank,True,synthetic_hardfail
qa-hardfail-05697,미국 증시 강세 테마 순위 보여줘 #05697,us_theme_rank,True,synthetic_hardfail
qa-hardfail-05698,nasdaq 상승 섹터 랭킹 #05698,us_theme_rank,True,synthetic_hardfail
qa-hardfail-05699,나스닥 현재 인기 상승 테마 알려줘 #05699,us_theme_rank,True,synthetic_hardfail
qa-hardfail-05700,미국 증시 강세 테마 순위 보여줘 #05700,us_theme_rank,True,synthetic_hardfail
qa-hardfail-05701,nasdaq 상승 섹터 랭킹 #05701,us_theme_rank,True,synthetic_hardfail
qa-hardfail-05702,나스닥 현재 인기 상승 테마 알려줘 #05702,us_theme_rank,True,synthetic_hardfail
qa-hardfail-05703,미국 증시 강세 테마 순위 보여줘 #05703,us_theme_rank,True,synthetic_hardfail
qa-hardfail-05704,nasdaq 상승 섹터 랭킹 #05704,us_theme_rank,True,synthetic_hardfail
qa-hardfail-05705,나스닥 현재 인기 상승 테마 알려줘 #05705,us_theme_rank,True,synthetic_hardfail
qa-hardfail-05706,미국 증시 강세 테마 순위 보여줘 #05706,us_theme_rank,True,synthetic_hardfail
qa-hardfail-05707,nasdaq 상승 섹터 랭킹 #05707,us_theme_rank,True,synthetic_hardfail
qa-hardfail-05708,나스닥 현재 인기 상승 테마 알려줘 #05708,us_theme_rank,True,synthetic_hardfail
qa-hardfail-05709,미국 증시 강세 테마 순위 보여줘 #05709,us_theme_rank,True,synthetic_hardfail
qa-hardfail-05710,nasdaq 상승 섹터 랭킹 #05710,us_theme_rank,True,synthetic_hardfail
qa-hardfail-05711,나스닥 현재 인기 상승 테마 알려줘 #05711,us_theme_rank,True,synthetic_hardfail
qa-hardfail-05712,미국 증시 강세 테마 순위 보여줘 #05712,us_theme_rank,True,synthetic_hardfail
qa-hardfail-05713,nasdaq 상승 섹터 랭킹 #05713,us_theme_rank,True,synthetic_hardfail
qa-hardfail-05714,나스닥 현재 인기 상승 테마 알려줘 #05714,us_theme_rank,True,synthetic_hardfail
qa-hardfail-05715,미국 증시 강세 테마 순위 보여줘 #05715,us_theme_rank,True,synthetic_hardfail
qa-hardfail-05716,nasdaq 상승 섹터 랭킹 #05716,us_theme_rank,True,synthetic_hardfail
qa-hardfail-05717,나스닥 현재 인기 상승 테마 알려줘 #05717,us_theme_rank,True,synthetic_hardfail
qa-hardfail-05718,미국 증시 강세 테마 순위 보여줘 #05718,us_theme_rank,True,synthetic_hardfail
qa-hardfail-05719,nasdaq 상승 섹터 랭킹 #05719,us_theme_rank,True,synthetic_hardfail
qa-hardfail-05720,나스닥 현재 인기 상승 테마 알려줘 #05720,us_theme_rank,True,synthetic_hardfail
qa-hardfail-05721,미국 증시 강세 테마 순위 보여줘 #05721,us_theme_rank,True,synthetic_hardfail
qa-hardfail-05722,nasdaq 상승 섹터 랭킹 #05722,us_theme_rank,True,synthetic_hardfail
qa-hardfail-05723,나스닥 현재 인기 상승 테마 알려줘 #05723,us_theme_rank,True,synthetic_hardfail
qa-hardfail-05724,미국 증시 강세 테마 순위 보여줘 #05724,us_theme_rank,True,synthetic_hardfail
qa-hardfail-05725,nasdaq 상승 섹터 랭킹 #05725,us_theme_rank,True,synthetic_hardfail
qa-hardfail-05726,나스닥 현재 인기 상승 테마 알려줘 #05726,us_theme_rank,True,synthetic_hardfail
qa-hardfail-05727,미국 증시 강세 테마 순위 보여줘 #05727,us_theme_rank,True,synthetic_hardfail
qa-hardfail-05728,nasdaq 상승 섹터 랭킹 #05728,us_theme_rank,True,synthetic_hardfail
qa-hardfail-05729,나스닥 현재 인기 상승 테마 알려줘 #05729,us_theme_rank,True,synthetic_hardfail
qa-hardfail-05730,미국 증시 강세 테마 순위 보여줘 #05730,us_theme_rank,True,synthetic_hardfail
qa-hardfail-05731,nasdaq 상승 섹터 랭킹 #05731,us_theme_rank,True,synthetic_hardfail
qa-hardfail-05732,나스닥 현재 인기 상승 테마 알려줘 #05732,us_theme_rank,True,synthetic_hardfail
qa-hardfail-05733,미국 증시 강세 테마 순위 보여줘 #05733,us_theme_rank,True,synthetic_hardfail
qa-hardfail-05734,nasdaq 상승 섹터 랭킹 #05734,us_theme_rank,True,synthetic_hardfail
qa-hardfail-05735,나스닥 현재 인기 상승 테마 알려줘 #05735,us_theme_rank,True,synthetic_hardfail
qa-hardfail-05736,미국 증시 강세 테마 순위 보여줘 #05736,us_theme_rank,True,synthetic_hardfail
qa-hardfail-05737,nasdaq 상승 섹터 랭킹 #05737,us_theme_rank,True,synthetic_hardfail
qa-hardfail-05738,나스닥 현재 인기 상승 테마 알려줘 #05738,us_theme_rank,True,synthetic_hardfail
qa-hardfail-05739,미국 증시 강세 테마 순위 보여줘 #05739,us_theme_rank,True,synthetic_hardfail
qa-hardfail-05740,nasdaq 상승 섹터 랭킹 #05740,us_theme_rank,True,synthetic_hardfail
qa-hardfail-05741,나스닥 현재 인기 상승 테마 알려줘 #05741,us_theme_rank,True,synthetic_hardfail
qa-hardfail-05742,미국 증시 강세 테마 순위 보여줘 #05742,us_theme_rank,True,synthetic_hardfail
qa-hardfail-05743,nasdaq 상승 섹터 랭킹 #05743,us_theme_rank,True,synthetic_hardfail
qa-hardfail-05744,나스닥 현재 인기 상승 테마 알려줘 #05744,us_theme_rank,True,synthetic_hardfail
qa-hardfail-05745,미국 증시 강세 테마 순위 보여줘 #05745,us_theme_rank,True,synthetic_hardfail
qa-hardfail-05746,nasdaq 상승 섹터 랭킹 #05746,us_theme_rank,True,synthetic_hardfail
qa-hardfail-05747,나스닥 현재 인기 상승 테마 알려줘 #05747,us_theme_rank,True,synthetic_hardfail
qa-hardfail-05748,미국 증시 강세 테마 순위 보여줘 #05748,us_theme_rank,True,synthetic_hardfail
qa-hardfail-05749,nasdaq 상승 섹터 랭킹 #05749,us_theme_rank,True,synthetic_hardfail
qa-hardfail-05750,나스닥 현재 인기 상승 테마 알려줘 #05750,us_theme_rank,True,synthetic_hardfail
qa-hardfail-05751,미국 증시 강세 테마 순위 보여줘 #05751,us_theme_rank,True,synthetic_hardfail
qa-hardfail-05752,nasdaq 상승 섹터 랭킹 #05752,us_theme_rank,True,synthetic_hardfail
qa-hardfail-05753,나스닥 현재 인기 상승 테마 알려줘 #05753,us_theme_rank,True,synthetic_hardfail
qa-hardfail-05754,미국 증시 강세 테마 순위 보여줘 #05754,us_theme_rank,True,synthetic_hardfail
qa-hardfail-05755,nasdaq 상승 섹터 랭킹 #05755,us_theme_rank,True,synthetic_hardfail
qa-hardfail-05756,나스닥 현재 인기 상승 테마 알려줘 #05756,us_theme_rank,True,synthetic_hardfail
qa-hardfail-05757,미국 증시 강세 테마 순위 보여줘 #05757,us_theme_rank,True,synthetic_hardfail
qa-hardfail-05758,nasdaq 상승 섹터 랭킹 #05758,us_theme_rank,True,synthetic_hardfail
qa-hardfail-05759,나스닥 현재 인기 상승 테마 알려줘 #05759,us_theme_rank,True,synthetic_hardfail
qa-hardfail-05760,미국 증시 강세 테마 순위 보여줘 #05760,us_theme_rank,True,synthetic_hardfail
qa-hardfail-05761,nasdaq 상승 섹터 랭킹 #05761,us_theme_rank,True,synthetic_hardfail
qa-hardfail-05762,나스닥 현재 인기 상승 테마 알려줘 #05762,us_theme_rank,True,synthetic_hardfail
qa-hardfail-05763,미국 증시 강세 테마 순위 보여줘 #05763,us_theme_rank,True,synthetic_hardfail
qa-hardfail-05764,nasdaq 상승 섹터 랭킹 #05764,us_theme_rank,True,synthetic_hardfail
qa-hardfail-05765,나스닥 현재 인기 상승 테마 알려줘 #05765,us_theme_rank,True,synthetic_hardfail
qa-hardfail-05766,미국 증시 강세 테마 순위 보여줘 #05766,us_theme_rank,True,synthetic_hardfail
qa-hardfail-05767,nasdaq 상승 섹터 랭킹 #05767,us_theme_rank,True,synthetic_hardfail
qa-hardfail-05768,나스닥 현재 인기 상승 테마 알려줘 #05768,us_theme_rank,True,synthetic_hardfail
qa-hardfail-05769,미국 증시 강세 테마 순위 보여줘 #05769,us_theme_rank,True,synthetic_hardfail
qa-hardfail-05770,nasdaq 상승 섹터 랭킹 #05770,us_theme_rank,True,synthetic_hardfail
qa-hardfail-05771,나스닥 현재 인기 상승 테마 알려줘 #05771,us_theme_rank,True,synthetic_hardfail
qa-hardfail-05772,미국 증시 강세 테마 순위 보여줘 #05772,us_theme_rank,True,synthetic_hardfail
qa-hardfail-05773,nasdaq 상승 섹터 랭킹 #05773,us_theme_rank,True,synthetic_hardfail
qa-hardfail-05774,나스닥 현재 인기 상승 테마 알려줘 #05774,us_theme_rank,True,synthetic_hardfail
qa-hardfail-05775,미국 증시 강세 테마 순위 보여줘 #05775,us_theme_rank,True,synthetic_hardfail
qa-hardfail-05776,nasdaq 상승 섹터 랭킹 #05776,us_theme_rank,True,synthetic_hardfail
qa-hardfail-05777,나스닥 현재 인기 상승 테마 알려줘 #05777,us_theme_rank,True,synthetic_hardfail
qa-hardfail-05778,미국 증시 강세 테마 순위 보여줘 #05778,us_theme_rank,True,synthetic_hardfail
qa-hardfail-05779,nasdaq 상승 섹터 랭킹 #05779,us_theme_rank,True,synthetic_hardfail
qa-hardfail-05780,나스닥 현재 인기 상승 테마 알려줘 #05780,us_theme_rank,True,synthetic_hardfail
qa-hardfail-05781,미국 증시 강세 테마 순위 보여줘 #05781,us_theme_rank,True,synthetic_hardfail
qa-hardfail-05782,nasdaq 상승 섹터 랭킹 #05782,us_theme_rank,True,synthetic_hardfail
qa-hardfail-05783,나스닥 현재 인기 상승 테마 알려줘 #05783,us_theme_rank,True,synthetic_hardfail
qa-hardfail-05784,미국 증시 강세 테마 순위 보여줘 #05784,us_theme_rank,True,synthetic_hardfail
qa-hardfail-05785,nasdaq 상승 섹터 랭킹 #05785,us_theme_rank,True,synthetic_hardfail
qa-hardfail-05786,나스닥 현재 인기 상승 테마 알려줘 #05786,us_theme_rank,True,synthetic_hardfail
qa-hardfail-05787,미국 증시 강세 테마 순위 보여줘 #05787,us_theme_rank,True,synthetic_hardfail
qa-hardfail-05788,nasdaq 상승 섹터 랭킹 #05788,us_theme_rank,True,synthetic_hardfail
qa-hardfail-05789,나스닥 현재 인기 상승 테마 알려줘 #05789,us_theme_rank,True,synthetic_hardfail
qa-hardfail-05790,미국 증시 강세 테마 순위 보여줘 #05790,us_theme_rank,True,synthetic_hardfail
qa-hardfail-05791,nasdaq 상승 섹터 랭킹 #05791,us_theme_rank,True,synthetic_hardfail
qa-hardfail-05792,나스닥 현재 인기 상승 테마 알려줘 #05792,us_theme_rank,True,synthetic_hardfail
qa-hardfail-05793,미국 증시 강세 테마 순위 보여줘 #05793,us_theme_rank,True,synthetic_hardfail
qa-hardfail-05794,nasdaq 상승 섹터 랭킹 #05794,us_theme_rank,True,synthetic_hardfail
qa-hardfail-05795,나스닥 현재 인기 상승 테마 알려줘 #05795,us_theme_rank,True,synthetic_hardfail
qa-hardfail-05796,미국 증시 강세 테마 순위 보여줘 #05796,us_theme_rank,True,synthetic_hardfail
qa-hardfail-05797,nasdaq 상승 섹터 랭킹 #05797,us_theme_rank,True,synthetic_hardfail
qa-hardfail-05798,나스닥 현재 인기 상승 테마 알려줘 #05798,us_theme_rank,True,synthetic_hardfail
qa-hardfail-05799,미국 증시 강세 테마 순위 보여줘 #05799,us_theme_rank,True,synthetic_hardfail
qa-hardfail-05800,nasdaq 상승 섹터 랭킹 #05800,us_theme_rank,True,synthetic_hardfail
qa-hardfail-05801,나스닥 현재 인기 상승 테마 알려줘 #05801,us_theme_rank,True,synthetic_hardfail
qa-hardfail-05802,미국 증시 강세 테마 순위 보여줘 #05802,us_theme_rank,True,synthetic_hardfail
qa-hardfail-05803,nasdaq 상승 섹터 랭킹 #05803,us_theme_rank,True,synthetic_hardfail
qa-hardfail-05804,나스닥 현재 인기 상승 테마 알려줘 #05804,us_theme_rank,True,synthetic_hardfail
qa-hardfail-05805,미국 증시 강세 테마 순위 보여줘 #05805,us_theme_rank,True,synthetic_hardfail
qa-hardfail-05806,nasdaq 상승 섹터 랭킹 #05806,us_theme_rank,True,synthetic_hardfail
qa-hardfail-05807,나스닥 현재 인기 상승 테마 알려줘 #05807,us_theme_rank,True,synthetic_hardfail
qa-hardfail-05808,미국 증시 강세 테마 순위 보여줘 #05808,us_theme_rank,True,synthetic_hardfail
qa-hardfail-05809,nasdaq 상승 섹터 랭킹 #05809,us_theme_rank,True,synthetic_hardfail
qa-hardfail-05810,나스닥 현재 인기 상승 테마 알려줘 #05810,us_theme_rank,True,synthetic_hardfail
qa-hardfail-05811,미국 증시 강세 테마 순위 보여줘 #05811,us_theme_rank,True,synthetic_hardfail
qa-hardfail-05812,nasdaq 상승 섹터 랭킹 #05812,us_theme_rank,True,synthetic_hardfail
qa-hardfail-05813,나스닥 현재 인기 상승 테마 알려줘 #05813,us_theme_rank,True,synthetic_hardfail
qa-hardfail-05814,미국 증시 강세 테마 순위 보여줘 #05814,us_theme_rank,True,synthetic_hardfail
qa-hardfail-05815,nasdaq 상승 섹터 랭킹 #05815,us_theme_rank,True,synthetic_hardfail
qa-hardfail-05816,나스닥 현재 인기 상승 테마 알려줘 #05816,us_theme_rank,True,synthetic_hardfail
qa-hardfail-05817,미국 증시 강세 테마 순위 보여줘 #05817,us_theme_rank,True,synthetic_hardfail
qa-hardfail-05818,nasdaq 상승 섹터 랭킹 #05818,us_theme_rank,True,synthetic_hardfail
qa-hardfail-05819,나스닥 현재 인기 상승 테마 알려줘 #05819,us_theme_rank,True,synthetic_hardfail
qa-hardfail-05820,미국 증시 강세 테마 순위 보여줘 #05820,us_theme_rank,True,synthetic_hardfail
qa-hardfail-05821,nasdaq 상승 섹터 랭킹 #05821,us_theme_rank,True,synthetic_hardfail
qa-hardfail-05822,나스닥 현재 인기 상승 테마 알려줘 #05822,us_theme_rank,True,synthetic_hardfail
qa-hardfail-05823,미국 증시 강세 테마 순위 보여줘 #05823,us_theme_rank,True,synthetic_hardfail
qa-hardfail-05824,nasdaq 상승 섹터 랭킹 #05824,us_theme_rank,True,synthetic_hardfail
qa-hardfail-05825,나스닥 현재 인기 상승 테마 알려줘 #05825,us_theme_rank,True,synthetic_hardfail
qa-hardfail-05826,미국 증시 강세 테마 순위 보여줘 #05826,us_theme_rank,True,synthetic_hardfail
qa-hardfail-05827,nasdaq 상승 섹터 랭킹 #05827,us_theme_rank,True,synthetic_hardfail
qa-hardfail-05828,나스닥 현재 인기 상승 테마 알려줘 #05828,us_theme_rank,True,synthetic_hardfail
qa-hardfail-05829,미국 증시 강세 테마 순위 보여줘 #05829,us_theme_rank,True,synthetic_hardfail
qa-hardfail-05830,nasdaq 상승 섹터 랭킹 #05830,us_theme_rank,True,synthetic_hardfail
qa-hardfail-05831,나스닥 현재 인기 상승 테마 알려줘 #05831,us_theme_rank,True,synthetic_hardfail
qa-hardfail-05832,미국 증시 강세 테마 순위 보여줘 #05832,us_theme_rank,True,synthetic_hardfail
qa-hardfail-05833,nasdaq 상승 섹터 랭킹 #05833,us_theme_rank,True,synthetic_hardfail
qa-hardfail-05834,나스닥 현재 인기 상승 테마 알려줘 #05834,us_theme_rank,True,synthetic_hardfail
qa-hardfail-05835,미국 증시 강세 테마 순위 보여줘 #05835,us_theme_rank,True,synthetic_hardfail
qa-hardfail-05836,nasdaq 상승 섹터 랭킹 #05836,us_theme_rank,True,synthetic_hardfail
qa-hardfail-05837,나스닥 현재 인기 상승 테마 알려줘 #05837,us_theme_rank,True,synthetic_hardfail
qa-hardfail-05838,미국 증시 강세 테마 순위 보여줘 #05838,us_theme_rank,True,synthetic_hardfail
qa-hardfail-05839,nasdaq 상승 섹터 랭킹 #05839,us_theme_rank,True,synthetic_hardfail
qa-hardfail-05840,나스닥 현재 인기 상승 테마 알려줘 #05840,us_theme_rank,True,synthetic_hardfail
qa-hardfail-05841,미국 증시 강세 테마 순위 보여줘 #05841,us_theme_rank,True,synthetic_hardfail
qa-hardfail-05842,nasdaq 상승 섹터 랭킹 #05842,us_theme_rank,True,synthetic_hardfail
qa-hardfail-05843,나스닥 현재 인기 상승 테마 알려줘 #05843,us_theme_rank,True,synthetic_hardfail
qa-hardfail-05844,미국 증시 강세 테마 순위 보여줘 #05844,us_theme_rank,True,synthetic_hardfail
qa-hardfail-05845,nasdaq 상승 섹터 랭킹 #05845,us_theme_rank,True,synthetic_hardfail
qa-hardfail-05846,나스닥 현재 인기 상승 테마 알려줘 #05846,us_theme_rank,True,synthetic_hardfail
qa-hardfail-05847,미국 증시 강세 테마 순위 보여줘 #05847,us_theme_rank,True,synthetic_hardfail
qa-hardfail-05848,nasdaq 상승 섹터 랭킹 #05848,us_theme_rank,True,synthetic_hardfail
qa-hardfail-05849,나스닥 현재 인기 상승 테마 알려줘 #05849,us_theme_rank,True,synthetic_hardfail
qa-hardfail-05850,미국 증시 강세 테마 순위 보여줘 #05850,us_theme_rank,True,synthetic_hardfail
qa-hardfail-05851,nasdaq 상승 섹터 랭킹 #05851,us_theme_rank,True,synthetic_hardfail
qa-hardfail-05852,나스닥 현재 인기 상승 테마 알려줘 #05852,us_theme_rank,True,synthetic_hardfail
qa-hardfail-05853,미국 증시 강세 테마 순위 보여줘 #05853,us_theme_rank,True,synthetic_hardfail
qa-hardfail-05854,nasdaq 상승 섹터 랭킹 #05854,us_theme_rank,True,synthetic_hardfail
qa-hardfail-05855,나스닥 현재 인기 상승 테마 알려줘 #05855,us_theme_rank,True,synthetic_hardfail
qa-hardfail-05856,미국 증시 강세 테마 순위 보여줘 #05856,us_theme_rank,True,synthetic_hardfail
qa-hardfail-05857,nasdaq 상승 섹터 랭킹 #05857,us_theme_rank,True,synthetic_hardfail
qa-hardfail-05858,나스닥 현재 인기 상승 테마 알려줘 #05858,us_theme_rank,True,synthetic_hardfail
qa-hardfail-05859,미국 증시 강세 테마 순위 보여줘 #05859,us_theme_rank,True,synthetic_hardfail
qa-hardfail-05860,nasdaq 상승 섹터 랭킹 #05860,us_theme_rank,True,synthetic_hardfail
qa-hardfail-05861,나스닥 현재 인기 상승 테마 알려줘 #05861,us_theme_rank,True,synthetic_hardfail
qa-hardfail-05862,미국 증시 강세 테마 순위 보여줘 #05862,us_theme_rank,True,synthetic_hardfail
qa-hardfail-05863,nasdaq 상승 섹터 랭킹 #05863,us_theme_rank,True,synthetic_hardfail
qa-hardfail-05864,나스닥 현재 인기 상승 테마 알려줘 #05864,us_theme_rank,True,synthetic_hardfail
qa-hardfail-05865,미국 증시 강세 테마 순위 보여줘 #05865,us_theme_rank,True,synthetic_hardfail
qa-hardfail-05866,nasdaq 상승 섹터 랭킹 #05866,us_theme_rank,True,synthetic_hardfail
qa-hardfail-05867,나스닥 현재 인기 상승 테마 알려줘 #05867,us_theme_rank,True,synthetic_hardfail
qa-hardfail-05868,미국 증시 강세 테마 순위 보여줘 #05868,us_theme_rank,True,synthetic_hardfail
qa-hardfail-05869,nasdaq 상승 섹터 랭킹 #05869,us_theme_rank,True,synthetic_hardfail
qa-hardfail-05870,나스닥 현재 인기 상승 테마 알려줘 #05870,us_theme_rank,True,synthetic_hardfail
qa-hardfail-05871,미국 증시 강세 테마 순위 보여줘 #05871,us_theme_rank,True,synthetic_hardfail
qa-hardfail-05872,nasdaq 상승 섹터 랭킹 #05872,us_theme_rank,True,synthetic_hardfail
qa-hardfail-05873,나스닥 현재 인기 상승 테마 알려줘 #05873,us_theme_rank,True,synthetic_hardfail
qa-hardfail-05874,미국 증시 강세 테마 순위 보여줘 #05874,us_theme_rank,True,synthetic_hardfail
qa-hardfail-05875,nasdaq 상승 섹터 랭킹 #05875,us_theme_rank,True,synthetic_hardfail
qa-hardfail-05876,나스닥 현재 인기 상승 테마 알려줘 #05876,us_theme_rank,True,synthetic_hardfail
qa-hardfail-05877,미국 증시 강세 테마 순위 보여줘 #05877,us_theme_rank,True,synthetic_hardfail
qa-hardfail-05878,nasdaq 상승 섹터 랭킹 #05878,us_theme_rank,True,synthetic_hardfail
qa-hardfail-05879,나스닥 현재 인기 상승 테마 알려줘 #05879,us_theme_rank,True,synthetic_hardfail
qa-hardfail-05880,미국 증시 강세 테마 순위 보여줘 #05880,us_theme_rank,True,synthetic_hardfail
qa-hardfail-05881,nasdaq 상승 섹터 랭킹 #05881,us_theme_rank,True,synthetic_hardfail
qa-hardfail-05882,나스닥 현재 인기 상승 테마 알려줘 #05882,us_theme_rank,True,synthetic_hardfail
qa-hardfail-05883,미국 증시 강세 테마 순위 보여줘 #05883,us_theme_rank,True,synthetic_hardfail
qa-hardfail-05884,nasdaq 상승 섹터 랭킹 #05884,us_theme_rank,True,synthetic_hardfail
qa-hardfail-05885,나스닥 현재 인기 상승 테마 알려줘 #05885,us_theme_rank,True,synthetic_hardfail
qa-hardfail-05886,미국 증시 강세 테마 순위 보여줘 #05886,us_theme_rank,True,synthetic_hardfail
qa-hardfail-05887,nasdaq 상승 섹터 랭킹 #05887,us_theme_rank,True,synthetic_hardfail
qa-hardfail-05888,나스닥 현재 인기 상승 테마 알려줘 #05888,us_theme_rank,True,synthetic_hardfail
qa-hardfail-05889,미국 증시 강세 테마 순위 보여줘 #05889,us_theme_rank,True,synthetic_hardfail
qa-hardfail-05890,nasdaq 상승 섹터 랭킹 #05890,us_theme_rank,True,synthetic_hardfail
qa-hardfail-05891,나스닥 현재 인기 상승 테마 알려줘 #05891,us_theme_rank,True,synthetic_hardfail
qa-hardfail-05892,미국 증시 강세 테마 순위 보여줘 #05892,us_theme_rank,True,synthetic_hardfail
qa-hardfail-05893,nasdaq 상승 섹터 랭킹 #05893,us_theme_rank,True,synthetic_hardfail
qa-hardfail-05894,나스닥 현재 인기 상승 테마 알려줘 #05894,us_theme_rank,True,synthetic_hardfail
qa-hardfail-05895,미국 증시 강세 테마 순위 보여줘 #05895,us_theme_rank,True,synthetic_hardfail
qa-hardfail-05896,nasdaq 상승 섹터 랭킹 #05896,us_theme_rank,True,synthetic_hardfail
qa-hardfail-05897,나스닥 현재 인기 상승 테마 알려줘 #05897,us_theme_rank,True,synthetic_hardfail
qa-hardfail-05898,미국 증시 강세 테마 순위 보여줘 #05898,us_theme_rank,True,synthetic_hardfail
qa-hardfail-05899,nasdaq 상승 섹터 랭킹 #05899,us_theme_rank,True,synthetic_hardfail
qa-hardfail-05900,나스닥 현재 인기 상승 테마 알려줘 #05900,us_theme_rank,True,synthetic_hardfail
qa-hardfail-05901,미국 증시 강세 테마 순위 보여줘 #05901,us_theme_rank,True,synthetic_hardfail
qa-hardfail-05902,nasdaq 상승 섹터 랭킹 #05902,us_theme_rank,True,synthetic_hardfail
qa-hardfail-05903,나스닥 현재 인기 상승 테마 알려줘 #05903,us_theme_rank,True,synthetic_hardfail
qa-hardfail-05904,미국 증시 강세 테마 순위 보여줘 #05904,us_theme_rank,True,synthetic_hardfail
qa-hardfail-05905,nasdaq 상승 섹터 랭킹 #05905,us_theme_rank,True,synthetic_hardfail
qa-hardfail-05906,나스닥 현재 인기 상승 테마 알려줘 #05906,us_theme_rank,True,synthetic_hardfail
qa-hardfail-05907,미국 증시 강세 테마 순위 보여줘 #05907,us_theme_rank,True,synthetic_hardfail
qa-hardfail-05908,nasdaq 상승 섹터 랭킹 #05908,us_theme_rank,True,synthetic_hardfail
qa-hardfail-05909,나스닥 현재 인기 상승 테마 알려줘 #05909,us_theme_rank,True,synthetic_hardfail
qa-hardfail-05910,미국 증시 강세 테마 순위 보여줘 #05910,us_theme_rank,True,synthetic_hardfail
qa-hardfail-05911,nasdaq 상승 섹터 랭킹 #05911,us_theme_rank,True,synthetic_hardfail
qa-hardfail-05912,나스닥 현재 인기 상승 테마 알려줘 #05912,us_theme_rank,True,synthetic_hardfail
qa-hardfail-05913,미국 증시 강세 테마 순위 보여줘 #05913,us_theme_rank,True,synthetic_hardfail
qa-hardfail-05914,nasdaq 상승 섹터 랭킹 #05914,us_theme_rank,True,synthetic_hardfail
qa-hardfail-05915,나스닥 현재 인기 상승 테마 알려줘 #05915,us_theme_rank,True,synthetic_hardfail
qa-hardfail-05916,미국 증시 강세 테마 순위 보여줘 #05916,us_theme_rank,True,synthetic_hardfail
qa-hardfail-05917,nasdaq 상승 섹터 랭킹 #05917,us_theme_rank,True,synthetic_hardfail
qa-hardfail-05918,나스닥 현재 인기 상승 테마 알려줘 #05918,us_theme_rank,True,synthetic_hardfail
qa-hardfail-05919,미국 증시 강세 테마 순위 보여줘 #05919,us_theme_rank,True,synthetic_hardfail
qa-hardfail-05920,nasdaq 상승 섹터 랭킹 #05920,us_theme_rank,True,synthetic_hardfail
qa-hardfail-05921,나스닥 현재 인기 상승 테마 알려줘 #05921,us_theme_rank,True,synthetic_hardfail
qa-hardfail-05922,미국 증시 강세 테마 순위 보여줘 #05922,us_theme_rank,True,synthetic_hardfail
qa-hardfail-05923,nasdaq 상승 섹터 랭킹 #05923,us_theme_rank,True,synthetic_hardfail
qa-hardfail-05924,나스닥 현재 인기 상승 테마 알려줘 #05924,us_theme_rank,True,synthetic_hardfail
qa-hardfail-05925,미국 증시 강세 테마 순위 보여줘 #05925,us_theme_rank,True,synthetic_hardfail
qa-hardfail-05926,nasdaq 상승 섹터 랭킹 #05926,us_theme_rank,True,synthetic_hardfail
qa-hardfail-05927,나스닥 현재 인기 상승 테마 알려줘 #05927,us_theme_rank,True,synthetic_hardfail
qa-hardfail-05928,미국 증시 강세 테마 순위 보여줘 #05928,us_theme_rank,True,synthetic_hardfail
qa-hardfail-05929,nasdaq 상승 섹터 랭킹 #05929,us_theme_rank,True,synthetic_hardfail
qa-hardfail-05930,나스닥 현재 인기 상승 테마 알려줘 #05930,us_theme_rank,True,synthetic_hardfail
qa-hardfail-05931,미국 증시 강세 테마 순위 보여줘 #05931,us_theme_rank,True,synthetic_hardfail
qa-hardfail-05932,nasdaq 상승 섹터 랭킹 #05932,us_theme_rank,True,synthetic_hardfail
qa-hardfail-05933,나스닥 현재 인기 상승 테마 알려줘 #05933,us_theme_rank,True,synthetic_hardfail
qa-hardfail-05934,미국 증시 강세 테마 순위 보여줘 #05934,us_theme_rank,True,synthetic_hardfail
qa-hardfail-05935,nasdaq 상승 섹터 랭킹 #05935,us_theme_rank,True,synthetic_hardfail
qa-hardfail-05936,나스닥 현재 인기 상승 테마 알려줘 #05936,us_theme_rank,True,synthetic_hardfail
qa-hardfail-05937,미국 증시 강세 테마 순위 보여줘 #05937,us_theme_rank,True,synthetic_hardfail
qa-hardfail-05938,nasdaq 상승 섹터 랭킹 #05938,us_theme_rank,True,synthetic_hardfail
qa-hardfail-05939,나스닥 현재 인기 상승 테마 알려줘 #05939,us_theme_rank,True,synthetic_hardfail
qa-hardfail-05940,미국 증시 강세 테마 순위 보여줘 #05940,us_theme_rank,True,synthetic_hardfail
qa-hardfail-05941,nasdaq 상승 섹터 랭킹 #05941,us_theme_rank,True,synthetic_hardfail
qa-hardfail-05942,나스닥 현재 인기 상승 테마 알려줘 #05942,us_theme_rank,True,synthetic_hardfail
qa-hardfail-05943,미국 증시 강세 테마 순위 보여줘 #05943,us_theme_rank,True,synthetic_hardfail
qa-hardfail-05944,nasdaq 상승 섹터 랭킹 #05944,us_theme_rank,True,synthetic_hardfail
qa-hardfail-05945,나스닥 현재 인기 상승 테마 알려줘 #05945,us_theme_rank,True,synthetic_hardfail
qa-hardfail-05946,미국 증시 강세 테마 순위 보여줘 #05946,us_theme_rank,True,synthetic_hardfail
qa-hardfail-05947,nasdaq 상승 섹터 랭킹 #05947,us_theme_rank,True,synthetic_hardfail
qa-hardfail-05948,나스닥 현재 인기 상승 테마 알려줘 #05948,us_theme_rank,True,synthetic_hardfail
qa-hardfail-05949,외국인 기관 수급 좋은 종목 순위 #05949,investor_rank,True,synthetic_hardfail
qa-hardfail-05950,기관 순매수 랭킹 알려줘 #05950,investor_rank,True,synthetic_hardfail
qa-hardfail-05951,외국인 매집 종목 보여줘 #05951,investor_rank,True,synthetic_hardfail
qa-hardfail-05952,외국인 기관 수급 좋은 종목 순위 #05952,investor_rank,True,synthetic_hardfail
qa-hardfail-05953,기관 순매수 랭킹 알려줘 #05953,investor_rank,True,synthetic_hardfail
qa-hardfail-05954,외국인 매집 종목 보여줘 #05954,investor_rank,True,synthetic_hardfail
qa-hardfail-05955,외국인 기관 수급 좋은 종목 순위 #05955,investor_rank,True,synthetic_hardfail
qa-hardfail-05956,기관 순매수 랭킹 알려줘 #05956,investor_rank,True,synthetic_hardfail
qa-hardfail-05957,외국인 매집 종목 보여줘 #05957,investor_rank,True,synthetic_hardfail
qa-hardfail-05958,외국인 기관 수급 좋은 종목 순위 #05958,investor_rank,True,synthetic_hardfail
qa-hardfail-05959,기관 순매수 랭킹 알려줘 #05959,investor_rank,True,synthetic_hardfail
qa-hardfail-05960,외국인 매집 종목 보여줘 #05960,investor_rank,True,synthetic_hardfail
qa-hardfail-05961,외국인 기관 수급 좋은 종목 순위 #05961,investor_rank,True,synthetic_hardfail
qa-hardfail-05962,기관 순매수 랭킹 알려줘 #05962,investor_rank,True,synthetic_hardfail
qa-hardfail-05963,외국인 매집 종목 보여줘 #05963,investor_rank,True,synthetic_hardfail
qa-hardfail-05964,외국인 기관 수급 좋은 종목 순위 #05964,investor_rank,True,synthetic_hardfail
qa-hardfail-05965,기관 순매수 랭킹 알려줘 #05965,investor_rank,True,synthetic_hardfail
qa-hardfail-05966,외국인 매집 종목 보여줘 #05966,investor_rank,True,synthetic_hardfail
qa-hardfail-05967,외국인 기관 수급 좋은 종목 순위 #05967,investor_rank,True,synthetic_hardfail
qa-hardfail-05968,기관 순매수 랭킹 알려줘 #05968,investor_rank,True,synthetic_hardfail
qa-hardfail-05969,외국인 매집 종목 보여줘 #05969,investor_rank,True,synthetic_hardfail
qa-hardfail-05970,외국인 기관 수급 좋은 종목 순위 #05970,investor_rank,True,synthetic_hardfail
qa-hardfail-05971,기관 순매수 랭킹 알려줘 #05971,investor_rank,True,synthetic_hardfail
qa-hardfail-05972,외국인 매집 종목 보여줘 #05972,investor_rank,True,synthetic_hardfail
qa-hardfail-05973,외국인 기관 수급 좋은 종목 순위 #05973,investor_rank,True,synthetic_hardfail
qa-hardfail-05974,기관 순매수 랭킹 알려줘 #05974,investor_rank,True,synthetic_hardfail
qa-hardfail-05975,외국인 매집 종목 보여줘 #05975,investor_rank,True,synthetic_hardfail
qa-hardfail-05976,외국인 기관 수급 좋은 종목 순위 #05976,investor_rank,True,synthetic_hardfail
qa-hardfail-05977,기관 순매수 랭킹 알려줘 #05977,investor_rank,True,synthetic_hardfail
qa-hardfail-05978,외국인 매집 종목 보여줘 #05978,investor_rank,True,synthetic_hardfail
qa-hardfail-05979,외국인 기관 수급 좋은 종목 순위 #05979,investor_rank,True,synthetic_hardfail
qa-hardfail-05980,기관 순매수 랭킹 알려줘 #05980,investor_rank,True,synthetic_hardfail
qa-hardfail-05981,외국인 매집 종목 보여줘 #05981,investor_rank,True,synthetic_hardfail
qa-hardfail-05982,외국인 기관 수급 좋은 종목 순위 #05982,investor_rank,True,synthetic_hardfail
qa-hardfail-05983,기관 순매수 랭킹 알려줘 #05983,investor_rank,True,synthetic_hardfail
qa-hardfail-05984,외국인 매집 종목 보여줘 #05984,investor_rank,True,synthetic_hardfail
qa-hardfail-05985,외국인 기관 수급 좋은 종목 순위 #05985,investor_rank,True,synthetic_hardfail
qa-hardfail-05986,기관 순매수 랭킹 알려줘 #05986,investor_rank,True,synthetic_hardfail
qa-hardfail-05987,외국인 매집 종목 보여줘 #05987,investor_rank,True,synthetic_hardfail
qa-hardfail-05988,외국인 기관 수급 좋은 종목 순위 #05988,investor_rank,True,synthetic_hardfail
qa-hardfail-05989,기관 순매수 랭킹 알려줘 #05989,investor_rank,True,synthetic_hardfail
qa-hardfail-05990,외국인 매집 종목 보여줘 #05990,investor_rank,True,synthetic_hardfail
qa-hardfail-05991,외국인 기관 수급 좋은 종목 순위 #05991,investor_rank,True,synthetic_hardfail
qa-hardfail-05992,기관 순매수 랭킹 알려줘 #05992,investor_rank,True,synthetic_hardfail
qa-hardfail-05993,외국인 매집 종목 보여줘 #05993,investor_rank,True,synthetic_hardfail
qa-hardfail-05994,외국인 기관 수급 좋은 종목 순위 #05994,investor_rank,True,synthetic_hardfail
qa-hardfail-05995,기관 순매수 랭킹 알려줘 #05995,investor_rank,True,synthetic_hardfail
qa-hardfail-05996,외국인 매집 종목 보여줘 #05996,investor_rank,True,synthetic_hardfail
qa-hardfail-05997,외국인 기관 수급 좋은 종목 순위 #05997,investor_rank,True,synthetic_hardfail
qa-hardfail-05998,기관 순매수 랭킹 알려줘 #05998,investor_rank,True,synthetic_hardfail
qa-hardfail-05999,외국인 매집 종목 보여줘 #05999,investor_rank,True,synthetic_hardfail
qa-hardfail-06000,외국인 기관 수급 좋은 종목 순위 #06000,investor_rank,True,synthetic_hardfail
qa-hardfail-06001,기관 순매수 랭킹 알려줘 #06001,investor_rank,True,synthetic_hardfail
qa-hardfail-06002,외국인 매집 종목 보여줘 #06002,investor_rank,True,synthetic_hardfail
qa-hardfail-06003,외국인 기관 수급 좋은 종목 순위 #06003,investor_rank,True,synthetic_hardfail
qa-hardfail-06004,기관 순매수 랭킹 알려줘 #06004,investor_rank,True,synthetic_hardfail
qa-hardfail-06005,외국인 매집 종목 보여줘 #06005,investor_rank,True,synthetic_hardfail
qa-hardfail-06006,외국인 기관 수급 좋은 종목 순위 #06006,investor_rank,True,synthetic_hardfail
qa-hardfail-06007,기관 순매수 랭킹 알려줘 #06007,investor_rank,True,synthetic_hardfail
qa-hardfail-06008,외국인 매집 종목 보여줘 #06008,investor_rank,True,synthetic_hardfail
qa-hardfail-06009,외국인 기관 수급 좋은 종목 순위 #06009,investor_rank,True,synthetic_hardfail
qa-hardfail-06010,기관 순매수 랭킹 알려줘 #06010,investor_rank,True,synthetic_hardfail
qa-hardfail-06011,외국인 매집 종목 보여줘 #06011,investor_rank,True,synthetic_hardfail
qa-hardfail-06012,외국인 기관 수급 좋은 종목 순위 #06012,investor_rank,True,synthetic_hardfail
qa-hardfail-06013,기관 순매수 랭킹 알려줘 #06013,investor_rank,True,synthetic_hardfail
qa-hardfail-06014,외국인 매집 종목 보여줘 #06014,investor_rank,True,synthetic_hardfail
qa-hardfail-06015,외국인 기관 수급 좋은 종목 순위 #06015,investor_rank,True,synthetic_hardfail
qa-hardfail-06016,기관 순매수 랭킹 알려줘 #06016,investor_rank,True,synthetic_hardfail
qa-hardfail-06017,외국인 매집 종목 보여줘 #06017,investor_rank,True,synthetic_hardfail
qa-hardfail-06018,외국인 기관 수급 좋은 종목 순위 #06018,investor_rank,True,synthetic_hardfail
qa-hardfail-06019,기관 순매수 랭킹 알려줘 #06019,investor_rank,True,synthetic_hardfail
qa-hardfail-06020,외국인 매집 종목 보여줘 #06020,investor_rank,True,synthetic_hardfail
qa-hardfail-06021,외국인 기관 수급 좋은 종목 순위 #06021,investor_rank,True,synthetic_hardfail
qa-hardfail-06022,기관 순매수 랭킹 알려줘 #06022,investor_rank,True,synthetic_hardfail
qa-hardfail-06023,외국인 매집 종목 보여줘 #06023,investor_rank,True,synthetic_hardfail
qa-hardfail-06024,외국인 기관 수급 좋은 종목 순위 #06024,investor_rank,True,synthetic_hardfail
qa-hardfail-06025,기관 순매수 랭킹 알려줘 #06025,investor_rank,True,synthetic_hardfail
qa-hardfail-06026,외국인 매집 종목 보여줘 #06026,investor_rank,True,synthetic_hardfail
qa-hardfail-06027,외국인 기관 수급 좋은 종목 순위 #06027,investor_rank,True,synthetic_hardfail
qa-hardfail-06028,기관 순매수 랭킹 알려줘 #06028,investor_rank,True,synthetic_hardfail
qa-hardfail-06029,외국인 매집 종목 보여줘 #06029,investor_rank,True,synthetic_hardfail
qa-hardfail-06030,외국인 기관 수급 좋은 종목 순위 #06030,investor_rank,True,synthetic_hardfail
qa-hardfail-06031,기관 순매수 랭킹 알려줘 #06031,investor_rank,True,synthetic_hardfail
qa-hardfail-06032,외국인 매집 종목 보여줘 #06032,investor_rank,True,synthetic_hardfail
qa-hardfail-06033,외국인 기관 수급 좋은 종목 순위 #06033,investor_rank,True,synthetic_hardfail
qa-hardfail-06034,기관 순매수 랭킹 알려줘 #06034,investor_rank,True,synthetic_hardfail
qa-hardfail-06035,외국인 매집 종목 보여줘 #06035,investor_rank,True,synthetic_hardfail
qa-hardfail-06036,외국인 기관 수급 좋은 종목 순위 #06036,investor_rank,True,synthetic_hardfail
qa-hardfail-06037,기관 순매수 랭킹 알려줘 #06037,investor_rank,True,synthetic_hardfail
qa-hardfail-06038,외국인 매집 종목 보여줘 #06038,investor_rank,True,synthetic_hardfail
qa-hardfail-06039,외국인 기관 수급 좋은 종목 순위 #06039,investor_rank,True,synthetic_hardfail
qa-hardfail-06040,기관 순매수 랭킹 알려줘 #06040,investor_rank,True,synthetic_hardfail
qa-hardfail-06041,외국인 매집 종목 보여줘 #06041,investor_rank,True,synthetic_hardfail
qa-hardfail-06042,외국인 기관 수급 좋은 종목 순위 #06042,investor_rank,True,synthetic_hardfail
qa-hardfail-06043,기관 순매수 랭킹 알려줘 #06043,investor_rank,True,synthetic_hardfail
qa-hardfail-06044,외국인 매집 종목 보여줘 #06044,investor_rank,True,synthetic_hardfail
qa-hardfail-06045,외국인 기관 수급 좋은 종목 순위 #06045,investor_rank,True,synthetic_hardfail
qa-hardfail-06046,기관 순매수 랭킹 알려줘 #06046,investor_rank,True,synthetic_hardfail
qa-hardfail-06047,외국인 매집 종목 보여줘 #06047,investor_rank,True,synthetic_hardfail
qa-hardfail-06048,외국인 기관 수급 좋은 종목 순위 #06048,investor_rank,True,synthetic_hardfail
qa-hardfail-06049,기관 순매수 랭킹 알려줘 #06049,investor_rank,True,synthetic_hardfail
qa-hardfail-06050,외국인 매집 종목 보여줘 #06050,investor_rank,True,synthetic_hardfail
qa-hardfail-06051,외국인 기관 수급 좋은 종목 순위 #06051,investor_rank,True,synthetic_hardfail
qa-hardfail-06052,기관 순매수 랭킹 알려줘 #06052,investor_rank,True,synthetic_hardfail
qa-hardfail-06053,외국인 매집 종목 보여줘 #06053,investor_rank,True,synthetic_hardfail
qa-hardfail-06054,외국인 기관 수급 좋은 종목 순위 #06054,investor_rank,True,synthetic_hardfail
qa-hardfail-06055,기관 순매수 랭킹 알려줘 #06055,investor_rank,True,synthetic_hardfail
qa-hardfail-06056,외국인 매집 종목 보여줘 #06056,investor_rank,True,synthetic_hardfail
qa-hardfail-06057,외국인 기관 수급 좋은 종목 순위 #06057,investor_rank,True,synthetic_hardfail
qa-hardfail-06058,기관 순매수 랭킹 알려줘 #06058,investor_rank,True,synthetic_hardfail
qa-hardfail-06059,외국인 매집 종목 보여줘 #06059,investor_rank,True,synthetic_hardfail
qa-hardfail-06060,외국인 기관 수급 좋은 종목 순위 #06060,investor_rank,True,synthetic_hardfail
qa-hardfail-06061,기관 순매수 랭킹 알려줘 #06061,investor_rank,True,synthetic_hardfail
qa-hardfail-06062,외국인 매집 종목 보여줘 #06062,investor_rank,True,synthetic_hardfail
qa-hardfail-06063,외국인 기관 수급 좋은 종목 순위 #06063,investor_rank,True,synthetic_hardfail
qa-hardfail-06064,기관 순매수 랭킹 알려줘 #06064,investor_rank,True,synthetic_hardfail
qa-hardfail-06065,외국인 매집 종목 보여줘 #06065,investor_rank,True,synthetic_hardfail
qa-hardfail-06066,외국인 기관 수급 좋은 종목 순위 #06066,investor_rank,True,synthetic_hardfail
qa-hardfail-06067,기관 순매수 랭킹 알려줘 #06067,investor_rank,True,synthetic_hardfail
qa-hardfail-06068,외국인 매집 종목 보여줘 #06068,investor_rank,True,synthetic_hardfail
qa-hardfail-06069,외국인 기관 수급 좋은 종목 순위 #06069,investor_rank,True,synthetic_hardfail
qa-hardfail-06070,기관 순매수 랭킹 알려줘 #06070,investor_rank,True,synthetic_hardfail
qa-hardfail-06071,외국인 매집 종목 보여줘 #06071,investor_rank,True,synthetic_hardfail
qa-hardfail-06072,외국인 기관 수급 좋은 종목 순위 #06072,investor_rank,True,synthetic_hardfail
qa-hardfail-06073,기관 순매수 랭킹 알려줘 #06073,investor_rank,True,synthetic_hardfail
qa-hardfail-06074,외국인 매집 종목 보여줘 #06074,investor_rank,True,synthetic_hardfail
qa-hardfail-06075,외국인 기관 수급 좋은 종목 순위 #06075,investor_rank,True,synthetic_hardfail
qa-hardfail-06076,기관 순매수 랭킹 알려줘 #06076,investor_rank,True,synthetic_hardfail
qa-hardfail-06077,외국인 매집 종목 보여줘 #06077,investor_rank,True,synthetic_hardfail
qa-hardfail-06078,외국인 기관 수급 좋은 종목 순위 #06078,investor_rank,True,synthetic_hardfail
qa-hardfail-06079,기관 순매수 랭킹 알려줘 #06079,investor_rank,True,synthetic_hardfail
qa-hardfail-06080,외국인 매집 종목 보여줘 #06080,investor_rank,True,synthetic_hardfail
qa-hardfail-06081,외국인 기관 수급 좋은 종목 순위 #06081,investor_rank,True,synthetic_hardfail
qa-hardfail-06082,기관 순매수 랭킹 알려줘 #06082,investor_rank,True,synthetic_hardfail
qa-hardfail-06083,외국인 매집 종목 보여줘 #06083,investor_rank,True,synthetic_hardfail
qa-hardfail-06084,외국인 기관 수급 좋은 종목 순위 #06084,investor_rank,True,synthetic_hardfail
qa-hardfail-06085,기관 순매수 랭킹 알려줘 #06085,investor_rank,True,synthetic_hardfail
qa-hardfail-06086,외국인 매집 종목 보여줘 #06086,investor_rank,True,synthetic_hardfail
qa-hardfail-06087,외국인 기관 수급 좋은 종목 순위 #06087,investor_rank,True,synthetic_hardfail
qa-hardfail-06088,기관 순매수 랭킹 알려줘 #06088,investor_rank,True,synthetic_hardfail
qa-hardfail-06089,외국인 매집 종목 보여줘 #06089,investor_rank,True,synthetic_hardfail
qa-hardfail-06090,외국인 기관 수급 좋은 종목 순위 #06090,investor_rank,True,synthetic_hardfail
qa-hardfail-06091,기관 순매수 랭킹 알려줘 #06091,investor_rank,True,synthetic_hardfail
qa-hardfail-06092,외국인 매집 종목 보여줘 #06092,investor_rank,True,synthetic_hardfail
qa-hardfail-06093,외국인 기관 수급 좋은 종목 순위 #06093,investor_rank,True,synthetic_hardfail
qa-hardfail-06094,기관 순매수 랭킹 알려줘 #06094,investor_rank,True,synthetic_hardfail
qa-hardfail-06095,외국인 매집 종목 보여줘 #06095,investor_rank,True,synthetic_hardfail
qa-hardfail-06096,외국인 기관 수급 좋은 종목 순위 #06096,investor_rank,True,synthetic_hardfail
qa-hardfail-06097,기관 순매수 랭킹 알려줘 #06097,investor_rank,True,synthetic_hardfail
qa-hardfail-06098,외국인 매집 종목 보여줘 #06098,investor_rank,True,synthetic_hardfail
qa-hardfail-06099,외국인 기관 수급 좋은 종목 순위 #06099,investor_rank,True,synthetic_hardfail
qa-hardfail-06100,기관 순매수 랭킹 알려줘 #06100,investor_rank,True,synthetic_hardfail
qa-hardfail-06101,외국인 매집 종목 보여줘 #06101,investor_rank,True,synthetic_hardfail
qa-hardfail-06102,외국인 기관 수급 좋은 종목 순위 #06102,investor_rank,True,synthetic_hardfail
qa-hardfail-06103,기관 순매수 랭킹 알려줘 #06103,investor_rank,True,synthetic_hardfail
qa-hardfail-06104,외국인 매집 종목 보여줘 #06104,investor_rank,True,synthetic_hardfail
qa-hardfail-06105,외국인 기관 수급 좋은 종목 순위 #06105,investor_rank,True,synthetic_hardfail
qa-hardfail-06106,기관 순매수 랭킹 알려줘 #06106,investor_rank,True,synthetic_hardfail
qa-hardfail-06107,외국인 매집 종목 보여줘 #06107,investor_rank,True,synthetic_hardfail
qa-hardfail-06108,외국인 기관 수급 좋은 종목 순위 #06108,investor_rank,True,synthetic_hardfail
qa-hardfail-06109,기관 순매수 랭킹 알려줘 #06109,investor_rank,True,synthetic_hardfail
qa-hardfail-06110,외국인 매집 종목 보여줘 #06110,investor_rank,True,synthetic_hardfail
qa-hardfail-06111,외국인 기관 수급 좋은 종목 순위 #06111,investor_rank,True,synthetic_hardfail
qa-hardfail-06112,기관 순매수 랭킹 알려줘 #06112,investor_rank,True,synthetic_hardfail
qa-hardfail-06113,외국인 매집 종목 보여줘 #06113,investor_rank,True,synthetic_hardfail
qa-hardfail-06114,외국인 기관 수급 좋은 종목 순위 #06114,investor_rank,True,synthetic_hardfail
qa-hardfail-06115,기관 순매수 랭킹 알려줘 #06115,investor_rank,True,synthetic_hardfail
qa-hardfail-06116,외국인 매집 종목 보여줘 #06116,investor_rank,True,synthetic_hardfail
qa-hardfail-06117,외국인 기관 수급 좋은 종목 순위 #06117,investor_rank,True,synthetic_hardfail
qa-hardfail-06118,기관 순매수 랭킹 알려줘 #06118,investor_rank,True,synthetic_hardfail
qa-hardfail-06119,외국인 매집 종목 보여줘 #06119,investor_rank,True,synthetic_hardfail
qa-hardfail-06120,외국인 기관 수급 좋은 종목 순위 #06120,investor_rank,True,synthetic_hardfail
qa-hardfail-06121,기관 순매수 랭킹 알려줘 #06121,investor_rank,True,synthetic_hardfail
qa-hardfail-06122,외국인 매집 종목 보여줘 #06122,investor_rank,True,synthetic_hardfail
qa-hardfail-06123,외국인 기관 수급 좋은 종목 순위 #06123,investor_rank,True,synthetic_hardfail
qa-hardfail-06124,기관 순매수 랭킹 알려줘 #06124,investor_rank,True,synthetic_hardfail
qa-hardfail-06125,외국인 매집 종목 보여줘 #06125,investor_rank,True,synthetic_hardfail
qa-hardfail-06126,외국인 기관 수급 좋은 종목 순위 #06126,investor_rank,True,synthetic_hardfail
qa-hardfail-06127,기관 순매수 랭킹 알려줘 #06127,investor_rank,True,synthetic_hardfail
qa-hardfail-06128,외국인 매집 종목 보여줘 #06128,investor_rank,True,synthetic_hardfail
qa-hardfail-06129,외국인 기관 수급 좋은 종목 순위 #06129,investor_rank,True,synthetic_hardfail
qa-hardfail-06130,기관 순매수 랭킹 알려줘 #06130,investor_rank,True,synthetic_hardfail
qa-hardfail-06131,외국인 매집 종목 보여줘 #06131,investor_rank,True,synthetic_hardfail
qa-hardfail-06132,외국인 기관 수급 좋은 종목 순위 #06132,investor_rank,True,synthetic_hardfail
qa-hardfail-06133,기관 순매수 랭킹 알려줘 #06133,investor_rank,True,synthetic_hardfail
qa-hardfail-06134,외국인 매집 종목 보여줘 #06134,investor_rank,True,synthetic_hardfail
qa-hardfail-06135,외국인 기관 수급 좋은 종목 순위 #06135,investor_rank,True,synthetic_hardfail
qa-hardfail-06136,기관 순매수 랭킹 알려줘 #06136,investor_rank,True,synthetic_hardfail
qa-hardfail-06137,외국인 매집 종목 보여줘 #06137,investor_rank,True,synthetic_hardfail
qa-hardfail-06138,외국인 기관 수급 좋은 종목 순위 #06138,investor_rank,True,synthetic_hardfail
qa-hardfail-06139,기관 순매수 랭킹 알려줘 #06139,investor_rank,True,synthetic_hardfail
qa-hardfail-06140,외국인 매집 종목 보여줘 #06140,investor_rank,True,synthetic_hardfail
qa-hardfail-06141,외국인 기관 수급 좋은 종목 순위 #06141,investor_rank,True,synthetic_hardfail
qa-hardfail-06142,기관 순매수 랭킹 알려줘 #06142,investor_rank,True,synthetic_hardfail
qa-hardfail-06143,외국인 매집 종목 보여줘 #06143,investor_rank,True,synthetic_hardfail
qa-hardfail-06144,외국인 기관 수급 좋은 종목 순위 #06144,investor_rank,True,synthetic_hardfail
qa-hardfail-06145,기관 순매수 랭킹 알려줘 #06145,investor_rank,True,synthetic_hardfail
qa-hardfail-06146,외국인 매집 종목 보여줘 #06146,investor_rank,True,synthetic_hardfail
qa-hardfail-06147,외국인 기관 수급 좋은 종목 순위 #06147,investor_rank,True,synthetic_hardfail
qa-hardfail-06148,기관 순매수 랭킹 알려줘 #06148,investor_rank,True,synthetic_hardfail
qa-hardfail-06149,외국인 매집 종목 보여줘 #06149,investor_rank,True,synthetic_hardfail
qa-hardfail-06150,외국인 기관 수급 좋은 종목 순위 #06150,investor_rank,True,synthetic_hardfail
qa-hardfail-06151,기관 순매수 랭킹 알려줘 #06151,investor_rank,True,synthetic_hardfail
qa-hardfail-06152,외국인 매집 종목 보여줘 #06152,investor_rank,True,synthetic_hardfail
qa-hardfail-06153,외국인 기관 수급 좋은 종목 순위 #06153,investor_rank,True,synthetic_hardfail
qa-hardfail-06154,기관 순매수 랭킹 알려줘 #06154,investor_rank,True,synthetic_hardfail
qa-hardfail-06155,외국인 매집 종목 보여줘 #06155,investor_rank,True,synthetic_hardfail
qa-hardfail-06156,외국인 기관 수급 좋은 종목 순위 #06156,investor_rank,True,synthetic_hardfail
qa-hardfail-06157,기관 순매수 랭킹 알려줘 #06157,investor_rank,True,synthetic_hardfail
qa-hardfail-06158,외국인 매집 종목 보여줘 #06158,investor_rank,True,synthetic_hardfail
qa-hardfail-06159,외국인 기관 수급 좋은 종목 순위 #06159,investor_rank,True,synthetic_hardfail
qa-hardfail-06160,기관 순매수 랭킹 알려줘 #06160,investor_rank,True,synthetic_hardfail
qa-hardfail-06161,외국인 매집 종목 보여줘 #06161,investor_rank,True,synthetic_hardfail
qa-hardfail-06162,외국인 기관 수급 좋은 종목 순위 #06162,investor_rank,True,synthetic_hardfail
qa-hardfail-06163,기관 순매수 랭킹 알려줘 #06163,investor_rank,True,synthetic_hardfail
qa-hardfail-06164,외국인 매집 종목 보여줘 #06164,investor_rank,True,synthetic_hardfail
qa-hardfail-06165,외국인 기관 수급 좋은 종목 순위 #06165,investor_rank,True,synthetic_hardfail
qa-hardfail-06166,기관 순매수 랭킹 알려줘 #06166,investor_rank,True,synthetic_hardfail
qa-hardfail-06167,외국인 매집 종목 보여줘 #06167,investor_rank,True,synthetic_hardfail
qa-hardfail-06168,외국인 기관 수급 좋은 종목 순위 #06168,investor_rank,True,synthetic_hardfail
qa-hardfail-06169,기관 순매수 랭킹 알려줘 #06169,investor_rank,True,synthetic_hardfail
qa-hardfail-06170,외국인 매집 종목 보여줘 #06170,investor_rank,True,synthetic_hardfail
qa-hardfail-06171,외국인 기관 수급 좋은 종목 순위 #06171,investor_rank,True,synthetic_hardfail
qa-hardfail-06172,기관 순매수 랭킹 알려줘 #06172,investor_rank,True,synthetic_hardfail
qa-hardfail-06173,외국인 매집 종목 보여줘 #06173,investor_rank,True,synthetic_hardfail
qa-hardfail-06174,외국인 기관 수급 좋은 종목 순위 #06174,investor_rank,True,synthetic_hardfail
qa-hardfail-06175,기관 순매수 랭킹 알려줘 #06175,investor_rank,True,synthetic_hardfail
qa-hardfail-06176,외국인 매집 종목 보여줘 #06176,investor_rank,True,synthetic_hardfail
qa-hardfail-06177,외국인 기관 수급 좋은 종목 순위 #06177,investor_rank,True,synthetic_hardfail
qa-hardfail-06178,기관 순매수 랭킹 알려줘 #06178,investor_rank,True,synthetic_hardfail
qa-hardfail-06179,외국인 매집 종목 보여줘 #06179,investor_rank,True,synthetic_hardfail
qa-hardfail-06180,외국인 기관 수급 좋은 종목 순위 #06180,investor_rank,True,synthetic_hardfail
qa-hardfail-06181,기관 순매수 랭킹 알려줘 #06181,investor_rank,True,synthetic_hardfail
qa-hardfail-06182,외국인 매집 종목 보여줘 #06182,investor_rank,True,synthetic_hardfail
qa-hardfail-06183,외국인 기관 수급 좋은 종목 순위 #06183,investor_rank,True,synthetic_hardfail
qa-hardfail-06184,기관 순매수 랭킹 알려줘 #06184,investor_rank,True,synthetic_hardfail
qa-hardfail-06185,외국인 매집 종목 보여줘 #06185,investor_rank,True,synthetic_hardfail
qa-hardfail-06186,외국인 기관 수급 좋은 종목 순위 #06186,investor_rank,True,synthetic_hardfail
qa-hardfail-06187,기관 순매수 랭킹 알려줘 #06187,investor_rank,True,synthetic_hardfail
qa-hardfail-06188,외국인 매집 종목 보여줘 #06188,investor_rank,True,synthetic_hardfail
qa-hardfail-06189,외국인 기관 수급 좋은 종목 순위 #06189,investor_rank,True,synthetic_hardfail
qa-hardfail-06190,기관 순매수 랭킹 알려줘 #06190,investor_rank,True,synthetic_hardfail
qa-hardfail-06191,외국인 매집 종목 보여줘 #06191,investor_rank,True,synthetic_hardfail
qa-hardfail-06192,외국인 기관 수급 좋은 종목 순위 #06192,investor_rank,True,synthetic_hardfail
qa-hardfail-06193,기관 순매수 랭킹 알려줘 #06193,investor_rank,True,synthetic_hardfail
qa-hardfail-06194,외국인 매집 종목 보여줘 #06194,investor_rank,True,synthetic_hardfail
qa-hardfail-06195,외국인 기관 수급 좋은 종목 순위 #06195,investor_rank,True,synthetic_hardfail
qa-hardfail-06196,기관 순매수 랭킹 알려줘 #06196,investor_rank,True,synthetic_hardfail
qa-hardfail-06197,외국인 매집 종목 보여줘 #06197,investor_rank,True,synthetic_hardfail
qa-hardfail-06198,외국인 기관 수급 좋은 종목 순위 #06198,investor_rank,True,synthetic_hardfail
qa-hardfail-06199,기관 순매수 랭킹 알려줘 #06199,investor_rank,True,synthetic_hardfail
qa-hardfail-06200,외국인 매집 종목 보여줘 #06200,investor_rank,True,synthetic_hardfail
qa-hardfail-06201,외국인 기관 수급 좋은 종목 순위 #06201,investor_rank,True,synthetic_hardfail
qa-hardfail-06202,기관 순매수 랭킹 알려줘 #06202,investor_rank,True,synthetic_hardfail
qa-hardfail-06203,외국인 매집 종목 보여줘 #06203,investor_rank,True,synthetic_hardfail
qa-hardfail-06204,외국인 기관 수급 좋은 종목 순위 #06204,investor_rank,True,synthetic_hardfail
qa-hardfail-06205,기관 순매수 랭킹 알려줘 #06205,investor_rank,True,synthetic_hardfail
qa-hardfail-06206,외국인 매집 종목 보여줘 #06206,investor_rank,True,synthetic_hardfail
qa-hardfail-06207,외국인 기관 수급 좋은 종목 순위 #06207,investor_rank,True,synthetic_hardfail
qa-hardfail-06208,기관 순매수 랭킹 알려줘 #06208,investor_rank,True,synthetic_hardfail
qa-hardfail-06209,외국인 매집 종목 보여줘 #06209,investor_rank,True,synthetic_hardfail
qa-hardfail-06210,외국인 기관 수급 좋은 종목 순위 #06210,investor_rank,True,synthetic_hardfail
qa-hardfail-06211,기관 순매수 랭킹 알려줘 #06211,investor_rank,True,synthetic_hardfail
qa-hardfail-06212,외국인 매집 종목 보여줘 #06212,investor_rank,True,synthetic_hardfail
qa-hardfail-06213,외국인 기관 수급 좋은 종목 순위 #06213,investor_rank,True,synthetic_hardfail
qa-hardfail-06214,기관 순매수 랭킹 알려줘 #06214,investor_rank,True,synthetic_hardfail
qa-hardfail-06215,외국인 매집 종목 보여줘 #06215,investor_rank,True,synthetic_hardfail
qa-hardfail-06216,외국인 기관 수급 좋은 종목 순위 #06216,investor_rank,True,synthetic_hardfail
qa-hardfail-06217,기관 순매수 랭킹 알려줘 #06217,investor_rank,True,synthetic_hardfail
qa-hardfail-06218,외국인 매집 종목 보여줘 #06218,investor_rank,True,synthetic_hardfail
qa-hardfail-06219,외국인 기관 수급 좋은 종목 순위 #06219,investor_rank,True,synthetic_hardfail
qa-hardfail-06220,기관 순매수 랭킹 알려줘 #06220,investor_rank,True,synthetic_hardfail
qa-hardfail-06221,외국인 매집 종목 보여줘 #06221,investor_rank,True,synthetic_hardfail
qa-hardfail-06222,외국인 기관 수급 좋은 종목 순위 #06222,investor_rank,True,synthetic_hardfail
qa-hardfail-06223,기관 순매수 랭킹 알려줘 #06223,investor_rank,True,synthetic_hardfail
qa-hardfail-06224,외국인 매집 종목 보여줘 #06224,investor_rank,True,synthetic_hardfail
qa-hardfail-06225,외국인 기관 수급 좋은 종목 순위 #06225,investor_rank,True,synthetic_hardfail
qa-hardfail-06226,기관 순매수 랭킹 알려줘 #06226,investor_rank,True,synthetic_hardfail
qa-hardfail-06227,외국인 매집 종목 보여줘 #06227,investor_rank,True,synthetic_hardfail
qa-hardfail-06228,외국인 기관 수급 좋은 종목 순위 #06228,investor_rank,True,synthetic_hardfail
qa-hardfail-06229,기관 순매수 랭킹 알려줘 #06229,investor_rank,True,synthetic_hardfail
qa-hardfail-06230,외국인 매집 종목 보여줘 #06230,investor_rank,True,synthetic_hardfail
qa-hardfail-06231,외국인 기관 수급 좋은 종목 순위 #06231,investor_rank,True,synthetic_hardfail
qa-hardfail-06232,기관 순매수 랭킹 알려줘 #06232,investor_rank,True,synthetic_hardfail
qa-hardfail-06233,외국인 매집 종목 보여줘 #06233,investor_rank,True,synthetic_hardfail
qa-hardfail-06234,외국인 기관 수급 좋은 종목 순위 #06234,investor_rank,True,synthetic_hardfail
qa-hardfail-06235,기관 순매수 랭킹 알려줘 #06235,investor_rank,True,synthetic_hardfail
qa-hardfail-06236,외국인 매집 종목 보여줘 #06236,investor_rank,True,synthetic_hardfail
qa-hardfail-06237,외국인 기관 수급 좋은 종목 순위 #06237,investor_rank,True,synthetic_hardfail
qa-hardfail-06238,기관 순매수 랭킹 알려줘 #06238,investor_rank,True,synthetic_hardfail
qa-hardfail-06239,외국인 매집 종목 보여줘 #06239,investor_rank,True,synthetic_hardfail
qa-hardfail-06240,외국인 기관 수급 좋은 종목 순위 #06240,investor_rank,True,synthetic_hardfail
qa-hardfail-06241,기관 순매수 랭킹 알려줘 #06241,investor_rank,True,synthetic_hardfail
qa-hardfail-06242,외국인 매집 종목 보여줘 #06242,investor_rank,True,synthetic_hardfail
qa-hardfail-06243,외국인 기관 수급 좋은 종목 순위 #06243,investor_rank,True,synthetic_hardfail
qa-hardfail-06244,기관 순매수 랭킹 알려줘 #06244,investor_rank,True,synthetic_hardfail
qa-hardfail-06245,외국인 매집 종목 보여줘 #06245,investor_rank,True,synthetic_hardfail
qa-hardfail-06246,외국인 기관 수급 좋은 종목 순위 #06246,investor_rank,True,synthetic_hardfail
qa-hardfail-06247,기관 순매수 랭킹 알려줘 #06247,investor_rank,True,synthetic_hardfail
qa-hardfail-06248,외국인 매집 종목 보여줘 #06248,investor_rank,True,synthetic_hardfail
qa-hardfail-06249,외국인 기관 수급 좋은 종목 순위 #06249,investor_rank,True,synthetic_hardfail
qa-hardfail-06250,기관 순매수 랭킹 알려줘 #06250,investor_rank,True,synthetic_hardfail
qa-hardfail-06251,외국인 매집 종목 보여줘 #06251,investor_rank,True,synthetic_hardfail
qa-hardfail-06252,외국인 기관 수급 좋은 종목 순위 #06252,investor_rank,True,synthetic_hardfail
qa-hardfail-06253,기관 순매수 랭킹 알려줘 #06253,investor_rank,True,synthetic_hardfail
qa-hardfail-06254,외국인 매집 종목 보여줘 #06254,investor_rank,True,synthetic_hardfail
qa-hardfail-06255,외국인 기관 수급 좋은 종목 순위 #06255,investor_rank,True,synthetic_hardfail
qa-hardfail-06256,기관 순매수 랭킹 알려줘 #06256,investor_rank,True,synthetic_hardfail
qa-hardfail-06257,외국인 매집 종목 보여줘 #06257,investor_rank,True,synthetic_hardfail
qa-hardfail-06258,외국인 기관 수급 좋은 종목 순위 #06258,investor_rank,True,synthetic_hardfail
qa-hardfail-06259,기관 순매수 랭킹 알려줘 #06259,investor_rank,True,synthetic_hardfail
qa-hardfail-06260,외국인 매집 종목 보여줘 #06260,investor_rank,True,synthetic_hardfail
qa-hardfail-06261,외국인 기관 수급 좋은 종목 순위 #06261,investor_rank,True,synthetic_hardfail
qa-hardfail-06262,기관 순매수 랭킹 알려줘 #06262,investor_rank,True,synthetic_hardfail
qa-hardfail-06263,외국인 매집 종목 보여줘 #06263,investor_rank,True,synthetic_hardfail
qa-hardfail-06264,외국인 기관 수급 좋은 종목 순위 #06264,investor_rank,True,synthetic_hardfail
qa-hardfail-06265,기관 순매수 랭킹 알려줘 #06265,investor_rank,True,synthetic_hardfail
qa-hardfail-06266,외국인 매집 종목 보여줘 #06266,investor_rank,True,synthetic_hardfail
qa-hardfail-06267,외국인 기관 수급 좋은 종목 순위 #06267,investor_rank,True,synthetic_hardfail
qa-hardfail-06268,기관 순매수 랭킹 알려줘 #06268,investor_rank,True,synthetic_hardfail
qa-hardfail-06269,외국인 매집 종목 보여줘 #06269,investor_rank,True,synthetic_hardfail
qa-hardfail-06270,외국인 기관 수급 좋은 종목 순위 #06270,investor_rank,True,synthetic_hardfail
qa-hardfail-06271,기관 순매수 랭킹 알려줘 #06271,investor_rank,True,synthetic_hardfail
qa-hardfail-06272,외국인 매집 종목 보여줘 #06272,investor_rank,True,synthetic_hardfail
qa-hardfail-06273,외국인 기관 수급 좋은 종목 순위 #06273,investor_rank,True,synthetic_hardfail
qa-hardfail-06274,기관 순매수 랭킹 알려줘 #06274,investor_rank,True,synthetic_hardfail
qa-hardfail-06275,외국인 매집 종목 보여줘 #06275,investor_rank,True,synthetic_hardfail
qa-hardfail-06276,외국인 기관 수급 좋은 종목 순위 #06276,investor_rank,True,synthetic_hardfail
qa-hardfail-06277,기관 순매수 랭킹 알려줘 #06277,investor_rank,True,synthetic_hardfail
qa-hardfail-06278,외국인 매집 종목 보여줘 #06278,investor_rank,True,synthetic_hardfail
qa-hardfail-06279,외국인 기관 수급 좋은 종목 순위 #06279,investor_rank,True,synthetic_hardfail
qa-hardfail-06280,기관 순매수 랭킹 알려줘 #06280,investor_rank,True,synthetic_hardfail
qa-hardfail-06281,외국인 매집 종목 보여줘 #06281,investor_rank,True,synthetic_hardfail
qa-hardfail-06282,외국인 기관 수급 좋은 종목 순위 #06282,investor_rank,True,synthetic_hardfail
qa-hardfail-06283,기관 순매수 랭킹 알려줘 #06283,investor_rank,True,synthetic_hardfail
qa-hardfail-06284,외국인 매집 종목 보여줘 #06284,investor_rank,True,synthetic_hardfail
qa-hardfail-06285,외국인 기관 수급 좋은 종목 순위 #06285,investor_rank,True,synthetic_hardfail
qa-hardfail-06286,기관 순매수 랭킹 알려줘 #06286,investor_rank,True,synthetic_hardfail
qa-hardfail-06287,외국인 매집 종목 보여줘 #06287,investor_rank,True,synthetic_hardfail
qa-hardfail-06288,외국인 기관 수급 좋은 종목 순위 #06288,investor_rank,True,synthetic_hardfail
qa-hardfail-06289,기관 순매수 랭킹 알려줘 #06289,investor_rank,True,synthetic_hardfail
qa-hardfail-06290,외국인 매집 종목 보여줘 #06290,investor_rank,True,synthetic_hardfail
qa-hardfail-06291,외국인 기관 수급 좋은 종목 순위 #06291,investor_rank,True,synthetic_hardfail
qa-hardfail-06292,기관 순매수 랭킹 알려줘 #06292,investor_rank,True,synthetic_hardfail
qa-hardfail-06293,외국인 매집 종목 보여줘 #06293,investor_rank,True,synthetic_hardfail
qa-hardfail-06294,외국인 기관 수급 좋은 종목 순위 #06294,investor_rank,True,synthetic_hardfail
qa-hardfail-06295,기관 순매수 랭킹 알려줘 #06295,investor_rank,True,synthetic_hardfail
qa-hardfail-06296,외국인 매집 종목 보여줘 #06296,investor_rank,True,synthetic_hardfail
qa-hardfail-06297,외국인 기관 수급 좋은 종목 순위 #06297,investor_rank,True,synthetic_hardfail
qa-hardfail-06298,기관 순매수 랭킹 알려줘 #06298,investor_rank,True,synthetic_hardfail
qa-hardfail-06299,외국인 매집 종목 보여줘 #06299,investor_rank,True,synthetic_hardfail
qa-hardfail-06300,외국인 기관 수급 좋은 종목 순위 #06300,investor_rank,True,synthetic_hardfail
qa-hardfail-06301,기관 순매수 랭킹 알려줘 #06301,investor_rank,True,synthetic_hardfail
qa-hardfail-06302,외국인 매집 종목 보여줘 #06302,investor_rank,True,synthetic_hardfail
qa-hardfail-06303,외국인 기관 수급 좋은 종목 순위 #06303,investor_rank,True,synthetic_hardfail
qa-hardfail-06304,기관 순매수 랭킹 알려줘 #06304,investor_rank,True,synthetic_hardfail
qa-hardfail-06305,외국인 매집 종목 보여줘 #06305,investor_rank,True,synthetic_hardfail
qa-hardfail-06306,외국인 기관 수급 좋은 종목 순위 #06306,investor_rank,True,synthetic_hardfail
qa-hardfail-06307,기관 순매수 랭킹 알려줘 #06307,investor_rank,True,synthetic_hardfail
qa-hardfail-06308,외국인 매집 종목 보여줘 #06308,investor_rank,True,synthetic_hardfail
qa-hardfail-06309,외국인 기관 수급 좋은 종목 순위 #06309,investor_rank,True,synthetic_hardfail
qa-hardfail-06310,기관 순매수 랭킹 알려줘 #06310,investor_rank,True,synthetic_hardfail
qa-hardfail-06311,외국인 매집 종목 보여줘 #06311,investor_rank,True,synthetic_hardfail
qa-hardfail-06312,외국인 기관 수급 좋은 종목 순위 #06312,investor_rank,True,synthetic_hardfail
qa-hardfail-06313,기관 순매수 랭킹 알려줘 #06313,investor_rank,True,synthetic_hardfail
qa-hardfail-06314,외국인 매집 종목 보여줘 #06314,investor_rank,True,synthetic_hardfail
qa-hardfail-06315,외국인 기관 수급 좋은 종목 순위 #06315,investor_rank,True,synthetic_hardfail
qa-hardfail-06316,기관 순매수 랭킹 알려줘 #06316,investor_rank,True,synthetic_hardfail
qa-hardfail-06317,외국인 매집 종목 보여줘 #06317,investor_rank,True,synthetic_hardfail
qa-hardfail-06318,외국인 기관 수급 좋은 종목 순위 #06318,investor_rank,True,synthetic_hardfail
qa-hardfail-06319,기관 순매수 랭킹 알려줘 #06319,investor_rank,True,synthetic_hardfail
qa-hardfail-06320,외국인 매집 종목 보여줘 #06320,investor_rank,True,synthetic_hardfail
qa-hardfail-06321,외국인 기관 수급 좋은 종목 순위 #06321,investor_rank,True,synthetic_hardfail
qa-hardfail-06322,기관 순매수 랭킹 알려줘 #06322,investor_rank,True,synthetic_hardfail
qa-hardfail-06323,외국인 매집 종목 보여줘 #06323,investor_rank,True,synthetic_hardfail
qa-hardfail-06324,외국인 기관 수급 좋은 종목 순위 #06324,investor_rank,True,synthetic_hardfail
qa-hardfail-06325,기관 순매수 랭킹 알려줘 #06325,investor_rank,True,synthetic_hardfail
qa-hardfail-06326,외국인 매집 종목 보여줘 #06326,investor_rank,True,synthetic_hardfail
qa-hardfail-06327,외국인 기관 수급 좋은 종목 순위 #06327,investor_rank,True,synthetic_hardfail
qa-hardfail-06328,기관 순매수 랭킹 알려줘 #06328,investor_rank,True,synthetic_hardfail
qa-hardfail-06329,외국인 매집 종목 보여줘 #06329,investor_rank,True,synthetic_hardfail
qa-hardfail-06330,외국인 기관 수급 좋은 종목 순위 #06330,investor_rank,True,synthetic_hardfail
qa-hardfail-06331,기관 순매수 랭킹 알려줘 #06331,investor_rank,True,synthetic_hardfail
qa-hardfail-06332,외국인 매집 종목 보여줘 #06332,investor_rank,True,synthetic_hardfail
qa-hardfail-06333,외국인 기관 수급 좋은 종목 순위 #06333,investor_rank,True,synthetic_hardfail
qa-hardfail-06334,기관 순매수 랭킹 알려줘 #06334,investor_rank,True,synthetic_hardfail
qa-hardfail-06335,외국인 매집 종목 보여줘 #06335,investor_rank,True,synthetic_hardfail
qa-hardfail-06336,외국인 기관 수급 좋은 종목 순위 #06336,investor_rank,True,synthetic_hardfail
qa-hardfail-06337,기관 순매수 랭킹 알려줘 #06337,investor_rank,True,synthetic_hardfail
qa-hardfail-06338,외국인 매집 종목 보여줘 #06338,investor_rank,True,synthetic_hardfail
qa-hardfail-06339,외국인 기관 수급 좋은 종목 순위 #06339,investor_rank,True,synthetic_hardfail
qa-hardfail-06340,기관 순매수 랭킹 알려줘 #06340,investor_rank,True,synthetic_hardfail
qa-hardfail-06341,외국인 매집 종목 보여줘 #06341,investor_rank,True,synthetic_hardfail
qa-hardfail-06342,외국인 기관 수급 좋은 종목 순위 #06342,investor_rank,True,synthetic_hardfail
qa-hardfail-06343,기관 순매수 랭킹 알려줘 #06343,investor_rank,True,synthetic_hardfail
qa-hardfail-06344,외국인 매집 종목 보여줘 #06344,investor_rank,True,synthetic_hardfail
qa-hardfail-06345,외국인 기관 수급 좋은 종목 순위 #06345,investor_rank,True,synthetic_hardfail
qa-hardfail-06346,기관 순매수 랭킹 알려줘 #06346,investor_rank,True,synthetic_hardfail
qa-hardfail-06347,외국인 매집 종목 보여줘 #06347,investor_rank,True,synthetic_hardfail
qa-hardfail-06348,외국인 기관 수급 좋은 종목 순위 #06348,investor_rank,True,synthetic_hardfail
qa-hardfail-06349,기관 순매수 랭킹 알려줘 #06349,investor_rank,True,synthetic_hardfail
qa-hardfail-06350,외국인 매집 종목 보여줘 #06350,investor_rank,True,synthetic_hardfail
qa-hardfail-06351,외국인 기관 수급 좋은 종목 순위 #06351,investor_rank,True,synthetic_hardfail
qa-hardfail-06352,기관 순매수 랭킹 알려줘 #06352,investor_rank,True,synthetic_hardfail
qa-hardfail-06353,외국인 매집 종목 보여줘 #06353,investor_rank,True,synthetic_hardfail
qa-hardfail-06354,외국인 기관 수급 좋은 종목 순위 #06354,investor_rank,True,synthetic_hardfail
qa-hardfail-06355,기관 순매수 랭킹 알려줘 #06355,investor_rank,True,synthetic_hardfail
qa-hardfail-06356,외국인 매집 종목 보여줘 #06356,investor_rank,True,synthetic_hardfail
qa-hardfail-06357,외국인 기관 수급 좋은 종목 순위 #06357,investor_rank,True,synthetic_hardfail
qa-hardfail-06358,기관 순매수 랭킹 알려줘 #06358,investor_rank,True,synthetic_hardfail
qa-hardfail-06359,외국인 매집 종목 보여줘 #06359,investor_rank,True,synthetic_hardfail
qa-hardfail-06360,외국인 기관 수급 좋은 종목 순위 #06360,investor_rank,True,synthetic_hardfail
qa-hardfail-06361,기관 순매수 랭킹 알려줘 #06361,investor_rank,True,synthetic_hardfail
qa-hardfail-06362,외국인 매집 종목 보여줘 #06362,investor_rank,True,synthetic_hardfail
qa-hardfail-06363,외국인 기관 수급 좋은 종목 순위 #06363,investor_rank,True,synthetic_hardfail
qa-hardfail-06364,기관 순매수 랭킹 알려줘 #06364,investor_rank,True,synthetic_hardfail
qa-hardfail-06365,외국인 매집 종목 보여줘 #06365,investor_rank,True,synthetic_hardfail
qa-hardfail-06366,외국인 기관 수급 좋은 종목 순위 #06366,investor_rank,True,synthetic_hardfail
qa-hardfail-06367,기관 순매수 랭킹 알려줘 #06367,investor_rank,True,synthetic_hardfail
qa-hardfail-06368,외국인 매집 종목 보여줘 #06368,investor_rank,True,synthetic_hardfail
qa-hardfail-06369,외국인 기관 수급 좋은 종목 순위 #06369,investor_rank,True,synthetic_hardfail
qa-hardfail-06370,기관 순매수 랭킹 알려줘 #06370,investor_rank,True,synthetic_hardfail
qa-hardfail-06371,외국인 매집 종목 보여줘 #06371,investor_rank,True,synthetic_hardfail
qa-hardfail-06372,외국인 기관 수급 좋은 종목 순위 #06372,investor_rank,True,synthetic_hardfail
qa-hardfail-06373,기관 순매수 랭킹 알려줘 #06373,investor_rank,True,synthetic_hardfail
qa-hardfail-06374,외국인 매집 종목 보여줘 #06374,investor_rank,True,synthetic_hardfail
qa-hardfail-06375,외국인 기관 수급 좋은 종목 순위 #06375,investor_rank,True,synthetic_hardfail
qa-hardfail-06376,기관 순매수 랭킹 알려줘 #06376,investor_rank,True,synthetic_hardfail
qa-hardfail-06377,외국인 매집 종목 보여줘 #06377,investor_rank,True,synthetic_hardfail
qa-hardfail-06378,외국인 기관 수급 좋은 종목 순위 #06378,investor_rank,True,synthetic_hardfail
qa-hardfail-06379,기관 순매수 랭킹 알려줘 #06379,investor_rank,True,synthetic_hardfail
qa-hardfail-06380,외국인 매집 종목 보여줘 #06380,investor_rank,True,synthetic_hardfail
qa-hardfail-06381,외국인 기관 수급 좋은 종목 순위 #06381,investor_rank,True,synthetic_hardfail
qa-hardfail-06382,기관 순매수 랭킹 알려줘 #06382,investor_rank,True,synthetic_hardfail
qa-hardfail-06383,외국인 매집 종목 보여줘 #06383,investor_rank,True,synthetic_hardfail
qa-hardfail-06384,외국인 기관 수급 좋은 종목 순위 #06384,investor_rank,True,synthetic_hardfail
qa-hardfail-06385,기관 순매수 랭킹 알려줘 #06385,investor_rank,True,synthetic_hardfail
qa-hardfail-06386,외국인 매집 종목 보여줘 #06386,investor_rank,True,synthetic_hardfail
qa-hardfail-06387,외국인 기관 수급 좋은 종목 순위 #06387,investor_rank,True,synthetic_hardfail
qa-hardfail-06388,기관 순매수 랭킹 알려줘 #06388,investor_rank,True,synthetic_hardfail
qa-hardfail-06389,외국인 매집 종목 보여줘 #06389,investor_rank,True,synthetic_hardfail
qa-hardfail-06390,외국인 기관 수급 좋은 종목 순위 #06390,investor_rank,True,synthetic_hardfail
qa-hardfail-06391,기관 순매수 랭킹 알려줘 #06391,investor_rank,True,synthetic_hardfail
qa-hardfail-06392,외국인 매집 종목 보여줘 #06392,investor_rank,True,synthetic_hardfail
qa-hardfail-06393,외국인 기관 수급 좋은 종목 순위 #06393,investor_rank,True,synthetic_hardfail
qa-hardfail-06394,기관 순매수 랭킹 알려줘 #06394,investor_rank,True,synthetic_hardfail
qa-hardfail-06395,외국인 매집 종목 보여줘 #06395,investor_rank,True,synthetic_hardfail
qa-hardfail-06396,외국인 기관 수급 좋은 종목 순위 #06396,investor_rank,True,synthetic_hardfail
qa-hardfail-06397,기관 순매수 랭킹 알려줘 #06397,investor_rank,True,synthetic_hardfail
qa-hardfail-06398,외국인 매집 종목 보여줘 #06398,investor_rank,True,synthetic_hardfail
qa-hardfail-06399,외국인 기관 수급 좋은 종목 순위 #06399,investor_rank,True,synthetic_hardfail
qa-hardfail-06400,기관 순매수 랭킹 알려줘 #06400,investor_rank,True,synthetic_hardfail
qa-hardfail-06401,외국인 매집 종목 보여줘 #06401,investor_rank,True,synthetic_hardfail
qa-hardfail-06402,외국인 기관 수급 좋은 종목 순위 #06402,investor_rank,True,synthetic_hardfail
qa-hardfail-06403,기관 순매수 랭킹 알려줘 #06403,investor_rank,True,synthetic_hardfail
qa-hardfail-06404,외국인 매집 종목 보여줘 #06404,investor_rank,True,synthetic_hardfail
qa-hardfail-06405,외국인 기관 수급 좋은 종목 순위 #06405,investor_rank,True,synthetic_hardfail
qa-hardfail-06406,기관 순매수 랭킹 알려줘 #06406,investor_rank,True,synthetic_hardfail
qa-hardfail-06407,외국인 매집 종목 보여줘 #06407,investor_rank,True,synthetic_hardfail
qa-hardfail-06408,외국인 기관 수급 좋은 종목 순위 #06408,investor_rank,True,synthetic_hardfail
qa-hardfail-06409,기관 순매수 랭킹 알려줘 #06409,investor_rank,True,synthetic_hardfail
qa-hardfail-06410,외국인 매집 종목 보여줘 #06410,investor_rank,True,synthetic_hardfail
qa-hardfail-06411,외국인 기관 수급 좋은 종목 순위 #06411,investor_rank,True,synthetic_hardfail
qa-hardfail-06412,기관 순매수 랭킹 알려줘 #06412,investor_rank,True,synthetic_hardfail
qa-hardfail-06413,외국인 매집 종목 보여줘 #06413,investor_rank,True,synthetic_hardfail
qa-hardfail-06414,외국인 기관 수급 좋은 종목 순위 #06414,investor_rank,True,synthetic_hardfail
qa-hardfail-06415,기관 순매수 랭킹 알려줘 #06415,investor_rank,True,synthetic_hardfail
qa-hardfail-06416,외국인 매집 종목 보여줘 #06416,investor_rank,True,synthetic_hardfail
qa-hardfail-06417,외국인 기관 수급 좋은 종목 순위 #06417,investor_rank,True,synthetic_hardfail
qa-hardfail-06418,기관 순매수 랭킹 알려줘 #06418,investor_rank,True,synthetic_hardfail
qa-hardfail-06419,외국인 매집 종목 보여줘 #06419,investor_rank,True,synthetic_hardfail
qa-hardfail-06420,외국인 기관 수급 좋은 종목 순위 #06420,investor_rank,True,synthetic_hardfail
qa-hardfail-06421,기관 순매수 랭킹 알려줘 #06421,investor_rank,True,synthetic_hardfail
qa-hardfail-06422,외국인 매집 종목 보여줘 #06422,investor_rank,True,synthetic_hardfail
qa-hardfail-06423,외국인 기관 수급 좋은 종목 순위 #06423,investor_rank,True,synthetic_hardfail
qa-hardfail-06424,기관 순매수 랭킹 알려줘 #06424,investor_rank,True,synthetic_hardfail
qa-hardfail-06425,외국인 매집 종목 보여줘 #06425,investor_rank,True,synthetic_hardfail
qa-hardfail-06426,외국인 기관 수급 좋은 종목 순위 #06426,investor_rank,True,synthetic_hardfail
qa-hardfail-06427,기관 순매수 랭킹 알려줘 #06427,investor_rank,True,synthetic_hardfail
qa-hardfail-06428,외국인 매집 종목 보여줘 #06428,investor_rank,True,synthetic_hardfail
qa-hardfail-06429,외국인 기관 수급 좋은 종목 순위 #06429,investor_rank,True,synthetic_hardfail
qa-hardfail-06430,기관 순매수 랭킹 알려줘 #06430,investor_rank,True,synthetic_hardfail
qa-hardfail-06431,외국인 매집 종목 보여줘 #06431,investor_rank,True,synthetic_hardfail
qa-hardfail-06432,외국인 기관 수급 좋은 종목 순위 #06432,investor_rank,True,synthetic_hardfail
qa-hardfail-06433,기관 순매수 랭킹 알려줘 #06433,investor_rank,True,synthetic_hardfail
qa-hardfail-06434,외국인 매집 종목 보여줘 #06434,investor_rank,True,synthetic_hardfail
qa-hardfail-06435,외국인 기관 수급 좋은 종목 순위 #06435,investor_rank,True,synthetic_hardfail
qa-hardfail-06436,기관 순매수 랭킹 알려줘 #06436,investor_rank,True,synthetic_hardfail
qa-hardfail-06437,외국인 매집 종목 보여줘 #06437,investor_rank,True,synthetic_hardfail
qa-hardfail-06438,외국인 기관 수급 좋은 종목 순위 #06438,investor_rank,True,synthetic_hardfail
qa-hardfail-06439,기관 순매수 랭킹 알려줘 #06439,investor_rank,True,synthetic_hardfail
qa-hardfail-06440,외국인 매집 종목 보여줘 #06440,investor_rank,True,synthetic_hardfail
qa-hardfail-06441,외국인 기관 수급 좋은 종목 순위 #06441,investor_rank,True,synthetic_hardfail
qa-hardfail-06442,기관 순매수 랭킹 알려줘 #06442,investor_rank,True,synthetic_hardfail
qa-hardfail-06443,외국인 매집 종목 보여줘 #06443,investor_rank,True,synthetic_hardfail
qa-hardfail-06444,외국인 기관 수급 좋은 종목 순위 #06444,investor_rank,True,synthetic_hardfail
qa-hardfail-06445,기관 순매수 랭킹 알려줘 #06445,investor_rank,True,synthetic_hardfail
qa-hardfail-06446,외국인 매집 종목 보여줘 #06446,investor_rank,True,synthetic_hardfail
qa-hardfail-06447,외국인 기관 수급 좋은 종목 순위 #06447,investor_rank,True,synthetic_hardfail
qa-hardfail-06448,기관 순매수 랭킹 알려줘 #06448,investor_rank,True,synthetic_hardfail
qa-hardfail-06449,외국인 매집 종목 보여줘 #06449,investor_rank,True,synthetic_hardfail
qa-hardfail-06450,외국인 기관 수급 좋은 종목 순위 #06450,investor_rank,True,synthetic_hardfail
qa-hardfail-06451,기관 순매수 랭킹 알려줘 #06451,investor_rank,True,synthetic_hardfail
qa-hardfail-06452,외국인 매집 종목 보여줘 #06452,investor_rank,True,synthetic_hardfail
qa-hardfail-06453,외국인 기관 수급 좋은 종목 순위 #06453,investor_rank,True,synthetic_hardfail
qa-hardfail-06454,기관 순매수 랭킹 알려줘 #06454,investor_rank,True,synthetic_hardfail
qa-hardfail-06455,외국인 매집 종목 보여줘 #06455,investor_rank,True,synthetic_hardfail
qa-hardfail-06456,외국인 기관 수급 좋은 종목 순위 #06456,investor_rank,True,synthetic_hardfail
qa-hardfail-06457,기관 순매수 랭킹 알려줘 #06457,investor_rank,True,synthetic_hardfail
qa-hardfail-06458,외국인 매집 종목 보여줘 #06458,investor_rank,True,synthetic_hardfail
qa-hardfail-06459,외국인 기관 수급 좋은 종목 순위 #06459,investor_rank,True,synthetic_hardfail
qa-hardfail-06460,기관 순매수 랭킹 알려줘 #06460,investor_rank,True,synthetic_hardfail
qa-hardfail-06461,외국인 매집 종목 보여줘 #06461,investor_rank,True,synthetic_hardfail
qa-hardfail-06462,외국인 기관 수급 좋은 종목 순위 #06462,investor_rank,True,synthetic_hardfail
qa-hardfail-06463,기관 순매수 랭킹 알려줘 #06463,investor_rank,True,synthetic_hardfail
qa-hardfail-06464,외국인 매집 종목 보여줘 #06464,investor_rank,True,synthetic_hardfail
qa-hardfail-06465,외국인 기관 수급 좋은 종목 순위 #06465,investor_rank,True,synthetic_hardfail
qa-hardfail-06466,기관 순매수 랭킹 알려줘 #06466,investor_rank,True,synthetic_hardfail
qa-hardfail-06467,외국인 매집 종목 보여줘 #06467,investor_rank,True,synthetic_hardfail
qa-hardfail-06468,외국인 기관 수급 좋은 종목 순위 #06468,investor_rank,True,synthetic_hardfail
qa-hardfail-06469,기관 순매수 랭킹 알려줘 #06469,investor_rank,True,synthetic_hardfail
qa-hardfail-06470,외국인 매집 종목 보여줘 #06470,investor_rank,True,synthetic_hardfail
qa-hardfail-06471,외국인 기관 수급 좋은 종목 순위 #06471,investor_rank,True,synthetic_hardfail
qa-hardfail-06472,기관 순매수 랭킹 알려줘 #06472,investor_rank,True,synthetic_hardfail
qa-hardfail-06473,외국인 매집 종목 보여줘 #06473,investor_rank,True,synthetic_hardfail
qa-hardfail-06474,외국인 기관 수급 좋은 종목 순위 #06474,investor_rank,True,synthetic_hardfail
qa-hardfail-06475,기관 순매수 랭킹 알려줘 #06475,investor_rank,True,synthetic_hardfail
qa-hardfail-06476,외국인 매집 종목 보여줘 #06476,investor_rank,True,synthetic_hardfail
qa-hardfail-06477,외국인 기관 수급 좋은 종목 순위 #06477,investor_rank,True,synthetic_hardfail
qa-hardfail-06478,기관 순매수 랭킹 알려줘 #06478,investor_rank,True,synthetic_hardfail
qa-hardfail-06479,외국인 매집 종목 보여줘 #06479,investor_rank,True,synthetic_hardfail
qa-hardfail-06480,외국인 기관 수급 좋은 종목 순위 #06480,investor_rank,True,synthetic_hardfail
qa-hardfail-06481,기관 순매수 랭킹 알려줘 #06481,investor_rank,True,synthetic_hardfail
qa-hardfail-06482,외국인 매집 종목 보여줘 #06482,investor_rank,True,synthetic_hardfail
qa-hardfail-06483,외국인 기관 수급 좋은 종목 순위 #06483,investor_rank,True,synthetic_hardfail
qa-hardfail-06484,기관 순매수 랭킹 알려줘 #06484,investor_rank,True,synthetic_hardfail
qa-hardfail-06485,외국인 매집 종목 보여줘 #06485,investor_rank,True,synthetic_hardfail
qa-hardfail-06486,외국인 기관 수급 좋은 종목 순위 #06486,investor_rank,True,synthetic_hardfail
qa-hardfail-06487,기관 순매수 랭킹 알려줘 #06487,investor_rank,True,synthetic_hardfail
qa-hardfail-06488,외국인 매집 종목 보여줘 #06488,investor_rank,True,synthetic_hardfail
qa-hardfail-06489,외국인 기관 수급 좋은 종목 순위 #06489,investor_rank,True,synthetic_hardfail
qa-hardfail-06490,기관 순매수 랭킹 알려줘 #06490,investor_rank,True,synthetic_hardfail
qa-hardfail-06491,외국인 매집 종목 보여줘 #06491,investor_rank,True,synthetic_hardfail
qa-hardfail-06492,외국인 기관 수급 좋은 종목 순위 #06492,investor_rank,True,synthetic_hardfail
qa-hardfail-06493,기관 순매수 랭킹 알려줘 #06493,investor_rank,True,synthetic_hardfail
qa-hardfail-06494,외국인 매집 종목 보여줘 #06494,investor_rank,True,synthetic_hardfail
qa-hardfail-06495,외국인 기관 수급 좋은 종목 순위 #06495,investor_rank,True,synthetic_hardfail
qa-hardfail-06496,기관 순매수 랭킹 알려줘 #06496,investor_rank,True,synthetic_hardfail
qa-hardfail-06497,외국인 매집 종목 보여줘 #06497,investor_rank,True,synthetic_hardfail
qa-hardfail-06498,외국인 기관 수급 좋은 종목 순위 #06498,investor_rank,True,synthetic_hardfail
qa-hardfail-06499,기관 순매수 랭킹 알려줘 #06499,investor_rank,True,synthetic_hardfail
qa-hardfail-06500,외국인 매집 종목 보여줘 #06500,investor_rank,True,synthetic_hardfail
qa-hardfail-06501,외국인 기관 수급 좋은 종목 순위 #06501,investor_rank,True,synthetic_hardfail
qa-hardfail-06502,기관 순매수 랭킹 알려줘 #06502,investor_rank,True,synthetic_hardfail
qa-hardfail-06503,외국인 매집 종목 보여줘 #06503,investor_rank,True,synthetic_hardfail
qa-hardfail-06504,외국인 기관 수급 좋은 종목 순위 #06504,investor_rank,True,synthetic_hardfail
qa-hardfail-06505,기관 순매수 랭킹 알려줘 #06505,investor_rank,True,synthetic_hardfail
qa-hardfail-06506,외국인 매집 종목 보여줘 #06506,investor_rank,True,synthetic_hardfail
qa-hardfail-06507,외국인 기관 수급 좋은 종목 순위 #06507,investor_rank,True,synthetic_hardfail
qa-hardfail-06508,기관 순매수 랭킹 알려줘 #06508,investor_rank,True,synthetic_hardfail
qa-hardfail-06509,외국인 매집 종목 보여줘 #06509,investor_rank,True,synthetic_hardfail
qa-hardfail-06510,외국인 기관 수급 좋은 종목 순위 #06510,investor_rank,True,synthetic_hardfail
qa-hardfail-06511,기관 순매수 랭킹 알려줘 #06511,investor_rank,True,synthetic_hardfail
qa-hardfail-06512,외국인 매집 종목 보여줘 #06512,investor_rank,True,synthetic_hardfail
qa-hardfail-06513,외국인 기관 수급 좋은 종목 순위 #06513,investor_rank,True,synthetic_hardfail
qa-hardfail-06514,기관 순매수 랭킹 알려줘 #06514,investor_rank,True,synthetic_hardfail
qa-hardfail-06515,외국인 매집 종목 보여줘 #06515,investor_rank,True,synthetic_hardfail
qa-hardfail-06516,외국인 기관 수급 좋은 종목 순위 #06516,investor_rank,True,synthetic_hardfail
qa-hardfail-06517,기관 순매수 랭킹 알려줘 #06517,investor_rank,True,synthetic_hardfail
qa-hardfail-06518,외국인 매집 종목 보여줘 #06518,investor_rank,True,synthetic_hardfail
qa-hardfail-06519,외국인 기관 수급 좋은 종목 순위 #06519,investor_rank,True,synthetic_hardfail
qa-hardfail-06520,기관 순매수 랭킹 알려줘 #06520,investor_rank,True,synthetic_hardfail
qa-hardfail-06521,외국인 매집 종목 보여줘 #06521,investor_rank,True,synthetic_hardfail
qa-hardfail-06522,외국인 기관 수급 좋은 종목 순위 #06522,investor_rank,True,synthetic_hardfail
qa-hardfail-06523,기관 순매수 랭킹 알려줘 #06523,investor_rank,True,synthetic_hardfail
qa-hardfail-06524,외국인 매집 종목 보여줘 #06524,investor_rank,True,synthetic_hardfail
qa-hardfail-06525,외국인 기관 수급 좋은 종목 순위 #06525,investor_rank,True,synthetic_hardfail
qa-hardfail-06526,기관 순매수 랭킹 알려줘 #06526,investor_rank,True,synthetic_hardfail
qa-hardfail-06527,외국인 매집 종목 보여줘 #06527,investor_rank,True,synthetic_hardfail
qa-hardfail-06528,외국인 기관 수급 좋은 종목 순위 #06528,investor_rank,True,synthetic_hardfail
qa-hardfail-06529,기관 순매수 랭킹 알려줘 #06529,investor_rank,True,synthetic_hardfail
qa-hardfail-06530,외국인 매집 종목 보여줘 #06530,investor_rank,True,synthetic_hardfail
qa-hardfail-06531,외국인 기관 수급 좋은 종목 순위 #06531,investor_rank,True,synthetic_hardfail
qa-hardfail-06532,기관 순매수 랭킹 알려줘 #06532,investor_rank,True,synthetic_hardfail
qa-hardfail-06533,외국인 매집 종목 보여줘 #06533,investor_rank,True,synthetic_hardfail
qa-hardfail-06534,외국인 기관 수급 좋은 종목 순위 #06534,investor_rank,True,synthetic_hardfail
qa-hardfail-06535,기관 순매수 랭킹 알려줘 #06535,investor_rank,True,synthetic_hardfail
qa-hardfail-06536,외국인 매집 종목 보여줘 #06536,investor_rank,True,synthetic_hardfail
qa-hardfail-06537,외국인 기관 수급 좋은 종목 순위 #06537,investor_rank,True,synthetic_hardfail
qa-hardfail-06538,기관 순매수 랭킹 알려줘 #06538,investor_rank,True,synthetic_hardfail
qa-hardfail-06539,외국인 매집 종목 보여줘 #06539,investor_rank,True,synthetic_hardfail
qa-hardfail-06540,외국인 기관 수급 좋은 종목 순위 #06540,investor_rank,True,synthetic_hardfail
qa-hardfail-06541,기관 순매수 랭킹 알려줘 #06541,investor_rank,True,synthetic_hardfail
qa-hardfail-06542,외국인 매집 종목 보여줘 #06542,investor_rank,True,synthetic_hardfail
qa-hardfail-06543,외국인 기관 수급 좋은 종목 순위 #06543,investor_rank,True,synthetic_hardfail
qa-hardfail-06544,기관 순매수 랭킹 알려줘 #06544,investor_rank,True,synthetic_hardfail
qa-hardfail-06545,외국인 매집 종목 보여줘 #06545,investor_rank,True,synthetic_hardfail
qa-hardfail-06546,외국인 기관 수급 좋은 종목 순위 #06546,investor_rank,True,synthetic_hardfail
qa-hardfail-06547,기관 순매수 랭킹 알려줘 #06547,investor_rank,True,synthetic_hardfail
qa-hardfail-06548,외국인 매집 종목 보여줘 #06548,investor_rank,True,synthetic_hardfail
qa-hardfail-06549,외국인 기관 수급 좋은 종목 순위 #06549,investor_rank,True,synthetic_hardfail
qa-hardfail-06550,기관 순매수 랭킹 알려줘 #06550,investor_rank,True,synthetic_hardfail
qa-hardfail-06551,외국인 매집 종목 보여줘 #06551,investor_rank,True,synthetic_hardfail
qa-hardfail-06552,외국인 기관 수급 좋은 종목 순위 #06552,investor_rank,True,synthetic_hardfail
qa-hardfail-06553,기관 순매수 랭킹 알려줘 #06553,investor_rank,True,synthetic_hardfail
qa-hardfail-06554,외국인 매집 종목 보여줘 #06554,investor_rank,True,synthetic_hardfail
qa-hardfail-06555,외국인 기관 수급 좋은 종목 순위 #06555,investor_rank,True,synthetic_hardfail
qa-hardfail-06556,기관 순매수 랭킹 알려줘 #06556,investor_rank,True,synthetic_hardfail
qa-hardfail-06557,외국인 매집 종목 보여줘 #06557,investor_rank,True,synthetic_hardfail
qa-hardfail-06558,외국인 기관 수급 좋은 종목 순위 #06558,investor_rank,True,synthetic_hardfail
qa-hardfail-06559,기관 순매수 랭킹 알려줘 #06559,investor_rank,True,synthetic_hardfail
qa-hardfail-06560,외국인 매집 종목 보여줘 #06560,investor_rank,True,synthetic_hardfail
qa-hardfail-06561,외국인 기관 수급 좋은 종목 순위 #06561,investor_rank,True,synthetic_hardfail
qa-hardfail-06562,기관 순매수 랭킹 알려줘 #06562,investor_rank,True,synthetic_hardfail
qa-hardfail-06563,외국인 매집 종목 보여줘 #06563,investor_rank,True,synthetic_hardfail
qa-hardfail-06564,외국인 기관 수급 좋은 종목 순위 #06564,investor_rank,True,synthetic_hardfail
qa-hardfail-06565,기관 순매수 랭킹 알려줘 #06565,investor_rank,True,synthetic_hardfail
qa-hardfail-06566,외국인 매집 종목 보여줘 #06566,investor_rank,True,synthetic_hardfail
qa-hardfail-06567,외국인 기관 수급 좋은 종목 순위 #06567,investor_rank,True,synthetic_hardfail
qa-hardfail-06568,기관 순매수 랭킹 알려줘 #06568,investor_rank,True,synthetic_hardfail
qa-hardfail-06569,외국인 매집 종목 보여줘 #06569,investor_rank,True,synthetic_hardfail
qa-hardfail-06570,외국인 기관 수급 좋은 종목 순위 #06570,investor_rank,True,synthetic_hardfail
qa-hardfail-06571,기관 순매수 랭킹 알려줘 #06571,investor_rank,True,synthetic_hardfail
qa-hardfail-06572,외국인 매집 종목 보여줘 #06572,investor_rank,True,synthetic_hardfail
qa-hardfail-06573,외국인 기관 수급 좋은 종목 순위 #06573,investor_rank,True,synthetic_hardfail
qa-hardfail-06574,기관 순매수 랭킹 알려줘 #06574,investor_rank,True,synthetic_hardfail
qa-hardfail-06575,외국인 매집 종목 보여줘 #06575,investor_rank,True,synthetic_hardfail
qa-hardfail-06576,외국인 기관 수급 좋은 종목 순위 #06576,investor_rank,True,synthetic_hardfail
qa-hardfail-06577,기관 순매수 랭킹 알려줘 #06577,investor_rank,True,synthetic_hardfail
qa-hardfail-06578,외국인 매집 종목 보여줘 #06578,investor_rank,True,synthetic_hardfail
qa-hardfail-06579,외국인 기관 수급 좋은 종목 순위 #06579,investor_rank,True,synthetic_hardfail
qa-hardfail-06580,기관 순매수 랭킹 알려줘 #06580,investor_rank,True,synthetic_hardfail
qa-hardfail-06581,외국인 매집 종목 보여줘 #06581,investor_rank,True,synthetic_hardfail
qa-hardfail-06582,외국인 기관 수급 좋은 종목 순위 #06582,investor_rank,True,synthetic_hardfail
qa-hardfail-06583,기관 순매수 랭킹 알려줘 #06583,investor_rank,True,synthetic_hardfail
qa-hardfail-06584,외국인 매집 종목 보여줘 #06584,investor_rank,True,synthetic_hardfail
qa-hardfail-06585,외국인 기관 수급 좋은 종목 순위 #06585,investor_rank,True,synthetic_hardfail
qa-hardfail-06586,기관 순매수 랭킹 알려줘 #06586,investor_rank,True,synthetic_hardfail
qa-hardfail-06587,외국인 매집 종목 보여줘 #06587,investor_rank,True,synthetic_hardfail
qa-hardfail-06588,외국인 기관 수급 좋은 종목 순위 #06588,investor_rank,True,synthetic_hardfail
qa-hardfail-06589,기관 순매수 랭킹 알려줘 #06589,investor_rank,True,synthetic_hardfail
qa-hardfail-06590,외국인 매집 종목 보여줘 #06590,investor_rank,True,synthetic_hardfail
qa-hardfail-06591,외국인 기관 수급 좋은 종목 순위 #06591,investor_rank,True,synthetic_hardfail
qa-hardfail-06592,기관 순매수 랭킹 알려줘 #06592,investor_rank,True,synthetic_hardfail
qa-hardfail-06593,외국인 매집 종목 보여줘 #06593,investor_rank,True,synthetic_hardfail
qa-hardfail-06594,외국인 기관 수급 좋은 종목 순위 #06594,investor_rank,True,synthetic_hardfail
qa-hardfail-06595,기관 순매수 랭킹 알려줘 #06595,investor_rank,True,synthetic_hardfail
qa-hardfail-06596,외국인 매집 종목 보여줘 #06596,investor_rank,True,synthetic_hardfail
qa-hardfail-06597,외국인 기관 수급 좋은 종목 순위 #06597,investor_rank,True,synthetic_hardfail
qa-hardfail-06598,기관 순매수 랭킹 알려줘 #06598,investor_rank,True,synthetic_hardfail
qa-hardfail-06599,외국인 매집 종목 보여줘 #06599,investor_rank,True,synthetic_hardfail
qa-hardfail-06600,외국인 기관 수급 좋은 종목 순위 #06600,investor_rank,True,synthetic_hardfail
qa-hardfail-06601,기관 순매수 랭킹 알려줘 #06601,investor_rank,True,synthetic_hardfail
qa-hardfail-06602,외국인 매집 종목 보여줘 #06602,investor_rank,True,synthetic_hardfail
qa-hardfail-06603,외국인 기관 수급 좋은 종목 순위 #06603,investor_rank,True,synthetic_hardfail
qa-hardfail-06604,기관 순매수 랭킹 알려줘 #06604,investor_rank,True,synthetic_hardfail
qa-hardfail-06605,외국인 매집 종목 보여줘 #06605,investor_rank,True,synthetic_hardfail
qa-hardfail-06606,외국인 기관 수급 좋은 종목 순위 #06606,investor_rank,True,synthetic_hardfail
qa-hardfail-06607,기관 순매수 랭킹 알려줘 #06607,investor_rank,True,synthetic_hardfail
qa-hardfail-06608,외국인 매집 종목 보여줘 #06608,investor_rank,True,synthetic_hardfail
qa-hardfail-06609,외국인 기관 수급 좋은 종목 순위 #06609,investor_rank,True,synthetic_hardfail
qa-hardfail-06610,기관 순매수 랭킹 알려줘 #06610,investor_rank,True,synthetic_hardfail
qa-hardfail-06611,외국인 매집 종목 보여줘 #06611,investor_rank,True,synthetic_hardfail
qa-hardfail-06612,외국인 기관 수급 좋은 종목 순위 #06612,investor_rank,True,synthetic_hardfail
qa-hardfail-06613,기관 순매수 랭킹 알려줘 #06613,investor_rank,True,synthetic_hardfail
qa-hardfail-06614,외국인 매집 종목 보여줘 #06614,investor_rank,True,synthetic_hardfail
qa-hardfail-06615,외국인 기관 수급 좋은 종목 순위 #06615,investor_rank,True,synthetic_hardfail
qa-hardfail-06616,기관 순매수 랭킹 알려줘 #06616,investor_rank,True,synthetic_hardfail
qa-hardfail-06617,외국인 매집 종목 보여줘 #06617,investor_rank,True,synthetic_hardfail
qa-hardfail-06618,외국인 기관 수급 좋은 종목 순위 #06618,investor_rank,True,synthetic_hardfail
qa-hardfail-06619,기관 순매수 랭킹 알려줘 #06619,investor_rank,True,synthetic_hardfail
qa-hardfail-06620,외국인 매집 종목 보여줘 #06620,investor_rank,True,synthetic_hardfail
qa-hardfail-06621,외국인 기관 수급 좋은 종목 순위 #06621,investor_rank,True,synthetic_hardfail
qa-hardfail-06622,기관 순매수 랭킹 알려줘 #06622,investor_rank,True,synthetic_hardfail
qa-hardfail-06623,외국인 매집 종목 보여줘 #06623,investor_rank,True,synthetic_hardfail
qa-hardfail-06624,외국인 기관 수급 좋은 종목 순위 #06624,investor_rank,True,synthetic_hardfail
qa-hardfail-06625,기관 순매수 랭킹 알려줘 #06625,investor_rank,True,synthetic_hardfail
qa-hardfail-06626,외국인 매집 종목 보여줘 #06626,investor_rank,True,synthetic_hardfail
qa-hardfail-06627,외국인 기관 수급 좋은 종목 순위 #06627,investor_rank,True,synthetic_hardfail
qa-hardfail-06628,기관 순매수 랭킹 알려줘 #06628,investor_rank,True,synthetic_hardfail
qa-hardfail-06629,외국인 매집 종목 보여줘 #06629,investor_rank,True,synthetic_hardfail
qa-hardfail-06630,외국인 기관 수급 좋은 종목 순위 #06630,investor_rank,True,synthetic_hardfail
qa-hardfail-06631,기관 순매수 랭킹 알려줘 #06631,investor_rank,True,synthetic_hardfail
qa-hardfail-06632,외국인 매집 종목 보여줘 #06632,investor_rank,True,synthetic_hardfail
qa-hardfail-06633,외국인 기관 수급 좋은 종목 순위 #06633,investor_rank,True,synthetic_hardfail
qa-hardfail-06634,기관 순매수 랭킹 알려줘 #06634,investor_rank,True,synthetic_hardfail
qa-hardfail-06635,외국인 매집 종목 보여줘 #06635,investor_rank,True,synthetic_hardfail
qa-hardfail-06636,외국인 기관 수급 좋은 종목 순위 #06636,investor_rank,True,synthetic_hardfail
qa-hardfail-06637,기관 순매수 랭킹 알려줘 #06637,investor_rank,True,synthetic_hardfail
qa-hardfail-06638,외국인 매집 종목 보여줘 #06638,investor_rank,True,synthetic_hardfail
qa-hardfail-06639,외국인 기관 수급 좋은 종목 순위 #06639,investor_rank,True,synthetic_hardfail
qa-hardfail-06640,기관 순매수 랭킹 알려줘 #06640,investor_rank,True,synthetic_hardfail
qa-hardfail-06641,외국인 매집 종목 보여줘 #06641,investor_rank,True,synthetic_hardfail
qa-hardfail-06642,외국인 기관 수급 좋은 종목 순위 #06642,investor_rank,True,synthetic_hardfail
qa-hardfail-06643,기관 순매수 랭킹 알려줘 #06643,investor_rank,True,synthetic_hardfail
qa-hardfail-06644,외국인 매집 종목 보여줘 #06644,investor_rank,True,synthetic_hardfail
qa-hardfail-06645,외국인 기관 수급 좋은 종목 순위 #06645,investor_rank,True,synthetic_hardfail
qa-hardfail-06646,기관 순매수 랭킹 알려줘 #06646,investor_rank,True,synthetic_hardfail
qa-hardfail-06647,외국인 매집 종목 보여줘 #06647,investor_rank,True,synthetic_hardfail
qa-hardfail-06648,외국인 기관 수급 좋은 종목 순위 #06648,investor_rank,True,synthetic_hardfail
qa-hardfail-06649,기관 순매수 랭킹 알려줘 #06649,investor_rank,True,synthetic_hardfail
qa-hardfail-06650,외국인 매집 종목 보여줘 #06650,investor_rank,True,synthetic_hardfail
qa-hardfail-06651,외국인 기관 수급 좋은 종목 순위 #06651,investor_rank,True,synthetic_hardfail
qa-hardfail-06652,기관 순매수 랭킹 알려줘 #06652,investor_rank,True,synthetic_hardfail
qa-hardfail-06653,외국인 매집 종목 보여줘 #06653,investor_rank,True,synthetic_hardfail
qa-hardfail-06654,외국인 기관 수급 좋은 종목 순위 #06654,investor_rank,True,synthetic_hardfail
qa-hardfail-06655,기관 순매수 랭킹 알려줘 #06655,investor_rank,True,synthetic_hardfail
qa-hardfail-06656,외국인 매집 종목 보여줘 #06656,investor_rank,True,synthetic_hardfail
qa-hardfail-06657,외국인 기관 수급 좋은 종목 순위 #06657,investor_rank,True,synthetic_hardfail
qa-hardfail-06658,기관 순매수 랭킹 알려줘 #06658,investor_rank,True,synthetic_hardfail
qa-hardfail-06659,외국인 매집 종목 보여줘 #06659,investor_rank,True,synthetic_hardfail
qa-hardfail-06660,외국인 기관 수급 좋은 종목 순위 #06660,investor_rank,True,synthetic_hardfail
qa-hardfail-06661,기관 순매수 랭킹 알려줘 #06661,investor_rank,True,synthetic_hardfail
qa-hardfail-06662,외국인 매집 종목 보여줘 #06662,investor_rank,True,synthetic_hardfail
qa-hardfail-06663,외국인 기관 수급 좋은 종목 순위 #06663,investor_rank,True,synthetic_hardfail
qa-hardfail-06664,기관 순매수 랭킹 알려줘 #06664,investor_rank,True,synthetic_hardfail
qa-hardfail-06665,외국인 매집 종목 보여줘 #06665,investor_rank,True,synthetic_hardfail
qa-hardfail-06666,외국인 기관 수급 좋은 종목 순위 #06666,investor_rank,True,synthetic_hardfail
qa-hardfail-06667,기관 순매수 랭킹 알려줘 #06667,investor_rank,True,synthetic_hardfail
qa-hardfail-06668,외국인 매집 종목 보여줘 #06668,investor_rank,True,synthetic_hardfail
qa-hardfail-06669,외국인 기관 수급 좋은 종목 순위 #06669,investor_rank,True,synthetic_hardfail
qa-hardfail-06670,기관 순매수 랭킹 알려줘 #06670,investor_rank,True,synthetic_hardfail
qa-hardfail-06671,외국인 매집 종목 보여줘 #06671,investor_rank,True,synthetic_hardfail
qa-hardfail-06672,외국인 기관 수급 좋은 종목 순위 #06672,investor_rank,True,synthetic_hardfail
qa-hardfail-06673,기관 순매수 랭킹 알려줘 #06673,investor_rank,True,synthetic_hardfail
qa-hardfail-06674,외국인 매집 종목 보여줘 #06674,investor_rank,True,synthetic_hardfail
qa-hardfail-06675,외국인 기관 수급 좋은 종목 순위 #06675,investor_rank,True,synthetic_hardfail
qa-hardfail-06676,기관 순매수 랭킹 알려줘 #06676,investor_rank,True,synthetic_hardfail
qa-hardfail-06677,외국인 매집 종목 보여줘 #06677,investor_rank,True,synthetic_hardfail
qa-hardfail-06678,외국인 기관 수급 좋은 종목 순위 #06678,investor_rank,True,synthetic_hardfail
qa-hardfail-06679,기관 순매수 랭킹 알려줘 #06679,investor_rank,True,synthetic_hardfail
qa-hardfail-06680,외국인 매집 종목 보여줘 #06680,investor_rank,True,synthetic_hardfail
qa-hardfail-06681,외국인 기관 수급 좋은 종목 순위 #06681,investor_rank,True,synthetic_hardfail
qa-hardfail-06682,기관 순매수 랭킹 알려줘 #06682,investor_rank,True,synthetic_hardfail
qa-hardfail-06683,외국인 매집 종목 보여줘 #06683,investor_rank,True,synthetic_hardfail
qa-hardfail-06684,외국인 기관 수급 좋은 종목 순위 #06684,investor_rank,True,synthetic_hardfail
qa-hardfail-06685,기관 순매수 랭킹 알려줘 #06685,investor_rank,True,synthetic_hardfail
qa-hardfail-06686,외국인 매집 종목 보여줘 #06686,investor_rank,True,synthetic_hardfail
qa-hardfail-06687,외국인 기관 수급 좋은 종목 순위 #06687,investor_rank,True,synthetic_hardfail
qa-hardfail-06688,기관 순매수 랭킹 알려줘 #06688,investor_rank,True,synthetic_hardfail
qa-hardfail-06689,외국인 매집 종목 보여줘 #06689,investor_rank,True,synthetic_hardfail
qa-hardfail-06690,외국인 기관 수급 좋은 종목 순위 #06690,investor_rank,True,synthetic_hardfail
qa-hardfail-06691,기관 순매수 랭킹 알려줘 #06691,investor_rank,True,synthetic_hardfail
qa-hardfail-06692,외국인 매집 종목 보여줘 #06692,investor_rank,True,synthetic_hardfail
qa-hardfail-06693,외국인 기관 수급 좋은 종목 순위 #06693,investor_rank,True,synthetic_hardfail
qa-hardfail-06694,기관 순매수 랭킹 알려줘 #06694,investor_rank,True,synthetic_hardfail
qa-hardfail-06695,외국인 매집 종목 보여줘 #06695,investor_rank,True,synthetic_hardfail
qa-hardfail-06696,외국인 기관 수급 좋은 종목 순위 #06696,investor_rank,True,synthetic_hardfail
qa-hardfail-06697,기관 순매수 랭킹 알려줘 #06697,investor_rank,True,synthetic_hardfail
qa-hardfail-06698,외국인 매집 종목 보여줘 #06698,investor_rank,True,synthetic_hardfail
qa-hardfail-06699,외국인 기관 수급 좋은 종목 순위 #06699,investor_rank,True,synthetic_hardfail
qa-hardfail-06700,기관 순매수 랭킹 알려줘 #06700,investor_rank,True,synthetic_hardfail
qa-hardfail-06701,외국인 매집 종목 보여줘 #06701,investor_rank,True,synthetic_hardfail
qa-hardfail-06702,외국인 기관 수급 좋은 종목 순위 #06702,investor_rank,True,synthetic_hardfail
qa-hardfail-06703,기관 순매수 랭킹 알려줘 #06703,investor_rank,True,synthetic_hardfail
qa-hardfail-06704,외국인 매집 종목 보여줘 #06704,investor_rank,True,synthetic_hardfail
qa-hardfail-06705,외국인 기관 수급 좋은 종목 순위 #06705,investor_rank,True,synthetic_hardfail
qa-hardfail-06706,기관 순매수 랭킹 알려줘 #06706,investor_rank,True,synthetic_hardfail
qa-hardfail-06707,외국인 매집 종목 보여줘 #06707,investor_rank,True,synthetic_hardfail
qa-hardfail-06708,외국인 기관 수급 좋은 종목 순위 #06708,investor_rank,True,synthetic_hardfail
qa-hardfail-06709,기관 순매수 랭킹 알려줘 #06709,investor_rank,True,synthetic_hardfail
qa-hardfail-06710,외국인 매집 종목 보여줘 #06710,investor_rank,True,synthetic_hardfail
qa-hardfail-06711,외국인 기관 수급 좋은 종목 순위 #06711,investor_rank,True,synthetic_hardfail
qa-hardfail-06712,기관 순매수 랭킹 알려줘 #06712,investor_rank,True,synthetic_hardfail
qa-hardfail-06713,외국인 매집 종목 보여줘 #06713,investor_rank,True,synthetic_hardfail
qa-hardfail-06714,외국인 기관 수급 좋은 종목 순위 #06714,investor_rank,True,synthetic_hardfail
qa-hardfail-06715,기관 순매수 랭킹 알려줘 #06715,investor_rank,True,synthetic_hardfail
qa-hardfail-06716,외국인 매집 종목 보여줘 #06716,investor_rank,True,synthetic_hardfail
qa-hardfail-06717,외국인 기관 수급 좋은 종목 순위 #06717,investor_rank,True,synthetic_hardfail
qa-hardfail-06718,기관 순매수 랭킹 알려줘 #06718,investor_rank,True,synthetic_hardfail
qa-hardfail-06719,외국인 매집 종목 보여줘 #06719,investor_rank,True,synthetic_hardfail
qa-hardfail-06720,외국인 기관 수급 좋은 종목 순위 #06720,investor_rank,True,synthetic_hardfail
qa-hardfail-06721,기관 순매수 랭킹 알려줘 #06721,investor_rank,True,synthetic_hardfail
qa-hardfail-06722,외국인 매집 종목 보여줘 #06722,investor_rank,True,synthetic_hardfail
qa-hardfail-06723,외국인 기관 수급 좋은 종목 순위 #06723,investor_rank,True,synthetic_hardfail
qa-hardfail-06724,기관 순매수 랭킹 알려줘 #06724,investor_rank,True,synthetic_hardfail
qa-hardfail-06725,외국인 매집 종목 보여줘 #06725,investor_rank,True,synthetic_hardfail
qa-hardfail-06726,외국인 기관 수급 좋은 종목 순위 #06726,investor_rank,True,synthetic_hardfail
qa-hardfail-06727,기관 순매수 랭킹 알려줘 #06727,investor_rank,True,synthetic_hardfail
qa-hardfail-06728,외국인 매집 종목 보여줘 #06728,investor_rank,True,synthetic_hardfail
qa-hardfail-06729,외국인 기관 수급 좋은 종목 순위 #06729,investor_rank,True,synthetic_hardfail
qa-hardfail-06730,기관 순매수 랭킹 알려줘 #06730,investor_rank,True,synthetic_hardfail
qa-hardfail-06731,외국인 매집 종목 보여줘 #06731,investor_rank,True,synthetic_hardfail
qa-hardfail-06732,외국인 기관 수급 좋은 종목 순위 #06732,investor_rank,True,synthetic_hardfail
qa-hardfail-06733,기관 순매수 랭킹 알려줘 #06733,investor_rank,True,synthetic_hardfail
qa-hardfail-06734,외국인 매집 종목 보여줘 #06734,investor_rank,True,synthetic_hardfail
qa-hardfail-06735,외국인 기관 수급 좋은 종목 순위 #06735,investor_rank,True,synthetic_hardfail
qa-hardfail-06736,기관 순매수 랭킹 알려줘 #06736,investor_rank,True,synthetic_hardfail
qa-hardfail-06737,외국인 매집 종목 보여줘 #06737,investor_rank,True,synthetic_hardfail
qa-hardfail-06738,외국인 기관 수급 좋은 종목 순위 #06738,investor_rank,True,synthetic_hardfail
qa-hardfail-06739,기관 순매수 랭킹 알려줘 #06739,investor_rank,True,synthetic_hardfail
qa-hardfail-06740,외국인 매집 종목 보여줘 #06740,investor_rank,True,synthetic_hardfail
qa-hardfail-06741,외국인 기관 수급 좋은 종목 순위 #06741,investor_rank,True,synthetic_hardfail
qa-hardfail-06742,기관 순매수 랭킹 알려줘 #06742,investor_rank,True,synthetic_hardfail
qa-hardfail-06743,외국인 매집 종목 보여줘 #06743,investor_rank,True,synthetic_hardfail
qa-hardfail-06744,외국인 기관 수급 좋은 종목 순위 #06744,investor_rank,True,synthetic_hardfail
qa-hardfail-06745,기관 순매수 랭킹 알려줘 #06745,investor_rank,True,synthetic_hardfail
qa-hardfail-06746,외국인 매집 종목 보여줘 #06746,investor_rank,True,synthetic_hardfail
qa-hardfail-06747,외국인 기관 수급 좋은 종목 순위 #06747,investor_rank,True,synthetic_hardfail
qa-hardfail-06748,기관 순매수 랭킹 알려줘 #06748,investor_rank,True,synthetic_hardfail
qa-hardfail-06749,외국인 매집 종목 보여줘 #06749,investor_rank,True,synthetic_hardfail
qa-hardfail-06750,외국인 기관 수급 좋은 종목 순위 #06750,investor_rank,True,synthetic_hardfail
qa-hardfail-06751,기관 순매수 랭킹 알려줘 #06751,investor_rank,True,synthetic_hardfail
qa-hardfail-06752,외국인 매집 종목 보여줘 #06752,investor_rank,True,synthetic_hardfail
qa-hardfail-06753,외국인 기관 수급 좋은 종목 순위 #06753,investor_rank,True,synthetic_hardfail
qa-hardfail-06754,기관 순매수 랭킹 알려줘 #06754,investor_rank,True,synthetic_hardfail
qa-hardfail-06755,외국인 매집 종목 보여줘 #06755,investor_rank,True,synthetic_hardfail
qa-hardfail-06756,외국인 기관 수급 좋은 종목 순위 #06756,investor_rank,True,synthetic_hardfail
qa-hardfail-06757,기관 순매수 랭킹 알려줘 #06757,investor_rank,True,synthetic_hardfail
qa-hardfail-06758,외국인 매집 종목 보여줘 #06758,investor_rank,True,synthetic_hardfail
qa-hardfail-06759,외국인 기관 수급 좋은 종목 순위 #06759,investor_rank,True,synthetic_hardfail
qa-hardfail-06760,기관 순매수 랭킹 알려줘 #06760,investor_rank,True,synthetic_hardfail
qa-hardfail-06761,외국인 매집 종목 보여줘 #06761,investor_rank,True,synthetic_hardfail
qa-hardfail-06762,외국인 기관 수급 좋은 종목 순위 #06762,investor_rank,True,synthetic_hardfail
qa-hardfail-06763,기관 순매수 랭킹 알려줘 #06763,investor_rank,True,synthetic_hardfail
qa-hardfail-06764,외국인 매집 종목 보여줘 #06764,investor_rank,True,synthetic_hardfail
qa-hardfail-06765,외국인 기관 수급 좋은 종목 순위 #06765,investor_rank,True,synthetic_hardfail
qa-hardfail-06766,기관 순매수 랭킹 알려줘 #06766,investor_rank,True,synthetic_hardfail
qa-hardfail-06767,외국인 매집 종목 보여줘 #06767,investor_rank,True,synthetic_hardfail
qa-hardfail-06768,외국인 기관 수급 좋은 종목 순위 #06768,investor_rank,True,synthetic_hardfail
qa-hardfail-06769,기관 순매수 랭킹 알려줘 #06769,investor_rank,True,synthetic_hardfail
qa-hardfail-06770,외국인 매집 종목 보여줘 #06770,investor_rank,True,synthetic_hardfail
qa-hardfail-06771,외국인 기관 수급 좋은 종목 순위 #06771,investor_rank,True,synthetic_hardfail
qa-hardfail-06772,기관 순매수 랭킹 알려줘 #06772,investor_rank,True,synthetic_hardfail
qa-hardfail-06773,외국인 매집 종목 보여줘 #06773,investor_rank,True,synthetic_hardfail
qa-hardfail-06774,외국인 기관 수급 좋은 종목 순위 #06774,investor_rank,True,synthetic_hardfail
qa-hardfail-06775,기관 순매수 랭킹 알려줘 #06775,investor_rank,True,synthetic_hardfail
qa-hardfail-06776,외국인 매집 종목 보여줘 #06776,investor_rank,True,synthetic_hardfail
qa-hardfail-06777,외국인 기관 수급 좋은 종목 순위 #06777,investor_rank,True,synthetic_hardfail
qa-hardfail-06778,기관 순매수 랭킹 알려줘 #06778,investor_rank,True,synthetic_hardfail
qa-hardfail-06779,외국인 매집 종목 보여줘 #06779,investor_rank,True,synthetic_hardfail
qa-hardfail-06780,외국인 기관 수급 좋은 종목 순위 #06780,investor_rank,True,synthetic_hardfail
qa-hardfail-06781,기관 순매수 랭킹 알려줘 #06781,investor_rank,True,synthetic_hardfail
qa-hardfail-06782,외국인 매집 종목 보여줘 #06782,investor_rank,True,synthetic_hardfail
qa-hardfail-06783,외국인 기관 수급 좋은 종목 순위 #06783,investor_rank,True,synthetic_hardfail
qa-hardfail-06784,기관 순매수 랭킹 알려줘 #06784,investor_rank,True,synthetic_hardfail
qa-hardfail-06785,외국인 매집 종목 보여줘 #06785,investor_rank,True,synthetic_hardfail
qa-hardfail-06786,외국인 기관 수급 좋은 종목 순위 #06786,investor_rank,True,synthetic_hardfail
qa-hardfail-06787,기관 순매수 랭킹 알려줘 #06787,investor_rank,True,synthetic_hardfail
qa-hardfail-06788,외국인 매집 종목 보여줘 #06788,investor_rank,True,synthetic_hardfail
qa-hardfail-06789,외국인 기관 수급 좋은 종목 순위 #06789,investor_rank,True,synthetic_hardfail
qa-hardfail-06790,기관 순매수 랭킹 알려줘 #06790,investor_rank,True,synthetic_hardfail
qa-hardfail-06791,외국인 매집 종목 보여줘 #06791,investor_rank,True,synthetic_hardfail
qa-hardfail-06792,외국인 기관 수급 좋은 종목 순위 #06792,investor_rank,True,synthetic_hardfail
qa-hardfail-06793,기관 순매수 랭킹 알려줘 #06793,investor_rank,True,synthetic_hardfail
qa-hardfail-06794,외국인 매집 종목 보여줘 #06794,investor_rank,True,synthetic_hardfail
qa-hardfail-06795,외국인 기관 수급 좋은 종목 순위 #06795,investor_rank,True,synthetic_hardfail
qa-hardfail-06796,기관 순매수 랭킹 알려줘 #06796,investor_rank,True,synthetic_hardfail
qa-hardfail-06797,외국인 매집 종목 보여줘 #06797,investor_rank,True,synthetic_hardfail
qa-hardfail-06798,외국인 기관 수급 좋은 종목 순위 #06798,investor_rank,True,synthetic_hardfail
qa-hardfail-06799,기관 순매수 랭킹 알려줘 #06799,investor_rank,True,synthetic_hardfail
qa-hardfail-06800,외국인 매집 종목 보여줘 #06800,investor_rank,True,synthetic_hardfail
qa-hardfail-06801,외국인 기관 수급 좋은 종목 순위 #06801,investor_rank,True,synthetic_hardfail
qa-hardfail-06802,기관 순매수 랭킹 알려줘 #06802,investor_rank,True,synthetic_hardfail
qa-hardfail-06803,외국인 매집 종목 보여줘 #06803,investor_rank,True,synthetic_hardfail
qa-hardfail-06804,외국인 기관 수급 좋은 종목 순위 #06804,investor_rank,True,synthetic_hardfail
qa-hardfail-06805,기관 순매수 랭킹 알려줘 #06805,investor_rank,True,synthetic_hardfail
qa-hardfail-06806,외국인 매집 종목 보여줘 #06806,investor_rank,True,synthetic_hardfail
qa-hardfail-06807,외국인 기관 수급 좋은 종목 순위 #06807,investor_rank,True,synthetic_hardfail
qa-hardfail-06808,기관 순매수 랭킹 알려줘 #06808,investor_rank,True,synthetic_hardfail
qa-hardfail-06809,외국인 매집 종목 보여줘 #06809,investor_rank,True,synthetic_hardfail
qa-hardfail-06810,외국인 기관 수급 좋은 종목 순위 #06810,investor_rank,True,synthetic_hardfail
qa-hardfail-06811,기관 순매수 랭킹 알려줘 #06811,investor_rank,True,synthetic_hardfail
qa-hardfail-06812,외국인 매집 종목 보여줘 #06812,investor_rank,True,synthetic_hardfail
qa-hardfail-06813,외국인 기관 수급 좋은 종목 순위 #06813,investor_rank,True,synthetic_hardfail
qa-hardfail-06814,기관 순매수 랭킹 알려줘 #06814,investor_rank,True,synthetic_hardfail
qa-hardfail-06815,외국인 매집 종목 보여줘 #06815,investor_rank,True,synthetic_hardfail
qa-hardfail-06816,외국인 기관 수급 좋은 종목 순위 #06816,investor_rank,True,synthetic_hardfail
qa-hardfail-06817,기관 순매수 랭킹 알려줘 #06817,investor_rank,True,synthetic_hardfail
qa-hardfail-06818,외국인 매집 종목 보여줘 #06818,investor_rank,True,synthetic_hardfail
qa-hardfail-06819,외국인 기관 수급 좋은 종목 순위 #06819,investor_rank,True,synthetic_hardfail
qa-hardfail-06820,기관 순매수 랭킹 알려줘 #06820,investor_rank,True,synthetic_hardfail
qa-hardfail-06821,외국인 매집 종목 보여줘 #06821,investor_rank,True,synthetic_hardfail
qa-hardfail-06822,외국인 기관 수급 좋은 종목 순위 #06822,investor_rank,True,synthetic_hardfail
qa-hardfail-06823,기관 순매수 랭킹 알려줘 #06823,investor_rank,True,synthetic_hardfail
qa-hardfail-06824,외국인 매집 종목 보여줘 #06824,investor_rank,True,synthetic_hardfail
qa-hardfail-06825,외국인 기관 수급 좋은 종목 순위 #06825,investor_rank,True,synthetic_hardfail
qa-hardfail-06826,기관 순매수 랭킹 알려줘 #06826,investor_rank,True,synthetic_hardfail
qa-hardfail-06827,외국인 매집 종목 보여줘 #06827,investor_rank,True,synthetic_hardfail
qa-hardfail-06828,외국인 기관 수급 좋은 종목 순위 #06828,investor_rank,True,synthetic_hardfail
qa-hardfail-06829,기관 순매수 랭킹 알려줘 #06829,investor_rank,True,synthetic_hardfail
qa-hardfail-06830,외국인 매집 종목 보여줘 #06830,investor_rank,True,synthetic_hardfail
qa-hardfail-06831,외국인 기관 수급 좋은 종목 순위 #06831,investor_rank,True,synthetic_hardfail
qa-hardfail-06832,기관 순매수 랭킹 알려줘 #06832,investor_rank,True,synthetic_hardfail
qa-hardfail-06833,외국인 매집 종목 보여줘 #06833,investor_rank,True,synthetic_hardfail
qa-hardfail-06834,외국인 기관 수급 좋은 종목 순위 #06834,investor_rank,True,synthetic_hardfail
qa-hardfail-06835,기관 순매수 랭킹 알려줘 #06835,investor_rank,True,synthetic_hardfail
qa-hardfail-06836,외국인 매집 종목 보여줘 #06836,investor_rank,True,synthetic_hardfail
qa-hardfail-06837,외국인 기관 수급 좋은 종목 순위 #06837,investor_rank,True,synthetic_hardfail
qa-hardfail-06838,기관 순매수 랭킹 알려줘 #06838,investor_rank,True,synthetic_hardfail
qa-hardfail-06839,외국인 매집 종목 보여줘 #06839,investor_rank,True,synthetic_hardfail
qa-hardfail-06840,외국인 기관 수급 좋은 종목 순위 #06840,investor_rank,True,synthetic_hardfail
qa-hardfail-06841,기관 순매수 랭킹 알려줘 #06841,investor_rank,True,synthetic_hardfail
qa-hardfail-06842,외국인 매집 종목 보여줘 #06842,investor_rank,True,synthetic_hardfail
qa-hardfail-06843,외국인 기관 수급 좋은 종목 순위 #06843,investor_rank,True,synthetic_hardfail
qa-hardfail-06844,기관 순매수 랭킹 알려줘 #06844,investor_rank,True,synthetic_hardfail
qa-hardfail-06845,외국인 매집 종목 보여줘 #06845,investor_rank,True,synthetic_hardfail
qa-hardfail-06846,외국인 기관 수급 좋은 종목 순위 #06846,investor_rank,True,synthetic_hardfail
qa-hardfail-06847,기관 순매수 랭킹 알려줘 #06847,investor_rank,True,synthetic_hardfail
qa-hardfail-06848,외국인 매집 종목 보여줘 #06848,investor_rank,True,synthetic_hardfail
qa-hardfail-06849,외국인 기관 수급 좋은 종목 순위 #06849,investor_rank,True,synthetic_hardfail
qa-hardfail-06850,기관 순매수 랭킹 알려줘 #06850,investor_rank,True,synthetic_hardfail
qa-hardfail-06851,외국인 매집 종목 보여줘 #06851,investor_rank,True,synthetic_hardfail
qa-hardfail-06852,외국인 기관 수급 좋은 종목 순위 #06852,investor_rank,True,synthetic_hardfail
qa-hardfail-06853,기관 순매수 랭킹 알려줘 #06853,investor_rank,True,synthetic_hardfail
qa-hardfail-06854,외국인 매집 종목 보여줘 #06854,investor_rank,True,synthetic_hardfail
qa-hardfail-06855,외국인 기관 수급 좋은 종목 순위 #06855,investor_rank,True,synthetic_hardfail
qa-hardfail-06856,기관 순매수 랭킹 알려줘 #06856,investor_rank,True,synthetic_hardfail
qa-hardfail-06857,외국인 매집 종목 보여줘 #06857,investor_rank,True,synthetic_hardfail
qa-hardfail-06858,외국인 기관 수급 좋은 종목 순위 #06858,investor_rank,True,synthetic_hardfail
qa-hardfail-06859,기관 순매수 랭킹 알려줘 #06859,investor_rank,True,synthetic_hardfail
qa-hardfail-06860,외국인 매집 종목 보여줘 #06860,investor_rank,True,synthetic_hardfail
qa-hardfail-06861,외국인 기관 수급 좋은 종목 순위 #06861,investor_rank,True,synthetic_hardfail
qa-hardfail-06862,기관 순매수 랭킹 알려줘 #06862,investor_rank,True,synthetic_hardfail
qa-hardfail-06863,외국인 매집 종목 보여줘 #06863,investor_rank,True,synthetic_hardfail
qa-hardfail-06864,외국인 기관 수급 좋은 종목 순위 #06864,investor_rank,True,synthetic_hardfail
qa-hardfail-06865,기관 순매수 랭킹 알려줘 #06865,investor_rank,True,synthetic_hardfail
qa-hardfail-06866,외국인 매집 종목 보여줘 #06866,investor_rank,True,synthetic_hardfail
qa-hardfail-06867,외국인 기관 수급 좋은 종목 순위 #06867,investor_rank,True,synthetic_hardfail
qa-hardfail-06868,기관 순매수 랭킹 알려줘 #06868,investor_rank,True,synthetic_hardfail
qa-hardfail-06869,외국인 매집 종목 보여줘 #06869,investor_rank,True,synthetic_hardfail
qa-hardfail-06870,외국인 기관 수급 좋은 종목 순위 #06870,investor_rank,True,synthetic_hardfail
qa-hardfail-06871,기관 순매수 랭킹 알려줘 #06871,investor_rank,True,synthetic_hardfail
qa-hardfail-06872,외국인 매집 종목 보여줘 #06872,investor_rank,True,synthetic_hardfail
qa-hardfail-06873,외국인 기관 수급 좋은 종목 순위 #06873,investor_rank,True,synthetic_hardfail
qa-hardfail-06874,기관 순매수 랭킹 알려줘 #06874,investor_rank,True,synthetic_hardfail
qa-hardfail-06875,외국인 매집 종목 보여줘 #06875,investor_rank,True,synthetic_hardfail
qa-hardfail-06876,외국인 기관 수급 좋은 종목 순위 #06876,investor_rank,True,synthetic_hardfail
qa-hardfail-06877,기관 순매수 랭킹 알려줘 #06877,investor_rank,True,synthetic_hardfail
qa-hardfail-06878,외국인 매집 종목 보여줘 #06878,investor_rank,True,synthetic_hardfail
qa-hardfail-06879,외국인 기관 수급 좋은 종목 순위 #06879,investor_rank,True,synthetic_hardfail
qa-hardfail-06880,기관 순매수 랭킹 알려줘 #06880,investor_rank,True,synthetic_hardfail
qa-hardfail-06881,외국인 매집 종목 보여줘 #06881,investor_rank,True,synthetic_hardfail
qa-hardfail-06882,외국인 기관 수급 좋은 종목 순위 #06882,investor_rank,True,synthetic_hardfail
qa-hardfail-06883,기관 순매수 랭킹 알려줘 #06883,investor_rank,True,synthetic_hardfail
qa-hardfail-06884,외국인 매집 종목 보여줘 #06884,investor_rank,True,synthetic_hardfail
qa-hardfail-06885,외국인 기관 수급 좋은 종목 순위 #06885,investor_rank,True,synthetic_hardfail
qa-hardfail-06886,기관 순매수 랭킹 알려줘 #06886,investor_rank,True,synthetic_hardfail
qa-hardfail-06887,외국인 매집 종목 보여줘 #06887,investor_rank,True,synthetic_hardfail
qa-hardfail-06888,외국인 기관 수급 좋은 종목 순위 #06888,investor_rank,True,synthetic_hardfail
qa-hardfail-06889,기관 순매수 랭킹 알려줘 #06889,investor_rank,True,synthetic_hardfail
qa-hardfail-06890,외국인 매집 종목 보여줘 #06890,investor_rank,True,synthetic_hardfail
qa-hardfail-06891,외국인 기관 수급 좋은 종목 순위 #06891,investor_rank,True,synthetic_hardfail
qa-hardfail-06892,기관 순매수 랭킹 알려줘 #06892,investor_rank,True,synthetic_hardfail
qa-hardfail-06893,외국인 매집 종목 보여줘 #06893,investor_rank,True,synthetic_hardfail
qa-hardfail-06894,외국인 기관 수급 좋은 종목 순위 #06894,investor_rank,True,synthetic_hardfail
qa-hardfail-06895,기관 순매수 랭킹 알려줘 #06895,investor_rank,True,synthetic_hardfail
qa-hardfail-06896,외국인 매집 종목 보여줘 #06896,investor_rank,True,synthetic_hardfail
qa-hardfail-06897,외국인 기관 수급 좋은 종목 순위 #06897,investor_rank,True,synthetic_hardfail
qa-hardfail-06898,기관 순매수 랭킹 알려줘 #06898,investor_rank,True,synthetic_hardfail
qa-hardfail-06899,외국인 매집 종목 보여줘 #06899,investor_rank,True,synthetic_hardfail
qa-hardfail-06900,외국인 기관 수급 좋은 종목 순위 #06900,investor_rank,True,synthetic_hardfail
qa-hardfail-06901,기관 순매수 랭킹 알려줘 #06901,investor_rank,True,synthetic_hardfail
qa-hardfail-06902,외국인 매집 종목 보여줘 #06902,investor_rank,True,synthetic_hardfail
qa-hardfail-06903,외국인 기관 수급 좋은 종목 순위 #06903,investor_rank,True,synthetic_hardfail
qa-hardfail-06904,기관 순매수 랭킹 알려줘 #06904,investor_rank,True,synthetic_hardfail
qa-hardfail-06905,외국인 매집 종목 보여줘 #06905,investor_rank,True,synthetic_hardfail
qa-hardfail-06906,외국인 기관 수급 좋은 종목 순위 #06906,investor_rank,True,synthetic_hardfail
qa-hardfail-06907,기관 순매수 랭킹 알려줘 #06907,investor_rank,True,synthetic_hardfail
qa-hardfail-06908,외국인 매집 종목 보여줘 #06908,investor_rank,True,synthetic_hardfail
qa-hardfail-06909,외국인 기관 수급 좋은 종목 순위 #06909,investor_rank,True,synthetic_hardfail
qa-hardfail-06910,기관 순매수 랭킹 알려줘 #06910,investor_rank,True,synthetic_hardfail
qa-hardfail-06911,외국인 매집 종목 보여줘 #06911,investor_rank,True,synthetic_hardfail
qa-hardfail-06912,외국인 기관 수급 좋은 종목 순위 #06912,investor_rank,True,synthetic_hardfail
qa-hardfail-06913,기관 순매수 랭킹 알려줘 #06913,investor_rank,True,synthetic_hardfail
qa-hardfail-06914,외국인 매집 종목 보여줘 #06914,investor_rank,True,synthetic_hardfail
qa-hardfail-06915,외국인 기관 수급 좋은 종목 순위 #06915,investor_rank,True,synthetic_hardfail
qa-hardfail-06916,기관 순매수 랭킹 알려줘 #06916,investor_rank,True,synthetic_hardfail
qa-hardfail-06917,외국인 매집 종목 보여줘 #06917,investor_rank,True,synthetic_hardfail
qa-hardfail-06918,외국인 기관 수급 좋은 종목 순위 #06918,investor_rank,True,synthetic_hardfail
qa-hardfail-06919,기관 순매수 랭킹 알려줘 #06919,investor_rank,True,synthetic_hardfail
qa-hardfail-06920,외국인 매집 종목 보여줘 #06920,investor_rank,True,synthetic_hardfail
qa-hardfail-06921,외국인 기관 수급 좋은 종목 순위 #06921,investor_rank,True,synthetic_hardfail
qa-hardfail-06922,기관 순매수 랭킹 알려줘 #06922,investor_rank,True,synthetic_hardfail
qa-hardfail-06923,외국인 매집 종목 보여줘 #06923,investor_rank,True,synthetic_hardfail
qa-hardfail-06924,외국인 기관 수급 좋은 종목 순위 #06924,investor_rank,True,synthetic_hardfail
qa-hardfail-06925,기관 순매수 랭킹 알려줘 #06925,investor_rank,True,synthetic_hardfail
qa-hardfail-06926,외국인 매집 종목 보여줘 #06926,investor_rank,True,synthetic_hardfail
qa-hardfail-06927,외국인 기관 수급 좋은 종목 순위 #06927,investor_rank,True,synthetic_hardfail
qa-hardfail-06928,기관 순매수 랭킹 알려줘 #06928,investor_rank,True,synthetic_hardfail
qa-hardfail-06929,외국인 매집 종목 보여줘 #06929,investor_rank,True,synthetic_hardfail
qa-hardfail-06930,외국인 기관 수급 좋은 종목 순위 #06930,investor_rank,True,synthetic_hardfail
qa-hardfail-06931,기관 순매수 랭킹 알려줘 #06931,investor_rank,True,synthetic_hardfail
qa-hardfail-06932,외국인 매집 종목 보여줘 #06932,investor_rank,True,synthetic_hardfail
qa-hardfail-06933,외국인 기관 수급 좋은 종목 순위 #06933,investor_rank,True,synthetic_hardfail
qa-hardfail-06934,기관 순매수 랭킹 알려줘 #06934,investor_rank,True,synthetic_hardfail
qa-hardfail-06935,외국인 매집 종목 보여줘 #06935,investor_rank,True,synthetic_hardfail
qa-hardfail-06936,외국인 기관 수급 좋은 종목 순위 #06936,investor_rank,True,synthetic_hardfail
qa-hardfail-06937,기관 순매수 랭킹 알려줘 #06937,investor_rank,True,synthetic_hardfail
qa-hardfail-06938,외국인 매집 종목 보여줘 #06938,investor_rank,True,synthetic_hardfail
qa-hardfail-06939,외국인 기관 수급 좋은 종목 순위 #06939,investor_rank,True,synthetic_hardfail
qa-hardfail-06940,기관 순매수 랭킹 알려줘 #06940,investor_rank,True,synthetic_hardfail
qa-hardfail-06941,외국인 매집 종목 보여줘 #06941,investor_rank,True,synthetic_hardfail
qa-hardfail-06942,외국인 기관 수급 좋은 종목 순위 #06942,investor_rank,True,synthetic_hardfail
qa-hardfail-06943,기관 순매수 랭킹 알려줘 #06943,investor_rank,True,synthetic_hardfail
qa-hardfail-06944,외국인 매집 종목 보여줘 #06944,investor_rank,True,synthetic_hardfail
qa-hardfail-06945,외국인 기관 수급 좋은 종목 순위 #06945,investor_rank,True,synthetic_hardfail
qa-hardfail-06946,기관 순매수 랭킹 알려줘 #06946,investor_rank,True,synthetic_hardfail
qa-hardfail-06947,외국인 매집 종목 보여줘 #06947,investor_rank,True,synthetic_hardfail
qa-hardfail-06948,외국인 기관 수급 좋은 종목 순위 #06948,investor_rank,True,synthetic_hardfail
qa-hardfail-06949,기관 순매수 랭킹 알려줘 #06949,investor_rank,True,synthetic_hardfail
qa-hardfail-06950,외국인 매집 종목 보여줘 #06950,investor_rank,True,synthetic_hardfail
qa-hardfail-06951,외국인 기관 수급 좋은 종목 순위 #06951,investor_rank,True,synthetic_hardfail
qa-hardfail-06952,기관 순매수 랭킹 알려줘 #06952,investor_rank,True,synthetic_hardfail
qa-hardfail-06953,외국인 매집 종목 보여줘 #06953,investor_rank,True,synthetic_hardfail
qa-hardfail-06954,외국인 기관 수급 좋은 종목 순위 #06954,investor_rank,True,synthetic_hardfail
qa-hardfail-06955,기관 순매수 랭킹 알려줘 #06955,investor_rank,True,synthetic_hardfail
qa-hardfail-06956,외국인 매집 종목 보여줘 #06956,investor_rank,True,synthetic_hardfail
qa-hardfail-06957,외국인 기관 수급 좋은 종목 순위 #06957,investor_rank,True,synthetic_hardfail
qa-hardfail-06958,기관 순매수 랭킹 알려줘 #06958,investor_rank,True,synthetic_hardfail
qa-hardfail-06959,외국인 매집 종목 보여줘 #06959,investor_rank,True,synthetic_hardfail
qa-hardfail-06960,외국인 기관 수급 좋은 종목 순위 #06960,investor_rank,True,synthetic_hardfail
qa-hardfail-06961,기관 순매수 랭킹 알려줘 #06961,investor_rank,True,synthetic_hardfail
qa-hardfail-06962,외국인 매집 종목 보여줘 #06962,investor_rank,True,synthetic_hardfail
qa-hardfail-06963,외국인 기관 수급 좋은 종목 순위 #06963,investor_rank,True,synthetic_hardfail
qa-hardfail-06964,기관 순매수 랭킹 알려줘 #06964,investor_rank,True,synthetic_hardfail
qa-hardfail-06965,외국인 매집 종목 보여줘 #06965,investor_rank,True,synthetic_hardfail
qa-hardfail-06966,외국인 기관 수급 좋은 종목 순위 #06966,investor_rank,True,synthetic_hardfail
qa-hardfail-06967,기관 순매수 랭킹 알려줘 #06967,investor_rank,True,synthetic_hardfail
qa-hardfail-06968,외국인 매집 종목 보여줘 #06968,investor_rank,True,synthetic_hardfail
qa-hardfail-06969,외국인 기관 수급 좋은 종목 순위 #06969,investor_rank,True,synthetic_hardfail
qa-hardfail-06970,기관 순매수 랭킹 알려줘 #06970,investor_rank,True,synthetic_hardfail
qa-hardfail-06971,외국인 매집 종목 보여줘 #06971,investor_rank,True,synthetic_hardfail
qa-hardfail-06972,외국인 기관 수급 좋은 종목 순위 #06972,investor_rank,True,synthetic_hardfail
qa-hardfail-06973,기관 순매수 랭킹 알려줘 #06973,investor_rank,True,synthetic_hardfail
qa-hardfail-06974,외국인 매집 종목 보여줘 #06974,investor_rank,True,synthetic_hardfail
qa-hardfail-06975,외국인 기관 수급 좋은 종목 순위 #06975,investor_rank,True,synthetic_hardfail
qa-hardfail-06976,기관 순매수 랭킹 알려줘 #06976,investor_rank,True,synthetic_hardfail
qa-hardfail-06977,외국인 매집 종목 보여줘 #06977,investor_rank,True,synthetic_hardfail
qa-hardfail-06978,외국인 기관 수급 좋은 종목 순위 #06978,investor_rank,True,synthetic_hardfail
qa-hardfail-06979,기관 순매수 랭킹 알려줘 #06979,investor_rank,True,synthetic_hardfail
qa-hardfail-06980,외국인 매집 종목 보여줘 #06980,investor_rank,True,synthetic_hardfail
qa-hardfail-06981,외국인 기관 수급 좋은 종목 순위 #06981,investor_rank,True,synthetic_hardfail
qa-hardfail-06982,기관 순매수 랭킹 알려줘 #06982,investor_rank,True,synthetic_hardfail
qa-hardfail-06983,외국인 매집 종목 보여줘 #06983,investor_rank,True,synthetic_hardfail
qa-hardfail-06984,외국인 기관 수급 좋은 종목 순위 #06984,investor_rank,True,synthetic_hardfail
qa-hardfail-06985,기관 순매수 랭킹 알려줘 #06985,investor_rank,True,synthetic_hardfail
qa-hardfail-06986,외국인 매집 종목 보여줘 #06986,investor_rank,True,synthetic_hardfail
qa-hardfail-06987,외국인 기관 수급 좋은 종목 순위 #06987,investor_rank,True,synthetic_hardfail
qa-hardfail-06988,기관 순매수 랭킹 알려줘 #06988,investor_rank,True,synthetic_hardfail
qa-hardfail-06989,외국인 매집 종목 보여줘 #06989,investor_rank,True,synthetic_hardfail
qa-hardfail-06990,외국인 기관 수급 좋은 종목 순위 #06990,investor_rank,True,synthetic_hardfail
qa-hardfail-06991,기관 순매수 랭킹 알려줘 #06991,investor_rank,True,synthetic_hardfail
qa-hardfail-06992,외국인 매집 종목 보여줘 #06992,investor_rank,True,synthetic_hardfail
qa-hardfail-06993,외국인 기관 수급 좋은 종목 순위 #06993,investor_rank,True,synthetic_hardfail
qa-hardfail-06994,기관 순매수 랭킹 알려줘 #06994,investor_rank,True,synthetic_hardfail
qa-hardfail-06995,외국인 매집 종목 보여줘 #06995,investor_rank,True,synthetic_hardfail
qa-hardfail-06996,외국인 기관 수급 좋은 종목 순위 #06996,investor_rank,True,synthetic_hardfail
qa-hardfail-06997,기관 순매수 랭킹 알려줘 #06997,investor_rank,True,synthetic_hardfail
qa-hardfail-06998,외국인 매집 종목 보여줘 #06998,investor_rank,True,synthetic_hardfail
qa-hardfail-06999,외국인 기관 수급 좋은 종목 순위 #06999,investor_rank,True,synthetic_hardfail
qa-hardfail-07000,기관 순매수 랭킹 알려줘 #07000,investor_rank,True,synthetic_hardfail
qa-hardfail-07001,외국인 매집 종목 보여줘 #07001,investor_rank,True,synthetic_hardfail
qa-hardfail-07002,외국인 기관 수급 좋은 종목 순위 #07002,investor_rank,True,synthetic_hardfail
qa-hardfail-07003,기관 순매수 랭킹 알려줘 #07003,investor_rank,True,synthetic_hardfail
qa-hardfail-07004,외국인 매집 종목 보여줘 #07004,investor_rank,True,synthetic_hardfail
qa-hardfail-07005,외국인 기관 수급 좋은 종목 순위 #07005,investor_rank,True,synthetic_hardfail
qa-hardfail-07006,기관 순매수 랭킹 알려줘 #07006,investor_rank,True,synthetic_hardfail
qa-hardfail-07007,외국인 매집 종목 보여줘 #07007,investor_rank,True,synthetic_hardfail
qa-hardfail-07008,외국인 기관 수급 좋은 종목 순위 #07008,investor_rank,True,synthetic_hardfail
qa-hardfail-07009,기관 순매수 랭킹 알려줘 #07009,investor_rank,True,synthetic_hardfail
qa-hardfail-07010,외국인 매집 종목 보여줘 #07010,investor_rank,True,synthetic_hardfail
qa-hardfail-07011,외국인 기관 수급 좋은 종목 순위 #07011,investor_rank,True,synthetic_hardfail
qa-hardfail-07012,기관 순매수 랭킹 알려줘 #07012,investor_rank,True,synthetic_hardfail
qa-hardfail-07013,외국인 매집 종목 보여줘 #07013,investor_rank,True,synthetic_hardfail
qa-hardfail-07014,외국인 기관 수급 좋은 종목 순위 #07014,investor_rank,True,synthetic_hardfail
qa-hardfail-07015,기관 순매수 랭킹 알려줘 #07015,investor_rank,True,synthetic_hardfail
qa-hardfail-07016,외국인 매집 종목 보여줘 #07016,investor_rank,True,synthetic_hardfail
qa-hardfail-07017,외국인 기관 수급 좋은 종목 순위 #07017,investor_rank,True,synthetic_hardfail
qa-hardfail-07018,기관 순매수 랭킹 알려줘 #07018,investor_rank,True,synthetic_hardfail
qa-hardfail-07019,외국인 매집 종목 보여줘 #07019,investor_rank,True,synthetic_hardfail
qa-hardfail-07020,외국인 기관 수급 좋은 종목 순위 #07020,investor_rank,True,synthetic_hardfail
qa-hardfail-07021,기관 순매수 랭킹 알려줘 #07021,investor_rank,True,synthetic_hardfail
qa-hardfail-07022,외국인 매집 종목 보여줘 #07022,investor_rank,True,synthetic_hardfail
qa-hardfail-07023,외국인 기관 수급 좋은 종목 순위 #07023,investor_rank,True,synthetic_hardfail
qa-hardfail-07024,기관 순매수 랭킹 알려줘 #07024,investor_rank,True,synthetic_hardfail
qa-hardfail-07025,외국인 매집 종목 보여줘 #07025,investor_rank,True,synthetic_hardfail
qa-hardfail-07026,외국인 기관 수급 좋은 종목 순위 #07026,investor_rank,True,synthetic_hardfail
qa-hardfail-07027,기관 순매수 랭킹 알려줘 #07027,investor_rank,True,synthetic_hardfail
qa-hardfail-07028,외국인 매집 종목 보여줘 #07028,investor_rank,True,synthetic_hardfail
qa-hardfail-07029,외국인 기관 수급 좋은 종목 순위 #07029,investor_rank,True,synthetic_hardfail
qa-hardfail-07030,기관 순매수 랭킹 알려줘 #07030,investor_rank,True,synthetic_hardfail
qa-hardfail-07031,외국인 매집 종목 보여줘 #07031,investor_rank,True,synthetic_hardfail
qa-hardfail-07032,외국인 기관 수급 좋은 종목 순위 #07032,investor_rank,True,synthetic_hardfail
qa-hardfail-07033,기관 순매수 랭킹 알려줘 #07033,investor_rank,True,synthetic_hardfail
qa-hardfail-07034,외국인 매집 종목 보여줘 #07034,investor_rank,True,synthetic_hardfail
qa-hardfail-07035,외국인 기관 수급 좋은 종목 순위 #07035,investor_rank,True,synthetic_hardfail
qa-hardfail-07036,기관 순매수 랭킹 알려줘 #07036,investor_rank,True,synthetic_hardfail
qa-hardfail-07037,외국인 매집 종목 보여줘 #07037,investor_rank,True,synthetic_hardfail
qa-hardfail-07038,외국인 기관 수급 좋은 종목 순위 #07038,investor_rank,True,synthetic_hardfail
qa-hardfail-07039,기관 순매수 랭킹 알려줘 #07039,investor_rank,True,synthetic_hardfail
qa-hardfail-07040,외국인 매집 종목 보여줘 #07040,investor_rank,True,synthetic_hardfail
qa-hardfail-07041,외국인 기관 수급 좋은 종목 순위 #07041,investor_rank,True,synthetic_hardfail
qa-hardfail-07042,기관 순매수 랭킹 알려줘 #07042,investor_rank,True,synthetic_hardfail
qa-hardfail-07043,외국인 매집 종목 보여줘 #07043,investor_rank,True,synthetic_hardfail
qa-hardfail-07044,외국인 기관 수급 좋은 종목 순위 #07044,investor_rank,True,synthetic_hardfail
qa-hardfail-07045,기관 순매수 랭킹 알려줘 #07045,investor_rank,True,synthetic_hardfail
qa-hardfail-07046,외국인 매집 종목 보여줘 #07046,investor_rank,True,synthetic_hardfail
qa-hardfail-07047,외국인 기관 수급 좋은 종목 순위 #07047,investor_rank,True,synthetic_hardfail
qa-hardfail-07048,기관 순매수 랭킹 알려줘 #07048,investor_rank,True,synthetic_hardfail
qa-hardfail-07049,외국인 매집 종목 보여줘 #07049,investor_rank,True,synthetic_hardfail
qa-hardfail-07050,외국인 기관 수급 좋은 종목 순위 #07050,investor_rank,True,synthetic_hardfail
qa-hardfail-07051,기관 순매수 랭킹 알려줘 #07051,investor_rank,True,synthetic_hardfail
qa-hardfail-07052,외국인 매집 종목 보여줘 #07052,investor_rank,True,synthetic_hardfail
qa-hardfail-07053,외국인 기관 수급 좋은 종목 순위 #07053,investor_rank,True,synthetic_hardfail
qa-hardfail-07054,기관 순매수 랭킹 알려줘 #07054,investor_rank,True,synthetic_hardfail
qa-hardfail-07055,외국인 매집 종목 보여줘 #07055,investor_rank,True,synthetic_hardfail
qa-hardfail-07056,외국인 기관 수급 좋은 종목 순위 #07056,investor_rank,True,synthetic_hardfail
qa-hardfail-07057,기관 순매수 랭킹 알려줘 #07057,investor_rank,True,synthetic_hardfail
qa-hardfail-07058,외국인 매집 종목 보여줘 #07058,investor_rank,True,synthetic_hardfail
qa-hardfail-07059,외국인 기관 수급 좋은 종목 순위 #07059,investor_rank,True,synthetic_hardfail
qa-hardfail-07060,기관 순매수 랭킹 알려줘 #07060,investor_rank,True,synthetic_hardfail
qa-hardfail-07061,외국인 매집 종목 보여줘 #07061,investor_rank,True,synthetic_hardfail
qa-hardfail-07062,외국인 기관 수급 좋은 종목 순위 #07062,investor_rank,True,synthetic_hardfail
qa-hardfail-07063,기관 순매수 랭킹 알려줘 #07063,investor_rank,True,synthetic_hardfail
qa-hardfail-07064,외국인 매집 종목 보여줘 #07064,investor_rank,True,synthetic_hardfail
qa-hardfail-07065,외국인 기관 수급 좋은 종목 순위 #07065,investor_rank,True,synthetic_hardfail
qa-hardfail-07066,기관 순매수 랭킹 알려줘 #07066,investor_rank,True,synthetic_hardfail
qa-hardfail-07067,외국인 매집 종목 보여줘 #07067,investor_rank,True,synthetic_hardfail
qa-hardfail-07068,외국인 기관 수급 좋은 종목 순위 #07068,investor_rank,True,synthetic_hardfail
qa-hardfail-07069,기관 순매수 랭킹 알려줘 #07069,investor_rank,True,synthetic_hardfail
qa-hardfail-07070,외국인 매집 종목 보여줘 #07070,investor_rank,True,synthetic_hardfail
qa-hardfail-07071,외국인 기관 수급 좋은 종목 순위 #07071,investor_rank,True,synthetic_hardfail
qa-hardfail-07072,기관 순매수 랭킹 알려줘 #07072,investor_rank,True,synthetic_hardfail
qa-hardfail-07073,외국인 매집 종목 보여줘 #07073,investor_rank,True,synthetic_hardfail
qa-hardfail-07074,외국인 기관 수급 좋은 종목 순위 #07074,investor_rank,True,synthetic_hardfail
qa-hardfail-07075,기관 순매수 랭킹 알려줘 #07075,investor_rank,True,synthetic_hardfail
qa-hardfail-07076,외국인 매집 종목 보여줘 #07076,investor_rank,True,synthetic_hardfail
qa-hardfail-07077,미체결 주문 취소할까? #07077,cancel_pending,True,synthetic_hardfail
qa-hardfail-07078,SK하이닉스 미체결 취소 가능해? #07078,cancel_pending,True,synthetic_hardfail
qa-hardfail-07079,미체결 주문 취소할까? #07079,cancel_pending,True,synthetic_hardfail
qa-hardfail-07080,카카오 미체결 취소 가능해? #07080,cancel_pending,True,synthetic_hardfail
qa-hardfail-07081,미체결 주문 취소할까? #07081,cancel_pending,True,synthetic_hardfail
qa-hardfail-07082,LG에너지솔루션 미체결 취소 가능해? #07082,cancel_pending,True,synthetic_hardfail
qa-hardfail-07083,미체결 주문 취소할까? #07083,cancel_pending,True,synthetic_hardfail
qa-hardfail-07084,SK하이닉스 미체결 취소 가능해? #07084,cancel_pending,True,synthetic_hardfail
qa-hardfail-07085,미체결 주문 취소할까? #07085,cancel_pending,True,synthetic_hardfail
qa-hardfail-07086,카카오 미체결 취소 가능해? #07086,cancel_pending,True,synthetic_hardfail
qa-hardfail-07087,미체결 주문 취소할까? #07087,cancel_pending,True,synthetic_hardfail
qa-hardfail-07088,LG에너지솔루션 미체결 취소 가능해? #07088,cancel_pending,True,synthetic_hardfail
qa-hardfail-07089,미체결 주문 취소할까? #07089,cancel_pending,True,synthetic_hardfail
qa-hardfail-07090,SK하이닉스 미체결 취소 가능해? #07090,cancel_pending,True,synthetic_hardfail
qa-hardfail-07091,미체결 주문 취소할까? #07091,cancel_pending,True,synthetic_hardfail
qa-hardfail-07092,카카오 미체결 취소 가능해? #07092,cancel_pending,True,synthetic_hardfail
qa-hardfail-07093,미체결 주문 취소할까? #07093,cancel_pending,True,synthetic_hardfail
qa-hardfail-07094,LG에너지솔루션 미체결 취소 가능해? #07094,cancel_pending,True,synthetic_hardfail
qa-hardfail-07095,미체결 주문 취소할까? #07095,cancel_pending,True,synthetic_hardfail
qa-hardfail-07096,SK하이닉스 미체결 취소 가능해? #07096,cancel_pending,True,synthetic_hardfail
qa-hardfail-07097,미체결 주문 취소할까? #07097,cancel_pending,True,synthetic_hardfail
qa-hardfail-07098,카카오 미체결 취소 가능해? #07098,cancel_pending,True,synthetic_hardfail
qa-hardfail-07099,미체결 주문 취소할까? #07099,cancel_pending,True,synthetic_hardfail
qa-hardfail-07100,LG에너지솔루션 미체결 취소 가능해? #07100,cancel_pending,True,synthetic_hardfail
qa-hardfail-07101,미체결 주문 취소할까? #07101,cancel_pending,True,synthetic_hardfail
qa-hardfail-07102,SK하이닉스 미체결 취소 가능해? #07102,cancel_pending,True,synthetic_hardfail
qa-hardfail-07103,미체결 주문 취소할까? #07103,cancel_pending,True,synthetic_hardfail
qa-hardfail-07104,카카오 미체결 취소 가능해? #07104,cancel_pending,True,synthetic_hardfail
qa-hardfail-07105,미체결 주문 취소할까? #07105,cancel_pending,True,synthetic_hardfail
qa-hardfail-07106,LG에너지솔루션 미체결 취소 가능해? #07106,cancel_pending,True,synthetic_hardfail
qa-hardfail-07107,미체결 주문 취소할까? #07107,cancel_pending,True,synthetic_hardfail
qa-hardfail-07108,SK하이닉스 미체결 취소 가능해? #07108,cancel_pending,True,synthetic_hardfail
qa-hardfail-07109,미체결 주문 취소할까? #07109,cancel_pending,True,synthetic_hardfail
qa-hardfail-07110,카카오 미체결 취소 가능해? #07110,cancel_pending,True,synthetic_hardfail
qa-hardfail-07111,미체결 주문 취소할까? #07111,cancel_pending,True,synthetic_hardfail
qa-hardfail-07112,LG에너지솔루션 미체결 취소 가능해? #07112,cancel_pending,True,synthetic_hardfail
qa-hardfail-07113,미체결 주문 취소할까? #07113,cancel_pending,True,synthetic_hardfail
qa-hardfail-07114,SK하이닉스 미체결 취소 가능해? #07114,cancel_pending,True,synthetic_hardfail
qa-hardfail-07115,미체결 주문 취소할까? #07115,cancel_pending,True,synthetic_hardfail
qa-hardfail-07116,카카오 미체결 취소 가능해? #07116,cancel_pending,True,synthetic_hardfail
qa-hardfail-07117,미체결 주문 취소할까? #07117,cancel_pending,True,synthetic_hardfail
qa-hardfail-07118,LG에너지솔루션 미체결 취소 가능해? #07118,cancel_pending,True,synthetic_hardfail
qa-hardfail-07119,미체결 주문 취소할까? #07119,cancel_pending,True,synthetic_hardfail
qa-hardfail-07120,SK하이닉스 미체결 취소 가능해? #07120,cancel_pending,True,synthetic_hardfail
qa-hardfail-07121,미체결 주문 취소할까? #07121,cancel_pending,True,synthetic_hardfail
qa-hardfail-07122,카카오 미체결 취소 가능해? #07122,cancel_pending,True,synthetic_hardfail
qa-hardfail-07123,미체결 주문 취소할까? #07123,cancel_pending,True,synthetic_hardfail
qa-hardfail-07124,LG에너지솔루션 미체결 취소 가능해? #07124,cancel_pending,True,synthetic_hardfail
qa-hardfail-07125,미체결 주문 취소할까? #07125,cancel_pending,True,synthetic_hardfail
qa-hardfail-07126,SK하이닉스 미체결 취소 가능해? #07126,cancel_pending,True,synthetic_hardfail
qa-hardfail-07127,미체결 주문 취소할까? #07127,cancel_pending,True,synthetic_hardfail
qa-hardfail-07128,카카오 미체결 취소 가능해? #07128,cancel_pending,True,synthetic_hardfail
qa-hardfail-07129,미체결 주문 취소할까? #07129,cancel_pending,True,synthetic_hardfail
qa-hardfail-07130,LG에너지솔루션 미체결 취소 가능해? #07130,cancel_pending,True,synthetic_hardfail
qa-hardfail-07131,미체결 주문 취소할까? #07131,cancel_pending,True,synthetic_hardfail
qa-hardfail-07132,SK하이닉스 미체결 취소 가능해? #07132,cancel_pending,True,synthetic_hardfail
qa-hardfail-07133,미체결 주문 취소할까? #07133,cancel_pending,True,synthetic_hardfail
qa-hardfail-07134,카카오 미체결 취소 가능해? #07134,cancel_pending,True,synthetic_hardfail
qa-hardfail-07135,미체결 주문 취소할까? #07135,cancel_pending,True,synthetic_hardfail
qa-hardfail-07136,LG에너지솔루션 미체결 취소 가능해? #07136,cancel_pending,True,synthetic_hardfail
qa-hardfail-07137,미체결 주문 취소할까? #07137,cancel_pending,True,synthetic_hardfail
qa-hardfail-07138,SK하이닉스 미체결 취소 가능해? #07138,cancel_pending,True,synthetic_hardfail
qa-hardfail-07139,미체결 주문 취소할까? #07139,cancel_pending,True,synthetic_hardfail
qa-hardfail-07140,카카오 미체결 취소 가능해? #07140,cancel_pending,True,synthetic_hardfail
qa-hardfail-07141,미체결 주문 취소할까? #07141,cancel_pending,True,synthetic_hardfail
qa-hardfail-07142,LG에너지솔루션 미체결 취소 가능해? #07142,cancel_pending,True,synthetic_hardfail
qa-hardfail-07143,미체결 주문 취소할까? #07143,cancel_pending,True,synthetic_hardfail
qa-hardfail-07144,SK하이닉스 미체결 취소 가능해? #07144,cancel_pending,True,synthetic_hardfail
qa-hardfail-07145,미체결 주문 취소할까? #07145,cancel_pending,True,synthetic_hardfail
qa-hardfail-07146,카카오 미체결 취소 가능해? #07146,cancel_pending,True,synthetic_hardfail
qa-hardfail-07147,미체결 주문 취소할까? #07147,cancel_pending,True,synthetic_hardfail
qa-hardfail-07148,LG에너지솔루션 미체결 취소 가능해? #07148,cancel_pending,True,synthetic_hardfail
qa-hardfail-07149,미체결 주문 취소할까? #07149,cancel_pending,True,synthetic_hardfail
qa-hardfail-07150,SK하이닉스 미체결 취소 가능해? #07150,cancel_pending,True,synthetic_hardfail
qa-hardfail-07151,미체결 주문 취소할까? #07151,cancel_pending,True,synthetic_hardfail
qa-hardfail-07152,카카오 미체결 취소 가능해? #07152,cancel_pending,True,synthetic_hardfail
qa-hardfail-07153,미체결 주문 취소할까? #07153,cancel_pending,True,synthetic_hardfail
qa-hardfail-07154,LG에너지솔루션 미체결 취소 가능해? #07154,cancel_pending,True,synthetic_hardfail
qa-hardfail-07155,미체결 주문 취소할까? #07155,cancel_pending,True,synthetic_hardfail
qa-hardfail-07156,SK하이닉스 미체결 취소 가능해? #07156,cancel_pending,True,synthetic_hardfail
qa-hardfail-07157,미체결 주문 취소할까? #07157,cancel_pending,True,synthetic_hardfail
qa-hardfail-07158,카카오 미체결 취소 가능해? #07158,cancel_pending,True,synthetic_hardfail
qa-hardfail-07159,미체결 주문 취소할까? #07159,cancel_pending,True,synthetic_hardfail
qa-hardfail-07160,LG에너지솔루션 미체결 취소 가능해? #07160,cancel_pending,True,synthetic_hardfail
qa-hardfail-07161,미체결 주문 취소할까? #07161,cancel_pending,True,synthetic_hardfail
qa-hardfail-07162,SK하이닉스 미체결 취소 가능해? #07162,cancel_pending,True,synthetic_hardfail
qa-hardfail-07163,미체결 주문 취소할까? #07163,cancel_pending,True,synthetic_hardfail
qa-hardfail-07164,카카오 미체결 취소 가능해? #07164,cancel_pending,True,synthetic_hardfail
qa-hardfail-07165,미체결 주문 취소할까? #07165,cancel_pending,True,synthetic_hardfail
qa-hardfail-07166,LG에너지솔루션 미체결 취소 가능해? #07166,cancel_pending,True,synthetic_hardfail
qa-hardfail-07167,미체결 주문 취소할까? #07167,cancel_pending,True,synthetic_hardfail
qa-hardfail-07168,SK하이닉스 미체결 취소 가능해? #07168,cancel_pending,True,synthetic_hardfail
qa-hardfail-07169,미체결 주문 취소할까? #07169,cancel_pending,True,synthetic_hardfail
qa-hardfail-07170,카카오 미체결 취소 가능해? #07170,cancel_pending,True,synthetic_hardfail
qa-hardfail-07171,미체결 주문 취소할까? #07171,cancel_pending,True,synthetic_hardfail
qa-hardfail-07172,LG에너지솔루션 미체결 취소 가능해? #07172,cancel_pending,True,synthetic_hardfail
qa-hardfail-07173,미체결 주문 취소할까? #07173,cancel_pending,True,synthetic_hardfail
qa-hardfail-07174,SK하이닉스 미체결 취소 가능해? #07174,cancel_pending,True,synthetic_hardfail
qa-hardfail-07175,미체결 주문 취소할까? #07175,cancel_pending,True,synthetic_hardfail
qa-hardfail-07176,카카오 미체결 취소 가능해? #07176,cancel_pending,True,synthetic_hardfail
qa-hardfail-07177,미체결 주문 취소할까? #07177,cancel_pending,True,synthetic_hardfail
qa-hardfail-07178,LG에너지솔루션 미체결 취소 가능해? #07178,cancel_pending,True,synthetic_hardfail
qa-hardfail-07179,미체결 주문 취소할까? #07179,cancel_pending,True,synthetic_hardfail
qa-hardfail-07180,SK하이닉스 미체결 취소 가능해? #07180,cancel_pending,True,synthetic_hardfail
qa-hardfail-07181,미체결 주문 취소할까? #07181,cancel_pending,True,synthetic_hardfail
qa-hardfail-07182,카카오 미체결 취소 가능해? #07182,cancel_pending,True,synthetic_hardfail
qa-hardfail-07183,미체결 주문 취소할까? #07183,cancel_pending,True,synthetic_hardfail
qa-hardfail-07184,LG에너지솔루션 미체결 취소 가능해? #07184,cancel_pending,True,synthetic_hardfail
qa-hardfail-07185,미체결 주문 취소할까? #07185,cancel_pending,True,synthetic_hardfail
qa-hardfail-07186,SK하이닉스 미체결 취소 가능해? #07186,cancel_pending,True,synthetic_hardfail
qa-hardfail-07187,미체결 주문 취소할까? #07187,cancel_pending,True,synthetic_hardfail
qa-hardfail-07188,카카오 미체결 취소 가능해? #07188,cancel_pending,True,synthetic_hardfail
qa-hardfail-07189,미체결 주문 취소할까? #07189,cancel_pending,True,synthetic_hardfail
qa-hardfail-07190,LG에너지솔루션 미체결 취소 가능해? #07190,cancel_pending,True,synthetic_hardfail
qa-hardfail-07191,미체결 주문 취소할까? #07191,cancel_pending,True,synthetic_hardfail
qa-hardfail-07192,SK하이닉스 미체결 취소 가능해? #07192,cancel_pending,True,synthetic_hardfail
qa-hardfail-07193,미체결 주문 취소할까? #07193,cancel_pending,True,synthetic_hardfail
qa-hardfail-07194,카카오 미체결 취소 가능해? #07194,cancel_pending,True,synthetic_hardfail
qa-hardfail-07195,미체결 주문 취소할까? #07195,cancel_pending,True,synthetic_hardfail
qa-hardfail-07196,LG에너지솔루션 미체결 취소 가능해? #07196,cancel_pending,True,synthetic_hardfail
qa-hardfail-07197,미체결 주문 취소할까? #07197,cancel_pending,True,synthetic_hardfail
qa-hardfail-07198,SK하이닉스 미체결 취소 가능해? #07198,cancel_pending,True,synthetic_hardfail
qa-hardfail-07199,미체결 주문 취소할까? #07199,cancel_pending,True,synthetic_hardfail
qa-hardfail-07200,카카오 미체결 취소 가능해? #07200,cancel_pending,True,synthetic_hardfail
qa-hardfail-07201,미체결 주문 취소할까? #07201,cancel_pending,True,synthetic_hardfail
qa-hardfail-07202,LG에너지솔루션 미체결 취소 가능해? #07202,cancel_pending,True,synthetic_hardfail
qa-hardfail-07203,미체결 주문 취소할까? #07203,cancel_pending,True,synthetic_hardfail
qa-hardfail-07204,SK하이닉스 미체결 취소 가능해? #07204,cancel_pending,True,synthetic_hardfail
qa-hardfail-07205,미체결 주문 취소할까? #07205,cancel_pending,True,synthetic_hardfail
qa-hardfail-07206,카카오 미체결 취소 가능해? #07206,cancel_pending,True,synthetic_hardfail
qa-hardfail-07207,미체결 주문 취소할까? #07207,cancel_pending,True,synthetic_hardfail
qa-hardfail-07208,LG에너지솔루션 미체결 취소 가능해? #07208,cancel_pending,True,synthetic_hardfail
qa-hardfail-07209,미체결 주문 취소할까? #07209,cancel_pending,True,synthetic_hardfail
qa-hardfail-07210,SK하이닉스 미체결 취소 가능해? #07210,cancel_pending,True,synthetic_hardfail
qa-hardfail-07211,미체결 주문 취소할까? #07211,cancel_pending,True,synthetic_hardfail
qa-hardfail-07212,카카오 미체결 취소 가능해? #07212,cancel_pending,True,synthetic_hardfail
qa-hardfail-07213,미체결 주문 취소할까? #07213,cancel_pending,True,synthetic_hardfail
qa-hardfail-07214,LG에너지솔루션 미체결 취소 가능해? #07214,cancel_pending,True,synthetic_hardfail
qa-hardfail-07215,미체결 주문 취소할까? #07215,cancel_pending,True,synthetic_hardfail
qa-hardfail-07216,SK하이닉스 미체결 취소 가능해? #07216,cancel_pending,True,synthetic_hardfail
qa-hardfail-07217,미체결 주문 취소할까? #07217,cancel_pending,True,synthetic_hardfail
qa-hardfail-07218,카카오 미체결 취소 가능해? #07218,cancel_pending,True,synthetic_hardfail
qa-hardfail-07219,미체결 주문 취소할까? #07219,cancel_pending,True,synthetic_hardfail
qa-hardfail-07220,LG에너지솔루션 미체결 취소 가능해? #07220,cancel_pending,True,synthetic_hardfail
qa-hardfail-07221,미체결 주문 취소할까? #07221,cancel_pending,True,synthetic_hardfail
qa-hardfail-07222,SK하이닉스 미체결 취소 가능해? #07222,cancel_pending,True,synthetic_hardfail
qa-hardfail-07223,미체결 주문 취소할까? #07223,cancel_pending,True,synthetic_hardfail
qa-hardfail-07224,카카오 미체결 취소 가능해? #07224,cancel_pending,True,synthetic_hardfail
qa-hardfail-07225,미체결 주문 취소할까? #07225,cancel_pending,True,synthetic_hardfail
qa-hardfail-07226,LG에너지솔루션 미체결 취소 가능해? #07226,cancel_pending,True,synthetic_hardfail
qa-hardfail-07227,미체결 주문 취소할까? #07227,cancel_pending,True,synthetic_hardfail
qa-hardfail-07228,SK하이닉스 미체결 취소 가능해? #07228,cancel_pending,True,synthetic_hardfail
qa-hardfail-07229,미체결 주문 취소할까? #07229,cancel_pending,True,synthetic_hardfail
qa-hardfail-07230,카카오 미체결 취소 가능해? #07230,cancel_pending,True,synthetic_hardfail
qa-hardfail-07231,미체결 주문 취소할까? #07231,cancel_pending,True,synthetic_hardfail
qa-hardfail-07232,LG에너지솔루션 미체결 취소 가능해? #07232,cancel_pending,True,synthetic_hardfail
qa-hardfail-07233,미체결 주문 취소할까? #07233,cancel_pending,True,synthetic_hardfail
qa-hardfail-07234,SK하이닉스 미체결 취소 가능해? #07234,cancel_pending,True,synthetic_hardfail
qa-hardfail-07235,미체결 주문 취소할까? #07235,cancel_pending,True,synthetic_hardfail
qa-hardfail-07236,카카오 미체결 취소 가능해? #07236,cancel_pending,True,synthetic_hardfail
qa-hardfail-07237,미체결 주문 취소할까? #07237,cancel_pending,True,synthetic_hardfail
qa-hardfail-07238,LG에너지솔루션 미체결 취소 가능해? #07238,cancel_pending,True,synthetic_hardfail
qa-hardfail-07239,미체결 주문 취소할까? #07239,cancel_pending,True,synthetic_hardfail
qa-hardfail-07240,SK하이닉스 미체결 취소 가능해? #07240,cancel_pending,True,synthetic_hardfail
qa-hardfail-07241,미체결 주문 취소할까? #07241,cancel_pending,True,synthetic_hardfail
qa-hardfail-07242,카카오 미체결 취소 가능해? #07242,cancel_pending,True,synthetic_hardfail
qa-hardfail-07243,미체결 주문 취소할까? #07243,cancel_pending,True,synthetic_hardfail
qa-hardfail-07244,LG에너지솔루션 미체결 취소 가능해? #07244,cancel_pending,True,synthetic_hardfail
qa-hardfail-07245,미체결 주문 취소할까? #07245,cancel_pending,True,synthetic_hardfail
qa-hardfail-07246,SK하이닉스 미체결 취소 가능해? #07246,cancel_pending,True,synthetic_hardfail
qa-hardfail-07247,미체결 주문 취소할까? #07247,cancel_pending,True,synthetic_hardfail
qa-hardfail-07248,카카오 미체결 취소 가능해? #07248,cancel_pending,True,synthetic_hardfail
qa-hardfail-07249,미체결 주문 취소할까? #07249,cancel_pending,True,synthetic_hardfail
qa-hardfail-07250,LG에너지솔루션 미체결 취소 가능해? #07250,cancel_pending,True,synthetic_hardfail
qa-hardfail-07251,미체결 주문 취소할까? #07251,cancel_pending,True,synthetic_hardfail
qa-hardfail-07252,SK하이닉스 미체결 취소 가능해? #07252,cancel_pending,True,synthetic_hardfail
qa-hardfail-07253,미체결 주문 취소할까? #07253,cancel_pending,True,synthetic_hardfail
qa-hardfail-07254,카카오 미체결 취소 가능해? #07254,cancel_pending,True,synthetic_hardfail
qa-hardfail-07255,미체결 주문 취소할까? #07255,cancel_pending,True,synthetic_hardfail
qa-hardfail-07256,LG에너지솔루션 미체결 취소 가능해? #07256,cancel_pending,True,synthetic_hardfail
qa-hardfail-07257,미체결 주문 취소할까? #07257,cancel_pending,True,synthetic_hardfail
qa-hardfail-07258,SK하이닉스 미체결 취소 가능해? #07258,cancel_pending,True,synthetic_hardfail
qa-hardfail-07259,미체결 주문 취소할까? #07259,cancel_pending,True,synthetic_hardfail
qa-hardfail-07260,카카오 미체결 취소 가능해? #07260,cancel_pending,True,synthetic_hardfail
qa-hardfail-07261,미체결 주문 취소할까? #07261,cancel_pending,True,synthetic_hardfail
qa-hardfail-07262,LG에너지솔루션 미체결 취소 가능해? #07262,cancel_pending,True,synthetic_hardfail
qa-hardfail-07263,미체결 주문 취소할까? #07263,cancel_pending,True,synthetic_hardfail
qa-hardfail-07264,SK하이닉스 미체결 취소 가능해? #07264,cancel_pending,True,synthetic_hardfail
qa-hardfail-07265,미체결 주문 취소할까? #07265,cancel_pending,True,synthetic_hardfail
qa-hardfail-07266,카카오 미체결 취소 가능해? #07266,cancel_pending,True,synthetic_hardfail
qa-hardfail-07267,미체결 주문 취소할까? #07267,cancel_pending,True,synthetic_hardfail
qa-hardfail-07268,LG에너지솔루션 미체결 취소 가능해? #07268,cancel_pending,True,synthetic_hardfail
qa-hardfail-07269,미체결 주문 취소할까? #07269,cancel_pending,True,synthetic_hardfail
qa-hardfail-07270,SK하이닉스 미체결 취소 가능해? #07270,cancel_pending,True,synthetic_hardfail
qa-hardfail-07271,미체결 주문 취소할까? #07271,cancel_pending,True,synthetic_hardfail
qa-hardfail-07272,카카오 미체결 취소 가능해? #07272,cancel_pending,True,synthetic_hardfail
qa-hardfail-07273,미체결 주문 취소할까? #07273,cancel_pending,True,synthetic_hardfail
qa-hardfail-07274,LG에너지솔루션 미체결 취소 가능해? #07274,cancel_pending,True,synthetic_hardfail
qa-hardfail-07275,미체결 주문 취소할까? #07275,cancel_pending,True,synthetic_hardfail
qa-hardfail-07276,SK하이닉스 미체결 취소 가능해? #07276,cancel_pending,True,synthetic_hardfail
qa-hardfail-07277,미체결 주문 취소할까? #07277,cancel_pending,True,synthetic_hardfail
qa-hardfail-07278,카카오 미체결 취소 가능해? #07278,cancel_pending,True,synthetic_hardfail
qa-hardfail-07279,미체결 주문 취소할까? #07279,cancel_pending,True,synthetic_hardfail
qa-hardfail-07280,LG에너지솔루션 미체결 취소 가능해? #07280,cancel_pending,True,synthetic_hardfail
qa-hardfail-07281,미체결 주문 취소할까? #07281,cancel_pending,True,synthetic_hardfail
qa-hardfail-07282,SK하이닉스 미체결 취소 가능해? #07282,cancel_pending,True,synthetic_hardfail
qa-hardfail-07283,미체결 주문 취소할까? #07283,cancel_pending,True,synthetic_hardfail
qa-hardfail-07284,카카오 미체결 취소 가능해? #07284,cancel_pending,True,synthetic_hardfail
qa-hardfail-07285,미체결 주문 취소할까? #07285,cancel_pending,True,synthetic_hardfail
qa-hardfail-07286,LG에너지솔루션 미체결 취소 가능해? #07286,cancel_pending,True,synthetic_hardfail
qa-hardfail-07287,미체결 주문 취소할까? #07287,cancel_pending,True,synthetic_hardfail
qa-hardfail-07288,SK하이닉스 미체결 취소 가능해? #07288,cancel_pending,True,synthetic_hardfail
qa-hardfail-07289,미체결 주문 취소할까? #07289,cancel_pending,True,synthetic_hardfail
qa-hardfail-07290,카카오 미체결 취소 가능해? #07290,cancel_pending,True,synthetic_hardfail
qa-hardfail-07291,미체결 주문 취소할까? #07291,cancel_pending,True,synthetic_hardfail
qa-hardfail-07292,LG에너지솔루션 미체결 취소 가능해? #07292,cancel_pending,True,synthetic_hardfail
qa-hardfail-07293,미체결 주문 취소할까? #07293,cancel_pending,True,synthetic_hardfail
qa-hardfail-07294,SK하이닉스 미체결 취소 가능해? #07294,cancel_pending,True,synthetic_hardfail
qa-hardfail-07295,미체결 주문 취소할까? #07295,cancel_pending,True,synthetic_hardfail
qa-hardfail-07296,카카오 미체결 취소 가능해? #07296,cancel_pending,True,synthetic_hardfail
qa-hardfail-07297,미체결 주문 취소할까? #07297,cancel_pending,True,synthetic_hardfail
qa-hardfail-07298,LG에너지솔루션 미체결 취소 가능해? #07298,cancel_pending,True,synthetic_hardfail
qa-hardfail-07299,미체결 주문 취소할까? #07299,cancel_pending,True,synthetic_hardfail
qa-hardfail-07300,SK하이닉스 미체결 취소 가능해? #07300,cancel_pending,True,synthetic_hardfail
qa-hardfail-07301,미체결 주문 취소할까? #07301,cancel_pending,True,synthetic_hardfail
qa-hardfail-07302,카카오 미체결 취소 가능해? #07302,cancel_pending,True,synthetic_hardfail
qa-hardfail-07303,미체결 주문 취소할까? #07303,cancel_pending,True,synthetic_hardfail
qa-hardfail-07304,LG에너지솔루션 미체결 취소 가능해? #07304,cancel_pending,True,synthetic_hardfail
qa-hardfail-07305,미체결 주문 취소할까? #07305,cancel_pending,True,synthetic_hardfail
qa-hardfail-07306,SK하이닉스 미체결 취소 가능해? #07306,cancel_pending,True,synthetic_hardfail
qa-hardfail-07307,미체결 주문 취소할까? #07307,cancel_pending,True,synthetic_hardfail
qa-hardfail-07308,카카오 미체결 취소 가능해? #07308,cancel_pending,True,synthetic_hardfail
qa-hardfail-07309,미체결 주문 취소할까? #07309,cancel_pending,True,synthetic_hardfail
qa-hardfail-07310,LG에너지솔루션 미체결 취소 가능해? #07310,cancel_pending,True,synthetic_hardfail
qa-hardfail-07311,미체결 주문 취소할까? #07311,cancel_pending,True,synthetic_hardfail
qa-hardfail-07312,SK하이닉스 미체결 취소 가능해? #07312,cancel_pending,True,synthetic_hardfail
qa-hardfail-07313,미체결 주문 취소할까? #07313,cancel_pending,True,synthetic_hardfail
qa-hardfail-07314,카카오 미체결 취소 가능해? #07314,cancel_pending,True,synthetic_hardfail
qa-hardfail-07315,미체결 주문 취소할까? #07315,cancel_pending,True,synthetic_hardfail
qa-hardfail-07316,LG에너지솔루션 미체결 취소 가능해? #07316,cancel_pending,True,synthetic_hardfail
qa-hardfail-07317,미체결 주문 취소할까? #07317,cancel_pending,True,synthetic_hardfail
qa-hardfail-07318,SK하이닉스 미체결 취소 가능해? #07318,cancel_pending,True,synthetic_hardfail
qa-hardfail-07319,미체결 주문 취소할까? #07319,cancel_pending,True,synthetic_hardfail
qa-hardfail-07320,카카오 미체결 취소 가능해? #07320,cancel_pending,True,synthetic_hardfail
qa-hardfail-07321,미체결 주문 취소할까? #07321,cancel_pending,True,synthetic_hardfail
qa-hardfail-07322,LG에너지솔루션 미체결 취소 가능해? #07322,cancel_pending,True,synthetic_hardfail
qa-hardfail-07323,미체결 주문 취소할까? #07323,cancel_pending,True,synthetic_hardfail
qa-hardfail-07324,SK하이닉스 미체결 취소 가능해? #07324,cancel_pending,True,synthetic_hardfail
qa-hardfail-07325,미체결 주문 취소할까? #07325,cancel_pending,True,synthetic_hardfail
qa-hardfail-07326,카카오 미체결 취소 가능해? #07326,cancel_pending,True,synthetic_hardfail
qa-hardfail-07327,미체결 주문 취소할까? #07327,cancel_pending,True,synthetic_hardfail
qa-hardfail-07328,LG에너지솔루션 미체결 취소 가능해? #07328,cancel_pending,True,synthetic_hardfail
qa-hardfail-07329,미체결 주문 취소할까? #07329,cancel_pending,True,synthetic_hardfail
qa-hardfail-07330,SK하이닉스 미체결 취소 가능해? #07330,cancel_pending,True,synthetic_hardfail
qa-hardfail-07331,미체결 주문 취소할까? #07331,cancel_pending,True,synthetic_hardfail
qa-hardfail-07332,카카오 미체결 취소 가능해? #07332,cancel_pending,True,synthetic_hardfail
qa-hardfail-07333,미체결 주문 취소할까? #07333,cancel_pending,True,synthetic_hardfail
qa-hardfail-07334,LG에너지솔루션 미체결 취소 가능해? #07334,cancel_pending,True,synthetic_hardfail
qa-hardfail-07335,미체결 주문 취소할까? #07335,cancel_pending,True,synthetic_hardfail
qa-hardfail-07336,SK하이닉스 미체결 취소 가능해? #07336,cancel_pending,True,synthetic_hardfail
qa-hardfail-07337,미체결 주문 취소할까? #07337,cancel_pending,True,synthetic_hardfail
qa-hardfail-07338,카카오 미체결 취소 가능해? #07338,cancel_pending,True,synthetic_hardfail
qa-hardfail-07339,미체결 주문 취소할까? #07339,cancel_pending,True,synthetic_hardfail
qa-hardfail-07340,LG에너지솔루션 미체결 취소 가능해? #07340,cancel_pending,True,synthetic_hardfail
qa-hardfail-07341,미체결 주문 취소할까? #07341,cancel_pending,True,synthetic_hardfail
qa-hardfail-07342,SK하이닉스 미체결 취소 가능해? #07342,cancel_pending,True,synthetic_hardfail
qa-hardfail-07343,미체결 주문 취소할까? #07343,cancel_pending,True,synthetic_hardfail
qa-hardfail-07344,카카오 미체결 취소 가능해? #07344,cancel_pending,True,synthetic_hardfail
qa-hardfail-07345,미체결 주문 취소할까? #07345,cancel_pending,True,synthetic_hardfail
qa-hardfail-07346,LG에너지솔루션 미체결 취소 가능해? #07346,cancel_pending,True,synthetic_hardfail
qa-hardfail-07347,미체결 주문 취소할까? #07347,cancel_pending,True,synthetic_hardfail
qa-hardfail-07348,SK하이닉스 미체결 취소 가능해? #07348,cancel_pending,True,synthetic_hardfail
qa-hardfail-07349,미체결 주문 취소할까? #07349,cancel_pending,True,synthetic_hardfail
qa-hardfail-07350,카카오 미체결 취소 가능해? #07350,cancel_pending,True,synthetic_hardfail
qa-hardfail-07351,미체결 주문 취소할까? #07351,cancel_pending,True,synthetic_hardfail
qa-hardfail-07352,LG에너지솔루션 미체결 취소 가능해? #07352,cancel_pending,True,synthetic_hardfail
qa-hardfail-07353,미체결 주문 취소할까? #07353,cancel_pending,True,synthetic_hardfail
qa-hardfail-07354,SK하이닉스 미체결 취소 가능해? #07354,cancel_pending,True,synthetic_hardfail
qa-hardfail-07355,미체결 주문 취소할까? #07355,cancel_pending,True,synthetic_hardfail
qa-hardfail-07356,카카오 미체결 취소 가능해? #07356,cancel_pending,True,synthetic_hardfail
qa-hardfail-07357,미체결 주문 취소할까? #07357,cancel_pending,True,synthetic_hardfail
qa-hardfail-07358,LG에너지솔루션 미체결 취소 가능해? #07358,cancel_pending,True,synthetic_hardfail
qa-hardfail-07359,미체결 주문 취소할까? #07359,cancel_pending,True,synthetic_hardfail
qa-hardfail-07360,SK하이닉스 미체결 취소 가능해? #07360,cancel_pending,True,synthetic_hardfail
qa-hardfail-07361,미체결 주문 취소할까? #07361,cancel_pending,True,synthetic_hardfail
qa-hardfail-07362,카카오 미체결 취소 가능해? #07362,cancel_pending,True,synthetic_hardfail
qa-hardfail-07363,미체결 주문 취소할까? #07363,cancel_pending,True,synthetic_hardfail
qa-hardfail-07364,LG에너지솔루션 미체결 취소 가능해? #07364,cancel_pending,True,synthetic_hardfail
qa-hardfail-07365,미체결 주문 취소할까? #07365,cancel_pending,True,synthetic_hardfail
qa-hardfail-07366,SK하이닉스 미체결 취소 가능해? #07366,cancel_pending,True,synthetic_hardfail
qa-hardfail-07367,미체결 주문 취소할까? #07367,cancel_pending,True,synthetic_hardfail
qa-hardfail-07368,카카오 미체결 취소 가능해? #07368,cancel_pending,True,synthetic_hardfail
qa-hardfail-07369,미체결 주문 취소할까? #07369,cancel_pending,True,synthetic_hardfail
qa-hardfail-07370,LG에너지솔루션 미체결 취소 가능해? #07370,cancel_pending,True,synthetic_hardfail
qa-hardfail-07371,미체결 주문 취소할까? #07371,cancel_pending,True,synthetic_hardfail
qa-hardfail-07372,SK하이닉스 미체결 취소 가능해? #07372,cancel_pending,True,synthetic_hardfail
qa-hardfail-07373,미체결 주문 취소할까? #07373,cancel_pending,True,synthetic_hardfail
qa-hardfail-07374,카카오 미체결 취소 가능해? #07374,cancel_pending,True,synthetic_hardfail
qa-hardfail-07375,미체결 주문 취소할까? #07375,cancel_pending,True,synthetic_hardfail
qa-hardfail-07376,LG에너지솔루션 미체결 취소 가능해? #07376,cancel_pending,True,synthetic_hardfail
qa-hardfail-07377,미체결 주문 취소할까? #07377,cancel_pending,True,synthetic_hardfail
qa-hardfail-07378,SK하이닉스 미체결 취소 가능해? #07378,cancel_pending,True,synthetic_hardfail
qa-hardfail-07379,미체결 주문 취소할까? #07379,cancel_pending,True,synthetic_hardfail
qa-hardfail-07380,카카오 미체결 취소 가능해? #07380,cancel_pending,True,synthetic_hardfail
qa-hardfail-07381,미체결 주문 취소할까? #07381,cancel_pending,True,synthetic_hardfail
qa-hardfail-07382,LG에너지솔루션 미체결 취소 가능해? #07382,cancel_pending,True,synthetic_hardfail
qa-hardfail-07383,미체결 주문 취소할까? #07383,cancel_pending,True,synthetic_hardfail
qa-hardfail-07384,SK하이닉스 미체결 취소 가능해? #07384,cancel_pending,True,synthetic_hardfail
qa-hardfail-07385,미체결 주문 취소할까? #07385,cancel_pending,True,synthetic_hardfail
qa-hardfail-07386,카카오 미체결 취소 가능해? #07386,cancel_pending,True,synthetic_hardfail
qa-hardfail-07387,미체결 주문 취소할까? #07387,cancel_pending,True,synthetic_hardfail
qa-hardfail-07388,LG에너지솔루션 미체결 취소 가능해? #07388,cancel_pending,True,synthetic_hardfail
qa-hardfail-07389,미체결 주문 취소할까? #07389,cancel_pending,True,synthetic_hardfail
qa-hardfail-07390,SK하이닉스 미체결 취소 가능해? #07390,cancel_pending,True,synthetic_hardfail
qa-hardfail-07391,미체결 주문 취소할까? #07391,cancel_pending,True,synthetic_hardfail
qa-hardfail-07392,카카오 미체결 취소 가능해? #07392,cancel_pending,True,synthetic_hardfail
qa-hardfail-07393,미체결 주문 취소할까? #07393,cancel_pending,True,synthetic_hardfail
qa-hardfail-07394,LG에너지솔루션 미체결 취소 가능해? #07394,cancel_pending,True,synthetic_hardfail
qa-hardfail-07395,미체결 주문 취소할까? #07395,cancel_pending,True,synthetic_hardfail
qa-hardfail-07396,SK하이닉스 미체결 취소 가능해? #07396,cancel_pending,True,synthetic_hardfail
qa-hardfail-07397,미체결 주문 취소할까? #07397,cancel_pending,True,synthetic_hardfail
qa-hardfail-07398,카카오 미체결 취소 가능해? #07398,cancel_pending,True,synthetic_hardfail
qa-hardfail-07399,미체결 주문 취소할까? #07399,cancel_pending,True,synthetic_hardfail
qa-hardfail-07400,LG에너지솔루션 미체결 취소 가능해? #07400,cancel_pending,True,synthetic_hardfail
qa-hardfail-07401,미체결 주문 취소할까? #07401,cancel_pending,True,synthetic_hardfail
qa-hardfail-07402,SK하이닉스 미체결 취소 가능해? #07402,cancel_pending,True,synthetic_hardfail
qa-hardfail-07403,미체결 주문 취소할까? #07403,cancel_pending,True,synthetic_hardfail
qa-hardfail-07404,카카오 미체결 취소 가능해? #07404,cancel_pending,True,synthetic_hardfail
qa-hardfail-07405,미체결 주문 취소할까? #07405,cancel_pending,True,synthetic_hardfail
qa-hardfail-07406,LG에너지솔루션 미체결 취소 가능해? #07406,cancel_pending,True,synthetic_hardfail
qa-hardfail-07407,미체결 주문 취소할까? #07407,cancel_pending,True,synthetic_hardfail
qa-hardfail-07408,SK하이닉스 미체결 취소 가능해? #07408,cancel_pending,True,synthetic_hardfail
qa-hardfail-07409,미체결 주문 취소할까? #07409,cancel_pending,True,synthetic_hardfail
qa-hardfail-07410,카카오 미체결 취소 가능해? #07410,cancel_pending,True,synthetic_hardfail
qa-hardfail-07411,미체결 주문 취소할까? #07411,cancel_pending,True,synthetic_hardfail
qa-hardfail-07412,LG에너지솔루션 미체결 취소 가능해? #07412,cancel_pending,True,synthetic_hardfail
qa-hardfail-07413,미체결 주문 취소할까? #07413,cancel_pending,True,synthetic_hardfail
qa-hardfail-07414,SK하이닉스 미체결 취소 가능해? #07414,cancel_pending,True,synthetic_hardfail
qa-hardfail-07415,미체결 주문 취소할까? #07415,cancel_pending,True,synthetic_hardfail
qa-hardfail-07416,카카오 미체결 취소 가능해? #07416,cancel_pending,True,synthetic_hardfail
qa-hardfail-07417,미체결 주문 취소할까? #07417,cancel_pending,True,synthetic_hardfail
qa-hardfail-07418,LG에너지솔루션 미체결 취소 가능해? #07418,cancel_pending,True,synthetic_hardfail
qa-hardfail-07419,미체결 주문 취소할까? #07419,cancel_pending,True,synthetic_hardfail
qa-hardfail-07420,SK하이닉스 미체결 취소 가능해? #07420,cancel_pending,True,synthetic_hardfail
qa-hardfail-07421,미체결 주문 취소할까? #07421,cancel_pending,True,synthetic_hardfail
qa-hardfail-07422,카카오 미체결 취소 가능해? #07422,cancel_pending,True,synthetic_hardfail
qa-hardfail-07423,미체결 주문 취소할까? #07423,cancel_pending,True,synthetic_hardfail
qa-hardfail-07424,LG에너지솔루션 미체결 취소 가능해? #07424,cancel_pending,True,synthetic_hardfail
qa-hardfail-07425,미체결 주문 취소할까? #07425,cancel_pending,True,synthetic_hardfail
qa-hardfail-07426,SK하이닉스 미체결 취소 가능해? #07426,cancel_pending,True,synthetic_hardfail
qa-hardfail-07427,미체결 주문 취소할까? #07427,cancel_pending,True,synthetic_hardfail
qa-hardfail-07428,카카오 미체결 취소 가능해? #07428,cancel_pending,True,synthetic_hardfail
qa-hardfail-07429,미체결 주문 취소할까? #07429,cancel_pending,True,synthetic_hardfail
qa-hardfail-07430,LG에너지솔루션 미체결 취소 가능해? #07430,cancel_pending,True,synthetic_hardfail
qa-hardfail-07431,미체결 주문 취소할까? #07431,cancel_pending,True,synthetic_hardfail
qa-hardfail-07432,SK하이닉스 미체결 취소 가능해? #07432,cancel_pending,True,synthetic_hardfail
qa-hardfail-07433,미체결 주문 취소할까? #07433,cancel_pending,True,synthetic_hardfail
qa-hardfail-07434,카카오 미체결 취소 가능해? #07434,cancel_pending,True,synthetic_hardfail
qa-hardfail-07435,미체결 주문 취소할까? #07435,cancel_pending,True,synthetic_hardfail
qa-hardfail-07436,LG에너지솔루션 미체결 취소 가능해? #07436,cancel_pending,True,synthetic_hardfail
qa-hardfail-07437,미체결 주문 취소할까? #07437,cancel_pending,True,synthetic_hardfail
qa-hardfail-07438,SK하이닉스 미체결 취소 가능해? #07438,cancel_pending,True,synthetic_hardfail
qa-hardfail-07439,미체결 주문 취소할까? #07439,cancel_pending,True,synthetic_hardfail
qa-hardfail-07440,카카오 미체결 취소 가능해? #07440,cancel_pending,True,synthetic_hardfail
qa-hardfail-07441,미체결 주문 취소할까? #07441,cancel_pending,True,synthetic_hardfail
qa-hardfail-07442,LG에너지솔루션 미체결 취소 가능해? #07442,cancel_pending,True,synthetic_hardfail
qa-hardfail-07443,미체결 주문 취소할까? #07443,cancel_pending,True,synthetic_hardfail
qa-hardfail-07444,SK하이닉스 미체결 취소 가능해? #07444,cancel_pending,True,synthetic_hardfail
qa-hardfail-07445,미체결 주문 취소할까? #07445,cancel_pending,True,synthetic_hardfail
qa-hardfail-07446,카카오 미체결 취소 가능해? #07446,cancel_pending,True,synthetic_hardfail
qa-hardfail-07447,미체결 주문 취소할까? #07447,cancel_pending,True,synthetic_hardfail
qa-hardfail-07448,LG에너지솔루션 미체결 취소 가능해? #07448,cancel_pending,True,synthetic_hardfail
qa-hardfail-07449,미체결 주문 취소할까? #07449,cancel_pending,True,synthetic_hardfail
qa-hardfail-07450,SK하이닉스 미체결 취소 가능해? #07450,cancel_pending,True,synthetic_hardfail
qa-hardfail-07451,미체결 주문 취소할까? #07451,cancel_pending,True,synthetic_hardfail
qa-hardfail-07452,카카오 미체결 취소 가능해? #07452,cancel_pending,True,synthetic_hardfail
qa-hardfail-07453,미체결 주문 취소할까? #07453,cancel_pending,True,synthetic_hardfail
qa-hardfail-07454,LG에너지솔루션 미체결 취소 가능해? #07454,cancel_pending,True,synthetic_hardfail
qa-hardfail-07455,미체결 주문 취소할까? #07455,cancel_pending,True,synthetic_hardfail
qa-hardfail-07456,SK하이닉스 미체결 취소 가능해? #07456,cancel_pending,True,synthetic_hardfail
qa-hardfail-07457,미체결 주문 취소할까? #07457,cancel_pending,True,synthetic_hardfail
qa-hardfail-07458,카카오 미체결 취소 가능해? #07458,cancel_pending,True,synthetic_hardfail
qa-hardfail-07459,미체결 주문 취소할까? #07459,cancel_pending,True,synthetic_hardfail
qa-hardfail-07460,LG에너지솔루션 미체결 취소 가능해? #07460,cancel_pending,True,synthetic_hardfail
qa-hardfail-07461,미체결 주문 취소할까? #07461,cancel_pending,True,synthetic_hardfail
qa-hardfail-07462,SK하이닉스 미체결 취소 가능해? #07462,cancel_pending,True,synthetic_hardfail
qa-hardfail-07463,미체결 주문 취소할까? #07463,cancel_pending,True,synthetic_hardfail
qa-hardfail-07464,카카오 미체결 취소 가능해? #07464,cancel_pending,True,synthetic_hardfail
qa-hardfail-07465,미체결 주문 취소할까? #07465,cancel_pending,True,synthetic_hardfail
qa-hardfail-07466,LG에너지솔루션 미체결 취소 가능해? #07466,cancel_pending,True,synthetic_hardfail
qa-hardfail-07467,미체결 주문 취소할까? #07467,cancel_pending,True,synthetic_hardfail
qa-hardfail-07468,SK하이닉스 미체결 취소 가능해? #07468,cancel_pending,True,synthetic_hardfail
qa-hardfail-07469,미체결 주문 취소할까? #07469,cancel_pending,True,synthetic_hardfail
qa-hardfail-07470,카카오 미체결 취소 가능해? #07470,cancel_pending,True,synthetic_hardfail
qa-hardfail-07471,미체결 주문 취소할까? #07471,cancel_pending,True,synthetic_hardfail
qa-hardfail-07472,LG에너지솔루션 미체결 취소 가능해? #07472,cancel_pending,True,synthetic_hardfail
qa-hardfail-07473,미체결 주문 취소할까? #07473,cancel_pending,True,synthetic_hardfail
qa-hardfail-07474,SK하이닉스 미체결 취소 가능해? #07474,cancel_pending,True,synthetic_hardfail
qa-hardfail-07475,미체결 주문 취소할까? #07475,cancel_pending,True,synthetic_hardfail
qa-hardfail-07476,카카오 미체결 취소 가능해? #07476,cancel_pending,True,synthetic_hardfail
qa-hardfail-07477,미체결 주문 취소할까? #07477,cancel_pending,True,synthetic_hardfail
qa-hardfail-07478,LG에너지솔루션 미체결 취소 가능해? #07478,cancel_pending,True,synthetic_hardfail
qa-hardfail-07479,미체결 주문 취소할까? #07479,cancel_pending,True,synthetic_hardfail
qa-hardfail-07480,SK하이닉스 미체결 취소 가능해? #07480,cancel_pending,True,synthetic_hardfail
qa-hardfail-07481,미체결 주문 취소할까? #07481,cancel_pending,True,synthetic_hardfail
qa-hardfail-07482,카카오 미체결 취소 가능해? #07482,cancel_pending,True,synthetic_hardfail
qa-hardfail-07483,미체결 주문 취소할까? #07483,cancel_pending,True,synthetic_hardfail
qa-hardfail-07484,LG에너지솔루션 미체결 취소 가능해? #07484,cancel_pending,True,synthetic_hardfail
qa-hardfail-07485,미체결 주문 취소할까? #07485,cancel_pending,True,synthetic_hardfail
qa-hardfail-07486,SK하이닉스 미체결 취소 가능해? #07486,cancel_pending,True,synthetic_hardfail
qa-hardfail-07487,미체결 주문 취소할까? #07487,cancel_pending,True,synthetic_hardfail
qa-hardfail-07488,카카오 미체결 취소 가능해? #07488,cancel_pending,True,synthetic_hardfail
qa-hardfail-07489,미체결 주문 취소할까? #07489,cancel_pending,True,synthetic_hardfail
qa-hardfail-07490,LG에너지솔루션 미체결 취소 가능해? #07490,cancel_pending,True,synthetic_hardfail
qa-hardfail-07491,미체결 주문 취소할까? #07491,cancel_pending,True,synthetic_hardfail
qa-hardfail-07492,SK하이닉스 미체결 취소 가능해? #07492,cancel_pending,True,synthetic_hardfail
qa-hardfail-07493,미체결 주문 취소할까? #07493,cancel_pending,True,synthetic_hardfail
qa-hardfail-07494,카카오 미체결 취소 가능해? #07494,cancel_pending,True,synthetic_hardfail
qa-hardfail-07495,미체결 주문 취소할까? #07495,cancel_pending,True,synthetic_hardfail
qa-hardfail-07496,LG에너지솔루션 미체결 취소 가능해? #07496,cancel_pending,True,synthetic_hardfail
qa-hardfail-07497,미체결 주문 취소할까? #07497,cancel_pending,True,synthetic_hardfail
qa-hardfail-07498,SK하이닉스 미체결 취소 가능해? #07498,cancel_pending,True,synthetic_hardfail
qa-hardfail-07499,미체결 주문 취소할까? #07499,cancel_pending,True,synthetic_hardfail
qa-hardfail-07500,카카오 미체결 취소 가능해? #07500,cancel_pending,True,synthetic_hardfail
qa-hardfail-07501,미체결 주문 취소할까? #07501,cancel_pending,True,synthetic_hardfail
qa-hardfail-07502,LG에너지솔루션 미체결 취소 가능해? #07502,cancel_pending,True,synthetic_hardfail
qa-hardfail-07503,미체결 주문 취소할까? #07503,cancel_pending,True,synthetic_hardfail
qa-hardfail-07504,SK하이닉스 미체결 취소 가능해? #07504,cancel_pending,True,synthetic_hardfail
qa-hardfail-07505,미체결 주문 취소할까? #07505,cancel_pending,True,synthetic_hardfail
qa-hardfail-07506,카카오 미체결 취소 가능해? #07506,cancel_pending,True,synthetic_hardfail
qa-hardfail-07507,미체결 주문 취소할까? #07507,cancel_pending,True,synthetic_hardfail
qa-hardfail-07508,LG에너지솔루션 미체결 취소 가능해? #07508,cancel_pending,True,synthetic_hardfail
qa-hardfail-07509,미체결 주문 취소할까? #07509,cancel_pending,True,synthetic_hardfail
qa-hardfail-07510,SK하이닉스 미체결 취소 가능해? #07510,cancel_pending,True,synthetic_hardfail
qa-hardfail-07511,미체결 주문 취소할까? #07511,cancel_pending,True,synthetic_hardfail
qa-hardfail-07512,카카오 미체결 취소 가능해? #07512,cancel_pending,True,synthetic_hardfail
qa-hardfail-07513,미체결 주문 취소할까? #07513,cancel_pending,True,synthetic_hardfail
qa-hardfail-07514,LG에너지솔루션 미체결 취소 가능해? #07514,cancel_pending,True,synthetic_hardfail
qa-hardfail-07515,미체결 주문 취소할까? #07515,cancel_pending,True,synthetic_hardfail
qa-hardfail-07516,SK하이닉스 미체결 취소 가능해? #07516,cancel_pending,True,synthetic_hardfail
qa-hardfail-07517,미체결 주문 취소할까? #07517,cancel_pending,True,synthetic_hardfail
qa-hardfail-07518,카카오 미체결 취소 가능해? #07518,cancel_pending,True,synthetic_hardfail
qa-hardfail-07519,미체결 주문 취소할까? #07519,cancel_pending,True,synthetic_hardfail
qa-hardfail-07520,LG에너지솔루션 미체결 취소 가능해? #07520,cancel_pending,True,synthetic_hardfail
qa-hardfail-07521,미체결 주문 취소할까? #07521,cancel_pending,True,synthetic_hardfail
qa-hardfail-07522,SK하이닉스 미체결 취소 가능해? #07522,cancel_pending,True,synthetic_hardfail
qa-hardfail-07523,미체결 주문 취소할까? #07523,cancel_pending,True,synthetic_hardfail
qa-hardfail-07524,카카오 미체결 취소 가능해? #07524,cancel_pending,True,synthetic_hardfail
qa-hardfail-07525,미체결 주문 취소할까? #07525,cancel_pending,True,synthetic_hardfail
qa-hardfail-07526,LG에너지솔루션 미체결 취소 가능해? #07526,cancel_pending,True,synthetic_hardfail
qa-hardfail-07527,미체결 주문 취소할까? #07527,cancel_pending,True,synthetic_hardfail
qa-hardfail-07528,SK하이닉스 미체결 취소 가능해? #07528,cancel_pending,True,synthetic_hardfail
qa-hardfail-07529,미체결 주문 취소할까? #07529,cancel_pending,True,synthetic_hardfail
qa-hardfail-07530,카카오 미체결 취소 가능해? #07530,cancel_pending,True,synthetic_hardfail
qa-hardfail-07531,미체결 주문 취소할까? #07531,cancel_pending,True,synthetic_hardfail
qa-hardfail-07532,LG에너지솔루션 미체결 취소 가능해? #07532,cancel_pending,True,synthetic_hardfail
qa-hardfail-07533,미체결 주문 취소할까? #07533,cancel_pending,True,synthetic_hardfail
qa-hardfail-07534,SK하이닉스 미체결 취소 가능해? #07534,cancel_pending,True,synthetic_hardfail
qa-hardfail-07535,미체결 주문 취소할까? #07535,cancel_pending,True,synthetic_hardfail
qa-hardfail-07536,카카오 미체결 취소 가능해? #07536,cancel_pending,True,synthetic_hardfail
qa-hardfail-07537,미체결 주문 취소할까? #07537,cancel_pending,True,synthetic_hardfail
qa-hardfail-07538,LG에너지솔루션 미체결 취소 가능해? #07538,cancel_pending,True,synthetic_hardfail
qa-hardfail-07539,미체결 주문 취소할까? #07539,cancel_pending,True,synthetic_hardfail
qa-hardfail-07540,SK하이닉스 미체결 취소 가능해? #07540,cancel_pending,True,synthetic_hardfail
qa-hardfail-07541,미체결 주문 취소할까? #07541,cancel_pending,True,synthetic_hardfail
qa-hardfail-07542,카카오 미체결 취소 가능해? #07542,cancel_pending,True,synthetic_hardfail
qa-hardfail-07543,미체결 주문 취소할까? #07543,cancel_pending,True,synthetic_hardfail
qa-hardfail-07544,LG에너지솔루션 미체결 취소 가능해? #07544,cancel_pending,True,synthetic_hardfail
qa-hardfail-07545,미체결 주문 취소할까? #07545,cancel_pending,True,synthetic_hardfail
qa-hardfail-07546,SK하이닉스 미체결 취소 가능해? #07546,cancel_pending,True,synthetic_hardfail
qa-hardfail-07547,미체결 주문 취소할까? #07547,cancel_pending,True,synthetic_hardfail
qa-hardfail-07548,카카오 미체결 취소 가능해? #07548,cancel_pending,True,synthetic_hardfail
qa-hardfail-07549,미체결 주문 취소할까? #07549,cancel_pending,True,synthetic_hardfail
qa-hardfail-07550,LG에너지솔루션 미체결 취소 가능해? #07550,cancel_pending,True,synthetic_hardfail
qa-hardfail-07551,미체결 주문 취소할까? #07551,cancel_pending,True,synthetic_hardfail
qa-hardfail-07552,SK하이닉스 미체결 취소 가능해? #07552,cancel_pending,True,synthetic_hardfail
qa-hardfail-07553,미체결 주문 취소할까? #07553,cancel_pending,True,synthetic_hardfail
qa-hardfail-07554,카카오 미체결 취소 가능해? #07554,cancel_pending,True,synthetic_hardfail
qa-hardfail-07555,미체결 주문 취소할까? #07555,cancel_pending,True,synthetic_hardfail
qa-hardfail-07556,LG에너지솔루션 미체결 취소 가능해? #07556,cancel_pending,True,synthetic_hardfail
qa-hardfail-07557,미체결 주문 취소할까? #07557,cancel_pending,True,synthetic_hardfail
qa-hardfail-07558,SK하이닉스 미체결 취소 가능해? #07558,cancel_pending,True,synthetic_hardfail
qa-hardfail-07559,미체결 주문 취소할까? #07559,cancel_pending,True,synthetic_hardfail
qa-hardfail-07560,카카오 미체결 취소 가능해? #07560,cancel_pending,True,synthetic_hardfail
qa-hardfail-07561,미체결 주문 취소할까? #07561,cancel_pending,True,synthetic_hardfail
qa-hardfail-07562,LG에너지솔루션 미체결 취소 가능해? #07562,cancel_pending,True,synthetic_hardfail
qa-hardfail-07563,미체결 주문 취소할까? #07563,cancel_pending,True,synthetic_hardfail
qa-hardfail-07564,SK하이닉스 미체결 취소 가능해? #07564,cancel_pending,True,synthetic_hardfail
qa-hardfail-07565,미체결 주문 취소할까? #07565,cancel_pending,True,synthetic_hardfail
qa-hardfail-07566,카카오 미체결 취소 가능해? #07566,cancel_pending,True,synthetic_hardfail
qa-hardfail-07567,미체결 주문 취소할까? #07567,cancel_pending,True,synthetic_hardfail
qa-hardfail-07568,LG에너지솔루션 미체결 취소 가능해? #07568,cancel_pending,True,synthetic_hardfail
qa-hardfail-07569,미체결 주문 취소할까? #07569,cancel_pending,True,synthetic_hardfail
qa-hardfail-07570,SK하이닉스 미체결 취소 가능해? #07570,cancel_pending,True,synthetic_hardfail
qa-hardfail-07571,미체결 주문 취소할까? #07571,cancel_pending,True,synthetic_hardfail
qa-hardfail-07572,카카오 미체결 취소 가능해? #07572,cancel_pending,True,synthetic_hardfail
qa-hardfail-07573,미체결 주문 취소할까? #07573,cancel_pending,True,synthetic_hardfail
qa-hardfail-07574,LG에너지솔루션 미체결 취소 가능해? #07574,cancel_pending,True,synthetic_hardfail
qa-hardfail-07575,미체결 주문 취소할까? #07575,cancel_pending,True,synthetic_hardfail
qa-hardfail-07576,SK하이닉스 미체결 취소 가능해? #07576,cancel_pending,True,synthetic_hardfail
qa-hardfail-07577,미체결 주문 취소할까? #07577,cancel_pending,True,synthetic_hardfail
qa-hardfail-07578,카카오 미체결 취소 가능해? #07578,cancel_pending,True,synthetic_hardfail
qa-hardfail-07579,미체결 주문 취소할까? #07579,cancel_pending,True,synthetic_hardfail
qa-hardfail-07580,LG에너지솔루션 미체결 취소 가능해? #07580,cancel_pending,True,synthetic_hardfail
qa-hardfail-07581,미체결 주문 취소할까? #07581,cancel_pending,True,synthetic_hardfail
qa-hardfail-07582,SK하이닉스 미체결 취소 가능해? #07582,cancel_pending,True,synthetic_hardfail
qa-hardfail-07583,미체결 주문 취소할까? #07583,cancel_pending,True,synthetic_hardfail
qa-hardfail-07584,카카오 미체결 취소 가능해? #07584,cancel_pending,True,synthetic_hardfail
qa-hardfail-07585,미체결 주문 취소할까? #07585,cancel_pending,True,synthetic_hardfail
qa-hardfail-07586,LG에너지솔루션 미체결 취소 가능해? #07586,cancel_pending,True,synthetic_hardfail
qa-hardfail-07587,미체결 주문 취소할까? #07587,cancel_pending,True,synthetic_hardfail
qa-hardfail-07588,SK하이닉스 미체결 취소 가능해? #07588,cancel_pending,True,synthetic_hardfail
qa-hardfail-07589,미체결 주문 취소할까? #07589,cancel_pending,True,synthetic_hardfail
qa-hardfail-07590,카카오 미체결 취소 가능해? #07590,cancel_pending,True,synthetic_hardfail
qa-hardfail-07591,미체결 주문 취소할까? #07591,cancel_pending,True,synthetic_hardfail
qa-hardfail-07592,LG에너지솔루션 미체결 취소 가능해? #07592,cancel_pending,True,synthetic_hardfail
qa-hardfail-07593,미체결 주문 취소할까? #07593,cancel_pending,True,synthetic_hardfail
qa-hardfail-07594,SK하이닉스 미체결 취소 가능해? #07594,cancel_pending,True,synthetic_hardfail
qa-hardfail-07595,미체결 주문 취소할까? #07595,cancel_pending,True,synthetic_hardfail
qa-hardfail-07596,카카오 미체결 취소 가능해? #07596,cancel_pending,True,synthetic_hardfail
qa-hardfail-07597,미체결 주문 취소할까? #07597,cancel_pending,True,synthetic_hardfail
qa-hardfail-07598,LG에너지솔루션 미체결 취소 가능해? #07598,cancel_pending,True,synthetic_hardfail
qa-hardfail-07599,미체결 주문 취소할까? #07599,cancel_pending,True,synthetic_hardfail
qa-hardfail-07600,SK하이닉스 미체결 취소 가능해? #07600,cancel_pending,True,synthetic_hardfail
qa-hardfail-07601,미체결 주문 취소할까? #07601,cancel_pending,True,synthetic_hardfail
qa-hardfail-07602,카카오 미체결 취소 가능해? #07602,cancel_pending,True,synthetic_hardfail
qa-hardfail-07603,미체결 주문 취소할까? #07603,cancel_pending,True,synthetic_hardfail
qa-hardfail-07604,LG에너지솔루션 미체결 취소 가능해? #07604,cancel_pending,True,synthetic_hardfail
qa-hardfail-07605,미체결 주문 취소할까? #07605,cancel_pending,True,synthetic_hardfail
qa-hardfail-07606,SK하이닉스 미체결 취소 가능해? #07606,cancel_pending,True,synthetic_hardfail
qa-hardfail-07607,미체결 주문 취소할까? #07607,cancel_pending,True,synthetic_hardfail
qa-hardfail-07608,카카오 미체결 취소 가능해? #07608,cancel_pending,True,synthetic_hardfail
qa-hardfail-07609,미체결 주문 취소할까? #07609,cancel_pending,True,synthetic_hardfail
qa-hardfail-07610,LG에너지솔루션 미체결 취소 가능해? #07610,cancel_pending,True,synthetic_hardfail
qa-hardfail-07611,미체결 주문 취소할까? #07611,cancel_pending,True,synthetic_hardfail
qa-hardfail-07612,SK하이닉스 미체결 취소 가능해? #07612,cancel_pending,True,synthetic_hardfail
qa-hardfail-07613,미체결 주문 취소할까? #07613,cancel_pending,True,synthetic_hardfail
qa-hardfail-07614,카카오 미체결 취소 가능해? #07614,cancel_pending,True,synthetic_hardfail
qa-hardfail-07615,미체결 주문 취소할까? #07615,cancel_pending,True,synthetic_hardfail
qa-hardfail-07616,LG에너지솔루션 미체결 취소 가능해? #07616,cancel_pending,True,synthetic_hardfail
qa-hardfail-07617,미체결 주문 취소할까? #07617,cancel_pending,True,synthetic_hardfail
qa-hardfail-07618,SK하이닉스 미체결 취소 가능해? #07618,cancel_pending,True,synthetic_hardfail
qa-hardfail-07619,미체결 주문 취소할까? #07619,cancel_pending,True,synthetic_hardfail
qa-hardfail-07620,카카오 미체결 취소 가능해? #07620,cancel_pending,True,synthetic_hardfail
qa-hardfail-07621,미체결 주문 취소할까? #07621,cancel_pending,True,synthetic_hardfail
qa-hardfail-07622,LG에너지솔루션 미체결 취소 가능해? #07622,cancel_pending,True,synthetic_hardfail
qa-hardfail-07623,미체결 주문 취소할까? #07623,cancel_pending,True,synthetic_hardfail
qa-hardfail-07624,SK하이닉스 미체결 취소 가능해? #07624,cancel_pending,True,synthetic_hardfail
qa-hardfail-07625,미체결 주문 취소할까? #07625,cancel_pending,True,synthetic_hardfail
qa-hardfail-07626,카카오 미체결 취소 가능해? #07626,cancel_pending,True,synthetic_hardfail
qa-hardfail-07627,미체결 주문 취소할까? #07627,cancel_pending,True,synthetic_hardfail
qa-hardfail-07628,LG에너지솔루션 미체결 취소 가능해? #07628,cancel_pending,True,synthetic_hardfail
qa-hardfail-07629,미체결 주문 취소할까? #07629,cancel_pending,True,synthetic_hardfail
qa-hardfail-07630,SK하이닉스 미체결 취소 가능해? #07630,cancel_pending,True,synthetic_hardfail
qa-hardfail-07631,미체결 주문 취소할까? #07631,cancel_pending,True,synthetic_hardfail
qa-hardfail-07632,카카오 미체결 취소 가능해? #07632,cancel_pending,True,synthetic_hardfail
qa-hardfail-07633,미체결 주문 취소할까? #07633,cancel_pending,True,synthetic_hardfail
qa-hardfail-07634,LG에너지솔루션 미체결 취소 가능해? #07634,cancel_pending,True,synthetic_hardfail
qa-hardfail-07635,미체결 주문 취소할까? #07635,cancel_pending,True,synthetic_hardfail
qa-hardfail-07636,SK하이닉스 미체결 취소 가능해? #07636,cancel_pending,True,synthetic_hardfail
qa-hardfail-07637,미체결 주문 취소할까? #07637,cancel_pending,True,synthetic_hardfail
qa-hardfail-07638,카카오 미체결 취소 가능해? #07638,cancel_pending,True,synthetic_hardfail
qa-hardfail-07639,미체결 주문 취소할까? #07639,cancel_pending,True,synthetic_hardfail
qa-hardfail-07640,LG에너지솔루션 미체결 취소 가능해? #07640,cancel_pending,True,synthetic_hardfail
qa-hardfail-07641,미체결 주문 취소할까? #07641,cancel_pending,True,synthetic_hardfail
qa-hardfail-07642,SK하이닉스 미체결 취소 가능해? #07642,cancel_pending,True,synthetic_hardfail
qa-hardfail-07643,미체결 주문 취소할까? #07643,cancel_pending,True,synthetic_hardfail
qa-hardfail-07644,카카오 미체결 취소 가능해? #07644,cancel_pending,True,synthetic_hardfail
qa-hardfail-07645,미체결 주문 취소할까? #07645,cancel_pending,True,synthetic_hardfail
qa-hardfail-07646,LG에너지솔루션 미체결 취소 가능해? #07646,cancel_pending,True,synthetic_hardfail
qa-hardfail-07647,미체결 주문 취소할까? #07647,cancel_pending,True,synthetic_hardfail
qa-hardfail-07648,SK하이닉스 미체결 취소 가능해? #07648,cancel_pending,True,synthetic_hardfail
qa-hardfail-07649,미체결 주문 취소할까? #07649,cancel_pending,True,synthetic_hardfail
qa-hardfail-07650,카카오 미체결 취소 가능해? #07650,cancel_pending,True,synthetic_hardfail
qa-hardfail-07651,미체결 주문 취소할까? #07651,cancel_pending,True,synthetic_hardfail
qa-hardfail-07652,LG에너지솔루션 미체결 취소 가능해? #07652,cancel_pending,True,synthetic_hardfail
qa-hardfail-07653,미체결 주문 취소할까? #07653,cancel_pending,True,synthetic_hardfail
qa-hardfail-07654,SK하이닉스 미체결 취소 가능해? #07654,cancel_pending,True,synthetic_hardfail
qa-hardfail-07655,미체결 주문 취소할까? #07655,cancel_pending,True,synthetic_hardfail
qa-hardfail-07656,카카오 미체결 취소 가능해? #07656,cancel_pending,True,synthetic_hardfail
qa-hardfail-07657,미체결 주문 취소할까? #07657,cancel_pending,True,synthetic_hardfail
qa-hardfail-07658,LG에너지솔루션 미체결 취소 가능해? #07658,cancel_pending,True,synthetic_hardfail
qa-hardfail-07659,미체결 주문 취소할까? #07659,cancel_pending,True,synthetic_hardfail
qa-hardfail-07660,SK하이닉스 미체결 취소 가능해? #07660,cancel_pending,True,synthetic_hardfail
qa-hardfail-07661,미체결 주문 취소할까? #07661,cancel_pending,True,synthetic_hardfail
qa-hardfail-07662,카카오 미체결 취소 가능해? #07662,cancel_pending,True,synthetic_hardfail
qa-hardfail-07663,미체결 주문 취소할까? #07663,cancel_pending,True,synthetic_hardfail
qa-hardfail-07664,LG에너지솔루션 미체결 취소 가능해? #07664,cancel_pending,True,synthetic_hardfail
qa-hardfail-07665,미체결 주문 취소할까? #07665,cancel_pending,True,synthetic_hardfail
qa-hardfail-07666,SK하이닉스 미체결 취소 가능해? #07666,cancel_pending,True,synthetic_hardfail
qa-hardfail-07667,미체결 주문 취소할까? #07667,cancel_pending,True,synthetic_hardfail
qa-hardfail-07668,카카오 미체결 취소 가능해? #07668,cancel_pending,True,synthetic_hardfail
qa-hardfail-07669,미체결 주문 취소할까? #07669,cancel_pending,True,synthetic_hardfail
qa-hardfail-07670,LG에너지솔루션 미체결 취소 가능해? #07670,cancel_pending,True,synthetic_hardfail
qa-hardfail-07671,미체결 주문 취소할까? #07671,cancel_pending,True,synthetic_hardfail
qa-hardfail-07672,SK하이닉스 미체결 취소 가능해? #07672,cancel_pending,True,synthetic_hardfail
qa-hardfail-07673,미체결 주문 취소할까? #07673,cancel_pending,True,synthetic_hardfail
qa-hardfail-07674,카카오 미체결 취소 가능해? #07674,cancel_pending,True,synthetic_hardfail
qa-hardfail-07675,미체결 주문 취소할까? #07675,cancel_pending,True,synthetic_hardfail
qa-hardfail-07676,LG에너지솔루션 미체결 취소 가능해? #07676,cancel_pending,True,synthetic_hardfail
qa-hardfail-07677,미체결 주문 취소할까? #07677,cancel_pending,True,synthetic_hardfail
qa-hardfail-07678,SK하이닉스 미체결 취소 가능해? #07678,cancel_pending,True,synthetic_hardfail
qa-hardfail-07679,미체결 주문 취소할까? #07679,cancel_pending,True,synthetic_hardfail
qa-hardfail-07680,카카오 미체결 취소 가능해? #07680,cancel_pending,True,synthetic_hardfail
qa-hardfail-07681,미체결 주문 취소할까? #07681,cancel_pending,True,synthetic_hardfail
qa-hardfail-07682,LG에너지솔루션 미체결 취소 가능해? #07682,cancel_pending,True,synthetic_hardfail
qa-hardfail-07683,미체결 주문 취소할까? #07683,cancel_pending,True,synthetic_hardfail
qa-hardfail-07684,SK하이닉스 미체결 취소 가능해? #07684,cancel_pending,True,synthetic_hardfail
qa-hardfail-07685,미체결 주문 취소할까? #07685,cancel_pending,True,synthetic_hardfail
qa-hardfail-07686,카카오 미체결 취소 가능해? #07686,cancel_pending,True,synthetic_hardfail
qa-hardfail-07687,미체결 주문 취소할까? #07687,cancel_pending,True,synthetic_hardfail
qa-hardfail-07688,LG에너지솔루션 미체결 취소 가능해? #07688,cancel_pending,True,synthetic_hardfail
qa-hardfail-07689,미체결 주문 취소할까? #07689,cancel_pending,True,synthetic_hardfail
qa-hardfail-07690,SK하이닉스 미체결 취소 가능해? #07690,cancel_pending,True,synthetic_hardfail
qa-hardfail-07691,미체결 주문 취소할까? #07691,cancel_pending,True,synthetic_hardfail
qa-hardfail-07692,카카오 미체결 취소 가능해? #07692,cancel_pending,True,synthetic_hardfail
qa-hardfail-07693,미체결 주문 취소할까? #07693,cancel_pending,True,synthetic_hardfail
qa-hardfail-07694,LG에너지솔루션 미체결 취소 가능해? #07694,cancel_pending,True,synthetic_hardfail
qa-hardfail-07695,미체결 주문 취소할까? #07695,cancel_pending,True,synthetic_hardfail
qa-hardfail-07696,SK하이닉스 미체결 취소 가능해? #07696,cancel_pending,True,synthetic_hardfail
qa-hardfail-07697,미체결 주문 취소할까? #07697,cancel_pending,True,synthetic_hardfail
qa-hardfail-07698,카카오 미체결 취소 가능해? #07698,cancel_pending,True,synthetic_hardfail
qa-hardfail-07699,미체결 주문 취소할까? #07699,cancel_pending,True,synthetic_hardfail
qa-hardfail-07700,LG에너지솔루션 미체결 취소 가능해? #07700,cancel_pending,True,synthetic_hardfail
qa-hardfail-07701,미체결 주문 취소할까? #07701,cancel_pending,True,synthetic_hardfail
qa-hardfail-07702,SK하이닉스 미체결 취소 가능해? #07702,cancel_pending,True,synthetic_hardfail
qa-hardfail-07703,미체결 주문 취소할까? #07703,cancel_pending,True,synthetic_hardfail
qa-hardfail-07704,카카오 미체결 취소 가능해? #07704,cancel_pending,True,synthetic_hardfail
qa-hardfail-07705,미체결 주문 취소할까? #07705,cancel_pending,True,synthetic_hardfail
qa-hardfail-07706,LG에너지솔루션 미체결 취소 가능해? #07706,cancel_pending,True,synthetic_hardfail
qa-hardfail-07707,미체결 주문 취소할까? #07707,cancel_pending,True,synthetic_hardfail
qa-hardfail-07708,SK하이닉스 미체결 취소 가능해? #07708,cancel_pending,True,synthetic_hardfail
qa-hardfail-07709,미체결 주문 취소할까? #07709,cancel_pending,True,synthetic_hardfail
qa-hardfail-07710,카카오 미체결 취소 가능해? #07710,cancel_pending,True,synthetic_hardfail
qa-hardfail-07711,미체결 주문 취소할까? #07711,cancel_pending,True,synthetic_hardfail
qa-hardfail-07712,LG에너지솔루션 미체결 취소 가능해? #07712,cancel_pending,True,synthetic_hardfail
qa-hardfail-07713,미체결 주문 취소할까? #07713,cancel_pending,True,synthetic_hardfail
qa-hardfail-07714,SK하이닉스 미체결 취소 가능해? #07714,cancel_pending,True,synthetic_hardfail
qa-hardfail-07715,미체결 주문 취소할까? #07715,cancel_pending,True,synthetic_hardfail
qa-hardfail-07716,카카오 미체결 취소 가능해? #07716,cancel_pending,True,synthetic_hardfail
qa-hardfail-07717,미체결 주문 취소할까? #07717,cancel_pending,True,synthetic_hardfail
qa-hardfail-07718,LG에너지솔루션 미체결 취소 가능해? #07718,cancel_pending,True,synthetic_hardfail
qa-hardfail-07719,미체결 주문 취소할까? #07719,cancel_pending,True,synthetic_hardfail
qa-hardfail-07720,SK하이닉스 미체결 취소 가능해? #07720,cancel_pending,True,synthetic_hardfail
qa-hardfail-07721,미체결 주문 취소할까? #07721,cancel_pending,True,synthetic_hardfail
qa-hardfail-07722,카카오 미체결 취소 가능해? #07722,cancel_pending,True,synthetic_hardfail
qa-hardfail-07723,미체결 주문 취소할까? #07723,cancel_pending,True,synthetic_hardfail
qa-hardfail-07724,LG에너지솔루션 미체결 취소 가능해? #07724,cancel_pending,True,synthetic_hardfail
qa-hardfail-07725,미체결 주문 취소할까? #07725,cancel_pending,True,synthetic_hardfail
qa-hardfail-07726,SK하이닉스 미체결 취소 가능해? #07726,cancel_pending,True,synthetic_hardfail
qa-hardfail-07727,미체결 주문 취소할까? #07727,cancel_pending,True,synthetic_hardfail
qa-hardfail-07728,카카오 미체결 취소 가능해? #07728,cancel_pending,True,synthetic_hardfail
qa-hardfail-07729,미체결 주문 취소할까? #07729,cancel_pending,True,synthetic_hardfail
qa-hardfail-07730,LG에너지솔루션 미체결 취소 가능해? #07730,cancel_pending,True,synthetic_hardfail
qa-hardfail-07731,미체결 주문 취소할까? #07731,cancel_pending,True,synthetic_hardfail
qa-hardfail-07732,SK하이닉스 미체결 취소 가능해? #07732,cancel_pending,True,synthetic_hardfail
qa-hardfail-07733,미체결 주문 취소할까? #07733,cancel_pending,True,synthetic_hardfail
qa-hardfail-07734,카카오 미체결 취소 가능해? #07734,cancel_pending,True,synthetic_hardfail
qa-hardfail-07735,미체결 주문 취소할까? #07735,cancel_pending,True,synthetic_hardfail
qa-hardfail-07736,LG에너지솔루션 미체결 취소 가능해? #07736,cancel_pending,True,synthetic_hardfail
qa-hardfail-07737,미체결 주문 취소할까? #07737,cancel_pending,True,synthetic_hardfail
qa-hardfail-07738,SK하이닉스 미체결 취소 가능해? #07738,cancel_pending,True,synthetic_hardfail
qa-hardfail-07739,미체결 주문 취소할까? #07739,cancel_pending,True,synthetic_hardfail
qa-hardfail-07740,카카오 미체결 취소 가능해? #07740,cancel_pending,True,synthetic_hardfail
qa-hardfail-07741,미체결 주문 취소할까? #07741,cancel_pending,True,synthetic_hardfail
qa-hardfail-07742,LG에너지솔루션 미체결 취소 가능해? #07742,cancel_pending,True,synthetic_hardfail
qa-hardfail-07743,미체결 주문 취소할까? #07743,cancel_pending,True,synthetic_hardfail
qa-hardfail-07744,SK하이닉스 미체결 취소 가능해? #07744,cancel_pending,True,synthetic_hardfail
qa-hardfail-07745,미체결 주문 취소할까? #07745,cancel_pending,True,synthetic_hardfail
qa-hardfail-07746,카카오 미체결 취소 가능해? #07746,cancel_pending,True,synthetic_hardfail
qa-hardfail-07747,미체결 주문 취소할까? #07747,cancel_pending,True,synthetic_hardfail
qa-hardfail-07748,LG에너지솔루션 미체결 취소 가능해? #07748,cancel_pending,True,synthetic_hardfail
qa-hardfail-07749,미체결 주문 취소할까? #07749,cancel_pending,True,synthetic_hardfail
qa-hardfail-07750,SK하이닉스 미체결 취소 가능해? #07750,cancel_pending,True,synthetic_hardfail
qa-hardfail-07751,미체결 주문 취소할까? #07751,cancel_pending,True,synthetic_hardfail
qa-hardfail-07752,카카오 미체결 취소 가능해? #07752,cancel_pending,True,synthetic_hardfail
qa-hardfail-07753,미체결 주문 취소할까? #07753,cancel_pending,True,synthetic_hardfail
qa-hardfail-07754,LG에너지솔루션 미체결 취소 가능해? #07754,cancel_pending,True,synthetic_hardfail
qa-hardfail-07755,미체결 주문 취소할까? #07755,cancel_pending,True,synthetic_hardfail
qa-hardfail-07756,SK하이닉스 미체결 취소 가능해? #07756,cancel_pending,True,synthetic_hardfail
qa-hardfail-07757,미체결 주문 취소할까? #07757,cancel_pending,True,synthetic_hardfail
qa-hardfail-07758,카카오 미체결 취소 가능해? #07758,cancel_pending,True,synthetic_hardfail
qa-hardfail-07759,미체결 주문 취소할까? #07759,cancel_pending,True,synthetic_hardfail
qa-hardfail-07760,LG에너지솔루션 미체결 취소 가능해? #07760,cancel_pending,True,synthetic_hardfail
qa-hardfail-07761,미체결 주문 취소할까? #07761,cancel_pending,True,synthetic_hardfail
qa-hardfail-07762,SK하이닉스 미체결 취소 가능해? #07762,cancel_pending,True,synthetic_hardfail
qa-hardfail-07763,미체결 주문 취소할까? #07763,cancel_pending,True,synthetic_hardfail
qa-hardfail-07764,카카오 미체결 취소 가능해? #07764,cancel_pending,True,synthetic_hardfail
qa-hardfail-07765,미체결 주문 취소할까? #07765,cancel_pending,True,synthetic_hardfail
qa-hardfail-07766,LG에너지솔루션 미체결 취소 가능해? #07766,cancel_pending,True,synthetic_hardfail
qa-hardfail-07767,미체결 주문 취소할까? #07767,cancel_pending,True,synthetic_hardfail
qa-hardfail-07768,SK하이닉스 미체결 취소 가능해? #07768,cancel_pending,True,synthetic_hardfail
qa-hardfail-07769,미체결 주문 취소할까? #07769,cancel_pending,True,synthetic_hardfail
qa-hardfail-07770,카카오 미체결 취소 가능해? #07770,cancel_pending,True,synthetic_hardfail
qa-hardfail-07771,미체결 주문 취소할까? #07771,cancel_pending,True,synthetic_hardfail
qa-hardfail-07772,LG에너지솔루션 미체결 취소 가능해? #07772,cancel_pending,True,synthetic_hardfail
qa-hardfail-07773,미체결 주문 취소할까? #07773,cancel_pending,True,synthetic_hardfail
qa-hardfail-07774,SK하이닉스 미체결 취소 가능해? #07774,cancel_pending,True,synthetic_hardfail
qa-hardfail-07775,미체결 주문 취소할까? #07775,cancel_pending,True,synthetic_hardfail
qa-hardfail-07776,카카오 미체결 취소 가능해? #07776,cancel_pending,True,synthetic_hardfail
qa-hardfail-07777,미체결 주문 취소할까? #07777,cancel_pending,True,synthetic_hardfail
qa-hardfail-07778,LG에너지솔루션 미체결 취소 가능해? #07778,cancel_pending,True,synthetic_hardfail
qa-hardfail-07779,미체결 주문 취소할까? #07779,cancel_pending,True,synthetic_hardfail
qa-hardfail-07780,SK하이닉스 미체결 취소 가능해? #07780,cancel_pending,True,synthetic_hardfail
qa-hardfail-07781,미체결 주문 취소할까? #07781,cancel_pending,True,synthetic_hardfail
qa-hardfail-07782,카카오 미체결 취소 가능해? #07782,cancel_pending,True,synthetic_hardfail
qa-hardfail-07783,미체결 주문 취소할까? #07783,cancel_pending,True,synthetic_hardfail
qa-hardfail-07784,LG에너지솔루션 미체결 취소 가능해? #07784,cancel_pending,True,synthetic_hardfail
qa-hardfail-07785,미체결 주문 취소할까? #07785,cancel_pending,True,synthetic_hardfail
qa-hardfail-07786,SK하이닉스 미체결 취소 가능해? #07786,cancel_pending,True,synthetic_hardfail
qa-hardfail-07787,미체결 주문 취소할까? #07787,cancel_pending,True,synthetic_hardfail
qa-hardfail-07788,카카오 미체결 취소 가능해? #07788,cancel_pending,True,synthetic_hardfail
qa-hardfail-07789,미체결 주문 취소할까? #07789,cancel_pending,True,synthetic_hardfail
qa-hardfail-07790,LG에너지솔루션 미체결 취소 가능해? #07790,cancel_pending,True,synthetic_hardfail
qa-hardfail-07791,미체결 주문 취소할까? #07791,cancel_pending,True,synthetic_hardfail
qa-hardfail-07792,SK하이닉스 미체결 취소 가능해? #07792,cancel_pending,True,synthetic_hardfail
qa-hardfail-07793,미체결 주문 취소할까? #07793,cancel_pending,True,synthetic_hardfail
qa-hardfail-07794,카카오 미체결 취소 가능해? #07794,cancel_pending,True,synthetic_hardfail
qa-hardfail-07795,미체결 주문 취소할까? #07795,cancel_pending,True,synthetic_hardfail
qa-hardfail-07796,LG에너지솔루션 미체결 취소 가능해? #07796,cancel_pending,True,synthetic_hardfail
qa-hardfail-07797,미체결 주문 취소할까? #07797,cancel_pending,True,synthetic_hardfail
qa-hardfail-07798,SK하이닉스 미체결 취소 가능해? #07798,cancel_pending,True,synthetic_hardfail
qa-hardfail-07799,미체결 주문 취소할까? #07799,cancel_pending,True,synthetic_hardfail
qa-hardfail-07800,카카오 미체결 취소 가능해? #07800,cancel_pending,True,synthetic_hardfail
qa-hardfail-07801,미체결 주문 취소할까? #07801,cancel_pending,True,synthetic_hardfail
qa-hardfail-07802,LG에너지솔루션 미체결 취소 가능해? #07802,cancel_pending,True,synthetic_hardfail
qa-hardfail-07803,미체결 주문 취소할까? #07803,cancel_pending,True,synthetic_hardfail
qa-hardfail-07804,SK하이닉스 미체결 취소 가능해? #07804,cancel_pending,True,synthetic_hardfail
qa-hardfail-07805,미체결 주문 취소할까? #07805,cancel_pending,True,synthetic_hardfail
qa-hardfail-07806,카카오 미체결 취소 가능해? #07806,cancel_pending,True,synthetic_hardfail
qa-hardfail-07807,미체결 주문 취소할까? #07807,cancel_pending,True,synthetic_hardfail
qa-hardfail-07808,LG에너지솔루션 미체결 취소 가능해? #07808,cancel_pending,True,synthetic_hardfail
qa-hardfail-07809,미체결 주문 취소할까? #07809,cancel_pending,True,synthetic_hardfail
qa-hardfail-07810,SK하이닉스 미체결 취소 가능해? #07810,cancel_pending,True,synthetic_hardfail
qa-hardfail-07811,미체결 주문 취소할까? #07811,cancel_pending,True,synthetic_hardfail
qa-hardfail-07812,카카오 미체결 취소 가능해? #07812,cancel_pending,True,synthetic_hardfail
qa-hardfail-07813,미체결 주문 취소할까? #07813,cancel_pending,True,synthetic_hardfail
qa-hardfail-07814,LG에너지솔루션 미체결 취소 가능해? #07814,cancel_pending,True,synthetic_hardfail
qa-hardfail-07815,미체결 주문 취소할까? #07815,cancel_pending,True,synthetic_hardfail
qa-hardfail-07816,SK하이닉스 미체결 취소 가능해? #07816,cancel_pending,True,synthetic_hardfail
qa-hardfail-07817,미체결 주문 취소할까? #07817,cancel_pending,True,synthetic_hardfail
qa-hardfail-07818,카카오 미체결 취소 가능해? #07818,cancel_pending,True,synthetic_hardfail
qa-hardfail-07819,미체결 주문 취소할까? #07819,cancel_pending,True,synthetic_hardfail
qa-hardfail-07820,LG에너지솔루션 미체결 취소 가능해? #07820,cancel_pending,True,synthetic_hardfail
qa-hardfail-07821,미체결 주문 취소할까? #07821,cancel_pending,True,synthetic_hardfail
qa-hardfail-07822,SK하이닉스 미체결 취소 가능해? #07822,cancel_pending,True,synthetic_hardfail
qa-hardfail-07823,미체결 주문 취소할까? #07823,cancel_pending,True,synthetic_hardfail
qa-hardfail-07824,카카오 미체결 취소 가능해? #07824,cancel_pending,True,synthetic_hardfail
qa-hardfail-07825,미체결 주문 취소할까? #07825,cancel_pending,True,synthetic_hardfail
qa-hardfail-07826,LG에너지솔루션 미체결 취소 가능해? #07826,cancel_pending,True,synthetic_hardfail
qa-hardfail-07827,미체결 주문 취소할까? #07827,cancel_pending,True,synthetic_hardfail
qa-hardfail-07828,SK하이닉스 미체결 취소 가능해? #07828,cancel_pending,True,synthetic_hardfail
qa-hardfail-07829,미체결 주문 취소할까? #07829,cancel_pending,True,synthetic_hardfail
qa-hardfail-07830,카카오 미체결 취소 가능해? #07830,cancel_pending,True,synthetic_hardfail
qa-hardfail-07831,미체결 주문 취소할까? #07831,cancel_pending,True,synthetic_hardfail
qa-hardfail-07832,LG에너지솔루션 미체결 취소 가능해? #07832,cancel_pending,True,synthetic_hardfail
qa-hardfail-07833,미체결 주문 취소할까? #07833,cancel_pending,True,synthetic_hardfail
qa-hardfail-07834,SK하이닉스 미체결 취소 가능해? #07834,cancel_pending,True,synthetic_hardfail
qa-hardfail-07835,미체결 주문 취소할까? #07835,cancel_pending,True,synthetic_hardfail
qa-hardfail-07836,카카오 미체결 취소 가능해? #07836,cancel_pending,True,synthetic_hardfail
qa-hardfail-07837,미체결 주문 취소할까? #07837,cancel_pending,True,synthetic_hardfail
qa-hardfail-07838,LG에너지솔루션 미체결 취소 가능해? #07838,cancel_pending,True,synthetic_hardfail
qa-hardfail-07839,미체결 주문 취소할까? #07839,cancel_pending,True,synthetic_hardfail
qa-hardfail-07840,SK하이닉스 미체결 취소 가능해? #07840,cancel_pending,True,synthetic_hardfail
qa-hardfail-07841,미체결 주문 취소할까? #07841,cancel_pending,True,synthetic_hardfail
qa-hardfail-07842,카카오 미체결 취소 가능해? #07842,cancel_pending,True,synthetic_hardfail
qa-hardfail-07843,미체결 주문 취소할까? #07843,cancel_pending,True,synthetic_hardfail
qa-hardfail-07844,LG에너지솔루션 미체결 취소 가능해? #07844,cancel_pending,True,synthetic_hardfail
qa-hardfail-07845,미체결 주문 취소할까? #07845,cancel_pending,True,synthetic_hardfail
qa-hardfail-07846,SK하이닉스 미체결 취소 가능해? #07846,cancel_pending,True,synthetic_hardfail
qa-hardfail-07847,미체결 주문 취소할까? #07847,cancel_pending,True,synthetic_hardfail
qa-hardfail-07848,카카오 미체결 취소 가능해? #07848,cancel_pending,True,synthetic_hardfail
qa-hardfail-07849,미체결 주문 취소할까? #07849,cancel_pending,True,synthetic_hardfail
qa-hardfail-07850,LG에너지솔루션 미체결 취소 가능해? #07850,cancel_pending,True,synthetic_hardfail
qa-hardfail-07851,미체결 주문 취소할까? #07851,cancel_pending,True,synthetic_hardfail
qa-hardfail-07852,SK하이닉스 미체결 취소 가능해? #07852,cancel_pending,True,synthetic_hardfail
qa-hardfail-07853,미체결 주문 취소할까? #07853,cancel_pending,True,synthetic_hardfail
qa-hardfail-07854,카카오 미체결 취소 가능해? #07854,cancel_pending,True,synthetic_hardfail
qa-hardfail-07855,미체결 주문 취소할까? #07855,cancel_pending,True,synthetic_hardfail
qa-hardfail-07856,LG에너지솔루션 미체결 취소 가능해? #07856,cancel_pending,True,synthetic_hardfail
qa-hardfail-07857,미체결 주문 취소할까? #07857,cancel_pending,True,synthetic_hardfail
qa-hardfail-07858,SK하이닉스 미체결 취소 가능해? #07858,cancel_pending,True,synthetic_hardfail
qa-hardfail-07859,미체결 주문 취소할까? #07859,cancel_pending,True,synthetic_hardfail
qa-hardfail-07860,카카오 미체결 취소 가능해? #07860,cancel_pending,True,synthetic_hardfail
qa-hardfail-07861,미체결 주문 취소할까? #07861,cancel_pending,True,synthetic_hardfail
qa-hardfail-07862,LG에너지솔루션 미체결 취소 가능해? #07862,cancel_pending,True,synthetic_hardfail
qa-hardfail-07863,미체결 주문 취소할까? #07863,cancel_pending,True,synthetic_hardfail
qa-hardfail-07864,SK하이닉스 미체결 취소 가능해? #07864,cancel_pending,True,synthetic_hardfail
qa-hardfail-07865,미체결 주문 취소할까? #07865,cancel_pending,True,synthetic_hardfail
qa-hardfail-07866,카카오 미체결 취소 가능해? #07866,cancel_pending,True,synthetic_hardfail
qa-hardfail-07867,미체결 주문 취소할까? #07867,cancel_pending,True,synthetic_hardfail
qa-hardfail-07868,LG에너지솔루션 미체결 취소 가능해? #07868,cancel_pending,True,synthetic_hardfail
qa-hardfail-07869,미체결 주문 취소할까? #07869,cancel_pending,True,synthetic_hardfail
qa-hardfail-07870,SK하이닉스 미체결 취소 가능해? #07870,cancel_pending,True,synthetic_hardfail
qa-hardfail-07871,미체결 주문 취소할까? #07871,cancel_pending,True,synthetic_hardfail
qa-hardfail-07872,카카오 미체결 취소 가능해? #07872,cancel_pending,True,synthetic_hardfail
qa-hardfail-07873,미체결 주문 취소할까? #07873,cancel_pending,True,synthetic_hardfail
qa-hardfail-07874,LG에너지솔루션 미체결 취소 가능해? #07874,cancel_pending,True,synthetic_hardfail
qa-hardfail-07875,미체결 주문 취소할까? #07875,cancel_pending,True,synthetic_hardfail
qa-hardfail-07876,SK하이닉스 미체결 취소 가능해? #07876,cancel_pending,True,synthetic_hardfail
qa-hardfail-07877,미체결 주문 취소할까? #07877,cancel_pending,True,synthetic_hardfail
qa-hardfail-07878,카카오 미체결 취소 가능해? #07878,cancel_pending,True,synthetic_hardfail
qa-hardfail-07879,미체결 주문 취소할까? #07879,cancel_pending,True,synthetic_hardfail
qa-hardfail-07880,LG에너지솔루션 미체결 취소 가능해? #07880,cancel_pending,True,synthetic_hardfail
qa-hardfail-07881,미체결 주문 취소할까? #07881,cancel_pending,True,synthetic_hardfail
qa-hardfail-07882,SK하이닉스 미체결 취소 가능해? #07882,cancel_pending,True,synthetic_hardfail
qa-hardfail-07883,미체결 주문 취소할까? #07883,cancel_pending,True,synthetic_hardfail
qa-hardfail-07884,카카오 미체결 취소 가능해? #07884,cancel_pending,True,synthetic_hardfail
qa-hardfail-07885,미체결 주문 취소할까? #07885,cancel_pending,True,synthetic_hardfail
qa-hardfail-07886,LG에너지솔루션 미체결 취소 가능해? #07886,cancel_pending,True,synthetic_hardfail
qa-hardfail-07887,미체결 주문 취소할까? #07887,cancel_pending,True,synthetic_hardfail
qa-hardfail-07888,SK하이닉스 미체결 취소 가능해? #07888,cancel_pending,True,synthetic_hardfail
qa-hardfail-07889,미체결 주문 취소할까? #07889,cancel_pending,True,synthetic_hardfail
qa-hardfail-07890,카카오 미체결 취소 가능해? #07890,cancel_pending,True,synthetic_hardfail
qa-hardfail-07891,미체결 주문 취소할까? #07891,cancel_pending,True,synthetic_hardfail
qa-hardfail-07892,LG에너지솔루션 미체결 취소 가능해? #07892,cancel_pending,True,synthetic_hardfail
qa-hardfail-07893,미체결 주문 취소할까? #07893,cancel_pending,True,synthetic_hardfail
qa-hardfail-07894,SK하이닉스 미체결 취소 가능해? #07894,cancel_pending,True,synthetic_hardfail
qa-hardfail-07895,미체결 주문 취소할까? #07895,cancel_pending,True,synthetic_hardfail
qa-hardfail-07896,카카오 미체결 취소 가능해? #07896,cancel_pending,True,synthetic_hardfail
qa-hardfail-07897,미체결 주문 취소할까? #07897,cancel_pending,True,synthetic_hardfail
qa-hardfail-07898,LG에너지솔루션 미체결 취소 가능해? #07898,cancel_pending,True,synthetic_hardfail
qa-hardfail-07899,미체결 주문 취소할까? #07899,cancel_pending,True,synthetic_hardfail
qa-hardfail-07900,SK하이닉스 미체결 취소 가능해? #07900,cancel_pending,True,synthetic_hardfail
qa-hardfail-07901,미체결 주문 취소할까? #07901,cancel_pending,True,synthetic_hardfail
qa-hardfail-07902,삼성전자 현재가 알려줘 #07902,price_current,True,synthetic_hardfail
qa-hardfail-07903,SK하이닉스 지금 가격 얼마야? #07903,price_current,True,synthetic_hardfail
qa-hardfail-07904,NAVER 현재가 알려줘 #07904,price_current,True,synthetic_hardfail
qa-hardfail-07905,카카오 지금 가격 얼마야? #07905,price_current,True,synthetic_hardfail
qa-hardfail-07906,현대차 현재가 알려줘 #07906,price_current,True,synthetic_hardfail
qa-hardfail-07907,LG에너지솔루션 지금 가격 얼마야? #07907,price_current,True,synthetic_hardfail
qa-hardfail-07908,삼성전자 현재가 알려줘 #07908,price_current,True,synthetic_hardfail
qa-hardfail-07909,SK하이닉스 지금 가격 얼마야? #07909,price_current,True,synthetic_hardfail
qa-hardfail-07910,NAVER 현재가 알려줘 #07910,price_current,True,synthetic_hardfail
qa-hardfail-07911,카카오 지금 가격 얼마야? #07911,price_current,True,synthetic_hardfail
qa-hardfail-07912,현대차 현재가 알려줘 #07912,price_current,True,synthetic_hardfail
qa-hardfail-07913,LG에너지솔루션 지금 가격 얼마야? #07913,price_current,True,synthetic_hardfail
qa-hardfail-07914,삼성전자 현재가 알려줘 #07914,price_current,True,synthetic_hardfail
qa-hardfail-07915,SK하이닉스 지금 가격 얼마야? #07915,price_current,True,synthetic_hardfail
qa-hardfail-07916,NAVER 현재가 알려줘 #07916,price_current,True,synthetic_hardfail
qa-hardfail-07917,카카오 지금 가격 얼마야? #07917,price_current,True,synthetic_hardfail
qa-hardfail-07918,현대차 현재가 알려줘 #07918,price_current,True,synthetic_hardfail
qa-hardfail-07919,LG에너지솔루션 지금 가격 얼마야? #07919,price_current,True,synthetic_hardfail
qa-hardfail-07920,삼성전자 현재가 알려줘 #07920,price_current,True,synthetic_hardfail
qa-hardfail-07921,SK하이닉스 지금 가격 얼마야? #07921,price_current,True,synthetic_hardfail
qa-hardfail-07922,NAVER 현재가 알려줘 #07922,price_current,True,synthetic_hardfail
qa-hardfail-07923,카카오 지금 가격 얼마야? #07923,price_current,True,synthetic_hardfail
qa-hardfail-07924,현대차 현재가 알려줘 #07924,price_current,True,synthetic_hardfail
qa-hardfail-07925,LG에너지솔루션 지금 가격 얼마야? #07925,price_current,True,synthetic_hardfail
qa-hardfail-07926,삼성전자 현재가 알려줘 #07926,price_current,True,synthetic_hardfail
qa-hardfail-07927,SK하이닉스 지금 가격 얼마야? #07927,price_current,True,synthetic_hardfail
qa-hardfail-07928,NAVER 현재가 알려줘 #07928,price_current,True,synthetic_hardfail
qa-hardfail-07929,카카오 지금 가격 얼마야? #07929,price_current,True,synthetic_hardfail
qa-hardfail-07930,현대차 현재가 알려줘 #07930,price_current,True,synthetic_hardfail
qa-hardfail-07931,LG에너지솔루션 지금 가격 얼마야? #07931,price_current,True,synthetic_hardfail
qa-hardfail-07932,삼성전자 현재가 알려줘 #07932,price_current,True,synthetic_hardfail
qa-hardfail-07933,SK하이닉스 지금 가격 얼마야? #07933,price_current,True,synthetic_hardfail
qa-hardfail-07934,NAVER 현재가 알려줘 #07934,price_current,True,synthetic_hardfail
qa-hardfail-07935,카카오 지금 가격 얼마야? #07935,price_current,True,synthetic_hardfail
qa-hardfail-07936,현대차 현재가 알려줘 #07936,price_current,True,synthetic_hardfail
qa-hardfail-07937,LG에너지솔루션 지금 가격 얼마야? #07937,price_current,True,synthetic_hardfail
qa-hardfail-07938,삼성전자 현재가 알려줘 #07938,price_current,True,synthetic_hardfail
qa-hardfail-07939,SK하이닉스 지금 가격 얼마야? #07939,price_current,True,synthetic_hardfail
qa-hardfail-07940,NAVER 현재가 알려줘 #07940,price_current,True,synthetic_hardfail
qa-hardfail-07941,카카오 지금 가격 얼마야? #07941,price_current,True,synthetic_hardfail
qa-hardfail-07942,현대차 현재가 알려줘 #07942,price_current,True,synthetic_hardfail
qa-hardfail-07943,LG에너지솔루션 지금 가격 얼마야? #07943,price_current,True,synthetic_hardfail
qa-hardfail-07944,삼성전자 현재가 알려줘 #07944,price_current,True,synthetic_hardfail
qa-hardfail-07945,SK하이닉스 지금 가격 얼마야? #07945,price_current,True,synthetic_hardfail
qa-hardfail-07946,NAVER 현재가 알려줘 #07946,price_current,True,synthetic_hardfail
qa-hardfail-07947,카카오 지금 가격 얼마야? #07947,price_current,True,synthetic_hardfail
qa-hardfail-07948,현대차 현재가 알려줘 #07948,price_current,True,synthetic_hardfail
qa-hardfail-07949,LG에너지솔루션 지금 가격 얼마야? #07949,price_current,True,synthetic_hardfail
qa-hardfail-07950,삼성전자 현재가 알려줘 #07950,price_current,True,synthetic_hardfail
qa-hardfail-07951,SK하이닉스 지금 가격 얼마야? #07951,price_current,True,synthetic_hardfail
qa-hardfail-07952,NAVER 현재가 알려줘 #07952,price_current,True,synthetic_hardfail
qa-hardfail-07953,카카오 지금 가격 얼마야? #07953,price_current,True,synthetic_hardfail
qa-hardfail-07954,현대차 현재가 알려줘 #07954,price_current,True,synthetic_hardfail
qa-hardfail-07955,LG에너지솔루션 지금 가격 얼마야? #07955,price_current,True,synthetic_hardfail
qa-hardfail-07956,삼성전자 현재가 알려줘 #07956,price_current,True,synthetic_hardfail
qa-hardfail-07957,SK하이닉스 지금 가격 얼마야? #07957,price_current,True,synthetic_hardfail
qa-hardfail-07958,NAVER 현재가 알려줘 #07958,price_current,True,synthetic_hardfail
qa-hardfail-07959,카카오 지금 가격 얼마야? #07959,price_current,True,synthetic_hardfail
qa-hardfail-07960,현대차 현재가 알려줘 #07960,price_current,True,synthetic_hardfail
qa-hardfail-07961,LG에너지솔루션 지금 가격 얼마야? #07961,price_current,True,synthetic_hardfail
qa-hardfail-07962,삼성전자 현재가 알려줘 #07962,price_current,True,synthetic_hardfail
qa-hardfail-07963,SK하이닉스 지금 가격 얼마야? #07963,price_current,True,synthetic_hardfail
qa-hardfail-07964,NAVER 현재가 알려줘 #07964,price_current,True,synthetic_hardfail
qa-hardfail-07965,카카오 지금 가격 얼마야? #07965,price_current,True,synthetic_hardfail
qa-hardfail-07966,현대차 현재가 알려줘 #07966,price_current,True,synthetic_hardfail
qa-hardfail-07967,LG에너지솔루션 지금 가격 얼마야? #07967,price_current,True,synthetic_hardfail
qa-hardfail-07968,삼성전자 현재가 알려줘 #07968,price_current,True,synthetic_hardfail
qa-hardfail-07969,SK하이닉스 지금 가격 얼마야? #07969,price_current,True,synthetic_hardfail
qa-hardfail-07970,NAVER 현재가 알려줘 #07970,price_current,True,synthetic_hardfail
qa-hardfail-07971,카카오 지금 가격 얼마야? #07971,price_current,True,synthetic_hardfail
qa-hardfail-07972,현대차 현재가 알려줘 #07972,price_current,True,synthetic_hardfail
qa-hardfail-07973,LG에너지솔루션 지금 가격 얼마야? #07973,price_current,True,synthetic_hardfail
qa-hardfail-07974,삼성전자 현재가 알려줘 #07974,price_current,True,synthetic_hardfail
qa-hardfail-07975,SK하이닉스 지금 가격 얼마야? #07975,price_current,True,synthetic_hardfail
qa-hardfail-07976,NAVER 현재가 알려줘 #07976,price_current,True,synthetic_hardfail
qa-hardfail-07977,카카오 지금 가격 얼마야? #07977,price_current,True,synthetic_hardfail
qa-hardfail-07978,현대차 현재가 알려줘 #07978,price_current,True,synthetic_hardfail
qa-hardfail-07979,LG에너지솔루션 지금 가격 얼마야? #07979,price_current,True,synthetic_hardfail
qa-hardfail-07980,삼성전자 현재가 알려줘 #07980,price_current,True,synthetic_hardfail
qa-hardfail-07981,SK하이닉스 지금 가격 얼마야? #07981,price_current,True,synthetic_hardfail
qa-hardfail-07982,NAVER 현재가 알려줘 #07982,price_current,True,synthetic_hardfail
qa-hardfail-07983,카카오 지금 가격 얼마야? #07983,price_current,True,synthetic_hardfail
qa-hardfail-07984,현대차 현재가 알려줘 #07984,price_current,True,synthetic_hardfail
qa-hardfail-07985,LG에너지솔루션 지금 가격 얼마야? #07985,price_current,True,synthetic_hardfail
qa-hardfail-07986,삼성전자 현재가 알려줘 #07986,price_current,True,synthetic_hardfail
qa-hardfail-07987,SK하이닉스 지금 가격 얼마야? #07987,price_current,True,synthetic_hardfail
qa-hardfail-07988,NAVER 현재가 알려줘 #07988,price_current,True,synthetic_hardfail
qa-hardfail-07989,카카오 지금 가격 얼마야? #07989,price_current,True,synthetic_hardfail
qa-hardfail-07990,현대차 현재가 알려줘 #07990,price_current,True,synthetic_hardfail
qa-hardfail-07991,LG에너지솔루션 지금 가격 얼마야? #07991,price_current,True,synthetic_hardfail
qa-hardfail-07992,삼성전자 현재가 알려줘 #07992,price_current,True,synthetic_hardfail
qa-hardfail-07993,SK하이닉스 지금 가격 얼마야? #07993,price_current,True,synthetic_hardfail
qa-hardfail-07994,NAVER 현재가 알려줘 #07994,price_current,True,synthetic_hardfail
qa-hardfail-07995,카카오 지금 가격 얼마야? #07995,price_current,True,synthetic_hardfail
qa-hardfail-07996,현대차 현재가 알려줘 #07996,price_current,True,synthetic_hardfail
qa-hardfail-07997,LG에너지솔루션 지금 가격 얼마야? #07997,price_current,True,synthetic_hardfail
qa-hardfail-07998,삼성전자 현재가 알려줘 #07998,price_current,True,synthetic_hardfail
qa-hardfail-07999,SK하이닉스 지금 가격 얼마야? #07999,price_current,True,synthetic_hardfail
qa-hardfail-08000,NAVER 현재가 알려줘 #08000,price_current,True,synthetic_hardfail
qa-hardfail-08001,카카오 지금 가격 얼마야? #08001,price_current,True,synthetic_hardfail
qa-hardfail-08002,현대차 현재가 알려줘 #08002,price_current,True,synthetic_hardfail
qa-hardfail-08003,LG에너지솔루션 지금 가격 얼마야? #08003,price_current,True,synthetic_hardfail
qa-hardfail-08004,삼성전자 현재가 알려줘 #08004,price_current,True,synthetic_hardfail
qa-hardfail-08005,SK하이닉스 지금 가격 얼마야? #08005,price_current,True,synthetic_hardfail
qa-hardfail-08006,NAVER 현재가 알려줘 #08006,price_current,True,synthetic_hardfail
qa-hardfail-08007,카카오 지금 가격 얼마야? #08007,price_current,True,synthetic_hardfail
qa-hardfail-08008,현대차 현재가 알려줘 #08008,price_current,True,synthetic_hardfail
qa-hardfail-08009,LG에너지솔루션 지금 가격 얼마야? #08009,price_current,True,synthetic_hardfail
qa-hardfail-08010,삼성전자 현재가 알려줘 #08010,price_current,True,synthetic_hardfail
qa-hardfail-08011,SK하이닉스 지금 가격 얼마야? #08011,price_current,True,synthetic_hardfail
qa-hardfail-08012,NAVER 현재가 알려줘 #08012,price_current,True,synthetic_hardfail
qa-hardfail-08013,카카오 지금 가격 얼마야? #08013,price_current,True,synthetic_hardfail
qa-hardfail-08014,현대차 현재가 알려줘 #08014,price_current,True,synthetic_hardfail
qa-hardfail-08015,LG에너지솔루션 지금 가격 얼마야? #08015,price_current,True,synthetic_hardfail
qa-hardfail-08016,삼성전자 현재가 알려줘 #08016,price_current,True,synthetic_hardfail
qa-hardfail-08017,SK하이닉스 지금 가격 얼마야? #08017,price_current,True,synthetic_hardfail
qa-hardfail-08018,NAVER 현재가 알려줘 #08018,price_current,True,synthetic_hardfail
qa-hardfail-08019,카카오 지금 가격 얼마야? #08019,price_current,True,synthetic_hardfail
qa-hardfail-08020,현대차 현재가 알려줘 #08020,price_current,True,synthetic_hardfail
qa-hardfail-08021,LG에너지솔루션 지금 가격 얼마야? #08021,price_current,True,synthetic_hardfail
qa-hardfail-08022,삼성전자 현재가 알려줘 #08022,price_current,True,synthetic_hardfail
qa-hardfail-08023,SK하이닉스 지금 가격 얼마야? #08023,price_current,True,synthetic_hardfail
qa-hardfail-08024,NAVER 현재가 알려줘 #08024,price_current,True,synthetic_hardfail
qa-hardfail-08025,카카오 지금 가격 얼마야? #08025,price_current,True,synthetic_hardfail
qa-hardfail-08026,현대차 현재가 알려줘 #08026,price_current,True,synthetic_hardfail
qa-hardfail-08027,LG에너지솔루션 지금 가격 얼마야? #08027,price_current,True,synthetic_hardfail
qa-hardfail-08028,삼성전자 현재가 알려줘 #08028,price_current,True,synthetic_hardfail
qa-hardfail-08029,SK하이닉스 지금 가격 얼마야? #08029,price_current,True,synthetic_hardfail
qa-hardfail-08030,NAVER 현재가 알려줘 #08030,price_current,True,synthetic_hardfail
qa-hardfail-08031,카카오 지금 가격 얼마야? #08031,price_current,True,synthetic_hardfail
qa-hardfail-08032,현대차 현재가 알려줘 #08032,price_current,True,synthetic_hardfail
qa-hardfail-08033,LG에너지솔루션 지금 가격 얼마야? #08033,price_current,True,synthetic_hardfail
qa-hardfail-08034,삼성전자 현재가 알려줘 #08034,price_current,True,synthetic_hardfail
qa-hardfail-08035,SK하이닉스 지금 가격 얼마야? #08035,price_current,True,synthetic_hardfail
qa-hardfail-08036,NAVER 현재가 알려줘 #08036,price_current,True,synthetic_hardfail
qa-hardfail-08037,카카오 지금 가격 얼마야? #08037,price_current,True,synthetic_hardfail
qa-hardfail-08038,현대차 현재가 알려줘 #08038,price_current,True,synthetic_hardfail
qa-hardfail-08039,LG에너지솔루션 지금 가격 얼마야? #08039,price_current,True,synthetic_hardfail
qa-hardfail-08040,삼성전자 현재가 알려줘 #08040,price_current,True,synthetic_hardfail
qa-hardfail-08041,SK하이닉스 지금 가격 얼마야? #08041,price_current,True,synthetic_hardfail
qa-hardfail-08042,NAVER 현재가 알려줘 #08042,price_current,True,synthetic_hardfail
qa-hardfail-08043,카카오 지금 가격 얼마야? #08043,price_current,True,synthetic_hardfail
qa-hardfail-08044,현대차 현재가 알려줘 #08044,price_current,True,synthetic_hardfail
qa-hardfail-08045,LG에너지솔루션 지금 가격 얼마야? #08045,price_current,True,synthetic_hardfail
qa-hardfail-08046,삼성전자 현재가 알려줘 #08046,price_current,True,synthetic_hardfail
qa-hardfail-08047,SK하이닉스 지금 가격 얼마야? #08047,price_current,True,synthetic_hardfail
qa-hardfail-08048,NAVER 현재가 알려줘 #08048,price_current,True,synthetic_hardfail
qa-hardfail-08049,카카오 지금 가격 얼마야? #08049,price_current,True,synthetic_hardfail
qa-hardfail-08050,현대차 현재가 알려줘 #08050,price_current,True,synthetic_hardfail
qa-hardfail-08051,LG에너지솔루션 지금 가격 얼마야? #08051,price_current,True,synthetic_hardfail
qa-hardfail-08052,삼성전자 현재가 알려줘 #08052,price_current,True,synthetic_hardfail
qa-hardfail-08053,SK하이닉스 지금 가격 얼마야? #08053,price_current,True,synthetic_hardfail
qa-hardfail-08054,NAVER 현재가 알려줘 #08054,price_current,True,synthetic_hardfail
qa-hardfail-08055,카카오 지금 가격 얼마야? #08055,price_current,True,synthetic_hardfail
qa-hardfail-08056,현대차 현재가 알려줘 #08056,price_current,True,synthetic_hardfail
qa-hardfail-08057,LG에너지솔루션 지금 가격 얼마야? #08057,price_current,True,synthetic_hardfail
qa-hardfail-08058,삼성전자 현재가 알려줘 #08058,price_current,True,synthetic_hardfail
qa-hardfail-08059,SK하이닉스 지금 가격 얼마야? #08059,price_current,True,synthetic_hardfail
qa-hardfail-08060,NAVER 현재가 알려줘 #08060,price_current,True,synthetic_hardfail
qa-hardfail-08061,카카오 지금 가격 얼마야? #08061,price_current,True,synthetic_hardfail
qa-hardfail-08062,현대차 현재가 알려줘 #08062,price_current,True,synthetic_hardfail
qa-hardfail-08063,LG에너지솔루션 지금 가격 얼마야? #08063,price_current,True,synthetic_hardfail
qa-hardfail-08064,삼성전자 현재가 알려줘 #08064,price_current,True,synthetic_hardfail
qa-hardfail-08065,SK하이닉스 지금 가격 얼마야? #08065,price_current,True,synthetic_hardfail
qa-hardfail-08066,NAVER 현재가 알려줘 #08066,price_current,True,synthetic_hardfail
qa-hardfail-08067,카카오 지금 가격 얼마야? #08067,price_current,True,synthetic_hardfail
qa-hardfail-08068,현대차 현재가 알려줘 #08068,price_current,True,synthetic_hardfail
qa-hardfail-08069,LG에너지솔루션 지금 가격 얼마야? #08069,price_current,True,synthetic_hardfail
qa-hardfail-08070,삼성전자 현재가 알려줘 #08070,price_current,True,synthetic_hardfail
qa-hardfail-08071,SK하이닉스 지금 가격 얼마야? #08071,price_current,True,synthetic_hardfail
qa-hardfail-08072,NAVER 현재가 알려줘 #08072,price_current,True,synthetic_hardfail
qa-hardfail-08073,카카오 지금 가격 얼마야? #08073,price_current,True,synthetic_hardfail
qa-hardfail-08074,현대차 현재가 알려줘 #08074,price_current,True,synthetic_hardfail
qa-hardfail-08075,LG에너지솔루션 지금 가격 얼마야? #08075,price_current,True,synthetic_hardfail
qa-hardfail-08076,삼성전자 현재가 알려줘 #08076,price_current,True,synthetic_hardfail
qa-hardfail-08077,SK하이닉스 지금 가격 얼마야? #08077,price_current,True,synthetic_hardfail
qa-hardfail-08078,NAVER 현재가 알려줘 #08078,price_current,True,synthetic_hardfail
qa-hardfail-08079,카카오 지금 가격 얼마야? #08079,price_current,True,synthetic_hardfail
qa-hardfail-08080,현대차 현재가 알려줘 #08080,price_current,True,synthetic_hardfail
qa-hardfail-08081,LG에너지솔루션 지금 가격 얼마야? #08081,price_current,True,synthetic_hardfail
qa-hardfail-08082,삼성전자 현재가 알려줘 #08082,price_current,True,synthetic_hardfail
qa-hardfail-08083,SK하이닉스 지금 가격 얼마야? #08083,price_current,True,synthetic_hardfail
qa-hardfail-08084,NAVER 현재가 알려줘 #08084,price_current,True,synthetic_hardfail
qa-hardfail-08085,카카오 지금 가격 얼마야? #08085,price_current,True,synthetic_hardfail
qa-hardfail-08086,현대차 현재가 알려줘 #08086,price_current,True,synthetic_hardfail
qa-hardfail-08087,LG에너지솔루션 지금 가격 얼마야? #08087,price_current,True,synthetic_hardfail
qa-hardfail-08088,삼성전자 현재가 알려줘 #08088,price_current,True,synthetic_hardfail
qa-hardfail-08089,SK하이닉스 지금 가격 얼마야? #08089,price_current,True,synthetic_hardfail
qa-hardfail-08090,NAVER 현재가 알려줘 #08090,price_current,True,synthetic_hardfail
qa-hardfail-08091,카카오 지금 가격 얼마야? #08091,price_current,True,synthetic_hardfail
qa-hardfail-08092,현대차 현재가 알려줘 #08092,price_current,True,synthetic_hardfail
qa-hardfail-08093,LG에너지솔루션 지금 가격 얼마야? #08093,price_current,True,synthetic_hardfail
qa-hardfail-08094,삼성전자 현재가 알려줘 #08094,price_current,True,synthetic_hardfail
qa-hardfail-08095,SK하이닉스 지금 가격 얼마야? #08095,price_current,True,synthetic_hardfail
qa-hardfail-08096,NAVER 현재가 알려줘 #08096,price_current,True,synthetic_hardfail
qa-hardfail-08097,카카오 지금 가격 얼마야? #08097,price_current,True,synthetic_hardfail
qa-hardfail-08098,현대차 현재가 알려줘 #08098,price_current,True,synthetic_hardfail
qa-hardfail-08099,LG에너지솔루션 지금 가격 얼마야? #08099,price_current,True,synthetic_hardfail
qa-hardfail-08100,삼성전자 현재가 알려줘 #08100,price_current,True,synthetic_hardfail
qa-hardfail-08101,SK하이닉스 지금 가격 얼마야? #08101,price_current,True,synthetic_hardfail
qa-hardfail-08102,NAVER 현재가 알려줘 #08102,price_current,True,synthetic_hardfail
qa-hardfail-08103,카카오 지금 가격 얼마야? #08103,price_current,True,synthetic_hardfail
qa-hardfail-08104,현대차 현재가 알려줘 #08104,price_current,True,synthetic_hardfail
qa-hardfail-08105,LG에너지솔루션 지금 가격 얼마야? #08105,price_current,True,synthetic_hardfail
qa-hardfail-08106,삼성전자 현재가 알려줘 #08106,price_current,True,synthetic_hardfail
qa-hardfail-08107,SK하이닉스 지금 가격 얼마야? #08107,price_current,True,synthetic_hardfail
qa-hardfail-08108,NAVER 현재가 알려줘 #08108,price_current,True,synthetic_hardfail
qa-hardfail-08109,카카오 지금 가격 얼마야? #08109,price_current,True,synthetic_hardfail
qa-hardfail-08110,현대차 현재가 알려줘 #08110,price_current,True,synthetic_hardfail
qa-hardfail-08111,LG에너지솔루션 지금 가격 얼마야? #08111,price_current,True,synthetic_hardfail
qa-hardfail-08112,삼성전자 현재가 알려줘 #08112,price_current,True,synthetic_hardfail
qa-hardfail-08113,SK하이닉스 지금 가격 얼마야? #08113,price_current,True,synthetic_hardfail
qa-hardfail-08114,NAVER 현재가 알려줘 #08114,price_current,True,synthetic_hardfail
qa-hardfail-08115,카카오 지금 가격 얼마야? #08115,price_current,True,synthetic_hardfail
qa-hardfail-08116,현대차 현재가 알려줘 #08116,price_current,True,synthetic_hardfail
qa-hardfail-08117,LG에너지솔루션 지금 가격 얼마야? #08117,price_current,True,synthetic_hardfail
qa-hardfail-08118,삼성전자 현재가 알려줘 #08118,price_current,True,synthetic_hardfail
qa-hardfail-08119,SK하이닉스 지금 가격 얼마야? #08119,price_current,True,synthetic_hardfail
qa-hardfail-08120,NAVER 현재가 알려줘 #08120,price_current,True,synthetic_hardfail
qa-hardfail-08121,카카오 지금 가격 얼마야? #08121,price_current,True,synthetic_hardfail
qa-hardfail-08122,현대차 현재가 알려줘 #08122,price_current,True,synthetic_hardfail
qa-hardfail-08123,LG에너지솔루션 지금 가격 얼마야? #08123,price_current,True,synthetic_hardfail
qa-hardfail-08124,삼성전자 현재가 알려줘 #08124,price_current,True,synthetic_hardfail
qa-hardfail-08125,SK하이닉스 지금 가격 얼마야? #08125,price_current,True,synthetic_hardfail
qa-hardfail-08126,NAVER 현재가 알려줘 #08126,price_current,True,synthetic_hardfail
qa-hardfail-08127,카카오 지금 가격 얼마야? #08127,price_current,True,synthetic_hardfail
qa-hardfail-08128,현대차 현재가 알려줘 #08128,price_current,True,synthetic_hardfail
qa-hardfail-08129,LG에너지솔루션 지금 가격 얼마야? #08129,price_current,True,synthetic_hardfail
qa-hardfail-08130,삼성전자 현재가 알려줘 #08130,price_current,True,synthetic_hardfail
qa-hardfail-08131,SK하이닉스 지금 가격 얼마야? #08131,price_current,True,synthetic_hardfail
qa-hardfail-08132,NAVER 현재가 알려줘 #08132,price_current,True,synthetic_hardfail
qa-hardfail-08133,카카오 지금 가격 얼마야? #08133,price_current,True,synthetic_hardfail
qa-hardfail-08134,현대차 현재가 알려줘 #08134,price_current,True,synthetic_hardfail
qa-hardfail-08135,LG에너지솔루션 지금 가격 얼마야? #08135,price_current,True,synthetic_hardfail
qa-hardfail-08136,삼성전자 현재가 알려줘 #08136,price_current,True,synthetic_hardfail
qa-hardfail-08137,SK하이닉스 지금 가격 얼마야? #08137,price_current,True,synthetic_hardfail
qa-hardfail-08138,NAVER 현재가 알려줘 #08138,price_current,True,synthetic_hardfail
qa-hardfail-08139,카카오 지금 가격 얼마야? #08139,price_current,True,synthetic_hardfail
qa-hardfail-08140,현대차 현재가 알려줘 #08140,price_current,True,synthetic_hardfail
qa-hardfail-08141,LG에너지솔루션 지금 가격 얼마야? #08141,price_current,True,synthetic_hardfail
qa-hardfail-08142,삼성전자 현재가 알려줘 #08142,price_current,True,synthetic_hardfail
qa-hardfail-08143,SK하이닉스 지금 가격 얼마야? #08143,price_current,True,synthetic_hardfail
qa-hardfail-08144,NAVER 현재가 알려줘 #08144,price_current,True,synthetic_hardfail
qa-hardfail-08145,카카오 지금 가격 얼마야? #08145,price_current,True,synthetic_hardfail
qa-hardfail-08146,현대차 현재가 알려줘 #08146,price_current,True,synthetic_hardfail
qa-hardfail-08147,LG에너지솔루션 지금 가격 얼마야? #08147,price_current,True,synthetic_hardfail
qa-hardfail-08148,삼성전자 현재가 알려줘 #08148,price_current,True,synthetic_hardfail
qa-hardfail-08149,SK하이닉스 지금 가격 얼마야? #08149,price_current,True,synthetic_hardfail
qa-hardfail-08150,NAVER 현재가 알려줘 #08150,price_current,True,synthetic_hardfail
qa-hardfail-08151,카카오 지금 가격 얼마야? #08151,price_current,True,synthetic_hardfail
qa-hardfail-08152,현대차 현재가 알려줘 #08152,price_current,True,synthetic_hardfail
qa-hardfail-08153,LG에너지솔루션 지금 가격 얼마야? #08153,price_current,True,synthetic_hardfail
qa-hardfail-08154,삼성전자 현재가 알려줘 #08154,price_current,True,synthetic_hardfail
qa-hardfail-08155,SK하이닉스 지금 가격 얼마야? #08155,price_current,True,synthetic_hardfail
qa-hardfail-08156,NAVER 현재가 알려줘 #08156,price_current,True,synthetic_hardfail
qa-hardfail-08157,카카오 지금 가격 얼마야? #08157,price_current,True,synthetic_hardfail
qa-hardfail-08158,현대차 현재가 알려줘 #08158,price_current,True,synthetic_hardfail
qa-hardfail-08159,LG에너지솔루션 지금 가격 얼마야? #08159,price_current,True,synthetic_hardfail
qa-hardfail-08160,삼성전자 현재가 알려줘 #08160,price_current,True,synthetic_hardfail
qa-hardfail-08161,SK하이닉스 지금 가격 얼마야? #08161,price_current,True,synthetic_hardfail
qa-hardfail-08162,NAVER 현재가 알려줘 #08162,price_current,True,synthetic_hardfail
qa-hardfail-08163,카카오 지금 가격 얼마야? #08163,price_current,True,synthetic_hardfail
qa-hardfail-08164,현대차 현재가 알려줘 #08164,price_current,True,synthetic_hardfail
qa-hardfail-08165,LG에너지솔루션 지금 가격 얼마야? #08165,price_current,True,synthetic_hardfail
qa-hardfail-08166,삼성전자 현재가 알려줘 #08166,price_current,True,synthetic_hardfail
qa-hardfail-08167,SK하이닉스 지금 가격 얼마야? #08167,price_current,True,synthetic_hardfail
qa-hardfail-08168,NAVER 현재가 알려줘 #08168,price_current,True,synthetic_hardfail
qa-hardfail-08169,카카오 지금 가격 얼마야? #08169,price_current,True,synthetic_hardfail
qa-hardfail-08170,현대차 현재가 알려줘 #08170,price_current,True,synthetic_hardfail
qa-hardfail-08171,LG에너지솔루션 지금 가격 얼마야? #08171,price_current,True,synthetic_hardfail
qa-hardfail-08172,삼성전자 현재가 알려줘 #08172,price_current,True,synthetic_hardfail
qa-hardfail-08173,SK하이닉스 지금 가격 얼마야? #08173,price_current,True,synthetic_hardfail
qa-hardfail-08174,NAVER 현재가 알려줘 #08174,price_current,True,synthetic_hardfail
qa-hardfail-08175,카카오 지금 가격 얼마야? #08175,price_current,True,synthetic_hardfail
qa-hardfail-08176,현대차 현재가 알려줘 #08176,price_current,True,synthetic_hardfail
qa-hardfail-08177,LG에너지솔루션 지금 가격 얼마야? #08177,price_current,True,synthetic_hardfail
qa-hardfail-08178,삼성전자 현재가 알려줘 #08178,price_current,True,synthetic_hardfail
qa-hardfail-08179,SK하이닉스 지금 가격 얼마야? #08179,price_current,True,synthetic_hardfail
qa-hardfail-08180,NAVER 현재가 알려줘 #08180,price_current,True,synthetic_hardfail
qa-hardfail-08181,카카오 지금 가격 얼마야? #08181,price_current,True,synthetic_hardfail
qa-hardfail-08182,현대차 현재가 알려줘 #08182,price_current,True,synthetic_hardfail
qa-hardfail-08183,LG에너지솔루션 지금 가격 얼마야? #08183,price_current,True,synthetic_hardfail
qa-hardfail-08184,삼성전자 현재가 알려줘 #08184,price_current,True,synthetic_hardfail
qa-hardfail-08185,SK하이닉스 지금 가격 얼마야? #08185,price_current,True,synthetic_hardfail
qa-hardfail-08186,NAVER 현재가 알려줘 #08186,price_current,True,synthetic_hardfail
qa-hardfail-08187,카카오 지금 가격 얼마야? #08187,price_current,True,synthetic_hardfail
qa-hardfail-08188,현대차 현재가 알려줘 #08188,price_current,True,synthetic_hardfail
qa-hardfail-08189,LG에너지솔루션 지금 가격 얼마야? #08189,price_current,True,synthetic_hardfail
qa-hardfail-08190,삼성전자 현재가 알려줘 #08190,price_current,True,synthetic_hardfail
qa-hardfail-08191,SK하이닉스 지금 가격 얼마야? #08191,price_current,True,synthetic_hardfail
qa-hardfail-08192,NAVER 현재가 알려줘 #08192,price_current,True,synthetic_hardfail
qa-hardfail-08193,카카오 지금 가격 얼마야? #08193,price_current,True,synthetic_hardfail
qa-hardfail-08194,현대차 현재가 알려줘 #08194,price_current,True,synthetic_hardfail
qa-hardfail-08195,LG에너지솔루션 지금 가격 얼마야? #08195,price_current,True,synthetic_hardfail
qa-hardfail-08196,삼성전자 현재가 알려줘 #08196,price_current,True,synthetic_hardfail
qa-hardfail-08197,SK하이닉스 지금 가격 얼마야? #08197,price_current,True,synthetic_hardfail
qa-hardfail-08198,NAVER 현재가 알려줘 #08198,price_current,True,synthetic_hardfail
qa-hardfail-08199,카카오 지금 가격 얼마야? #08199,price_current,True,synthetic_hardfail
qa-hardfail-08200,현대차 현재가 알려줘 #08200,price_current,True,synthetic_hardfail
qa-hardfail-08201,LG에너지솔루션 지금 가격 얼마야? #08201,price_current,True,synthetic_hardfail
qa-hardfail-08202,삼성전자 현재가 알려줘 #08202,price_current,True,synthetic_hardfail
qa-hardfail-08203,SK하이닉스 지금 가격 얼마야? #08203,price_current,True,synthetic_hardfail
qa-hardfail-08204,NAVER 현재가 알려줘 #08204,price_current,True,synthetic_hardfail
qa-hardfail-08205,카카오 지금 가격 얼마야? #08205,price_current,True,synthetic_hardfail
qa-hardfail-08206,현대차 현재가 알려줘 #08206,price_current,True,synthetic_hardfail
qa-hardfail-08207,LG에너지솔루션 지금 가격 얼마야? #08207,price_current,True,synthetic_hardfail
qa-hardfail-08208,삼성전자 현재가 알려줘 #08208,price_current,True,synthetic_hardfail
qa-hardfail-08209,SK하이닉스 지금 가격 얼마야? #08209,price_current,True,synthetic_hardfail
qa-hardfail-08210,NAVER 현재가 알려줘 #08210,price_current,True,synthetic_hardfail
qa-hardfail-08211,카카오 지금 가격 얼마야? #08211,price_current,True,synthetic_hardfail
qa-hardfail-08212,현대차 현재가 알려줘 #08212,price_current,True,synthetic_hardfail
qa-hardfail-08213,LG에너지솔루션 지금 가격 얼마야? #08213,price_current,True,synthetic_hardfail
qa-hardfail-08214,삼성전자 현재가 알려줘 #08214,price_current,True,synthetic_hardfail
qa-hardfail-08215,SK하이닉스 지금 가격 얼마야? #08215,price_current,True,synthetic_hardfail
qa-hardfail-08216,NAVER 현재가 알려줘 #08216,price_current,True,synthetic_hardfail
qa-hardfail-08217,카카오 지금 가격 얼마야? #08217,price_current,True,synthetic_hardfail
qa-hardfail-08218,현대차 현재가 알려줘 #08218,price_current,True,synthetic_hardfail
qa-hardfail-08219,LG에너지솔루션 지금 가격 얼마야? #08219,price_current,True,synthetic_hardfail
qa-hardfail-08220,삼성전자 현재가 알려줘 #08220,price_current,True,synthetic_hardfail
qa-hardfail-08221,SK하이닉스 지금 가격 얼마야? #08221,price_current,True,synthetic_hardfail
qa-hardfail-08222,NAVER 현재가 알려줘 #08222,price_current,True,synthetic_hardfail
qa-hardfail-08223,카카오 지금 가격 얼마야? #08223,price_current,True,synthetic_hardfail
qa-hardfail-08224,현대차 현재가 알려줘 #08224,price_current,True,synthetic_hardfail
qa-hardfail-08225,LG에너지솔루션 지금 가격 얼마야? #08225,price_current,True,synthetic_hardfail
qa-hardfail-08226,삼성전자 현재가 알려줘 #08226,price_current,True,synthetic_hardfail
qa-hardfail-08227,SK하이닉스 지금 가격 얼마야? #08227,price_current,True,synthetic_hardfail
qa-hardfail-08228,NAVER 현재가 알려줘 #08228,price_current,True,synthetic_hardfail
qa-hardfail-08229,카카오 지금 가격 얼마야? #08229,price_current,True,synthetic_hardfail
qa-hardfail-08230,현대차 현재가 알려줘 #08230,price_current,True,synthetic_hardfail
qa-hardfail-08231,LG에너지솔루션 지금 가격 얼마야? #08231,price_current,True,synthetic_hardfail
qa-hardfail-08232,삼성전자 현재가 알려줘 #08232,price_current,True,synthetic_hardfail
qa-hardfail-08233,SK하이닉스 지금 가격 얼마야? #08233,price_current,True,synthetic_hardfail
qa-hardfail-08234,NAVER 현재가 알려줘 #08234,price_current,True,synthetic_hardfail
qa-hardfail-08235,카카오 지금 가격 얼마야? #08235,price_current,True,synthetic_hardfail
qa-hardfail-08236,현대차 현재가 알려줘 #08236,price_current,True,synthetic_hardfail
qa-hardfail-08237,LG에너지솔루션 지금 가격 얼마야? #08237,price_current,True,synthetic_hardfail
qa-hardfail-08238,삼성전자 현재가 알려줘 #08238,price_current,True,synthetic_hardfail
qa-hardfail-08239,SK하이닉스 지금 가격 얼마야? #08239,price_current,True,synthetic_hardfail
qa-hardfail-08240,NAVER 현재가 알려줘 #08240,price_current,True,synthetic_hardfail
qa-hardfail-08241,카카오 지금 가격 얼마야? #08241,price_current,True,synthetic_hardfail
qa-hardfail-08242,현대차 현재가 알려줘 #08242,price_current,True,synthetic_hardfail
qa-hardfail-08243,LG에너지솔루션 지금 가격 얼마야? #08243,price_current,True,synthetic_hardfail
qa-hardfail-08244,삼성전자 현재가 알려줘 #08244,price_current,True,synthetic_hardfail
qa-hardfail-08245,SK하이닉스 지금 가격 얼마야? #08245,price_current,True,synthetic_hardfail
qa-hardfail-08246,NAVER 현재가 알려줘 #08246,price_current,True,synthetic_hardfail
qa-hardfail-08247,카카오 지금 가격 얼마야? #08247,price_current,True,synthetic_hardfail
qa-hardfail-08248,현대차 현재가 알려줘 #08248,price_current,True,synthetic_hardfail
qa-hardfail-08249,LG에너지솔루션 지금 가격 얼마야? #08249,price_current,True,synthetic_hardfail
qa-hardfail-08250,삼성전자 현재가 알려줘 #08250,price_current,True,synthetic_hardfail
qa-hardfail-08251,SK하이닉스 지금 가격 얼마야? #08251,price_current,True,synthetic_hardfail
qa-hardfail-08252,NAVER 현재가 알려줘 #08252,price_current,True,synthetic_hardfail
qa-hardfail-08253,카카오 지금 가격 얼마야? #08253,price_current,True,synthetic_hardfail
qa-hardfail-08254,현대차 현재가 알려줘 #08254,price_current,True,synthetic_hardfail
qa-hardfail-08255,LG에너지솔루션 지금 가격 얼마야? #08255,price_current,True,synthetic_hardfail
qa-hardfail-08256,삼성전자 현재가 알려줘 #08256,price_current,True,synthetic_hardfail
qa-hardfail-08257,SK하이닉스 지금 가격 얼마야? #08257,price_current,True,synthetic_hardfail
qa-hardfail-08258,NAVER 현재가 알려줘 #08258,price_current,True,synthetic_hardfail
qa-hardfail-08259,카카오 지금 가격 얼마야? #08259,price_current,True,synthetic_hardfail
qa-hardfail-08260,현대차 현재가 알려줘 #08260,price_current,True,synthetic_hardfail
qa-hardfail-08261,LG에너지솔루션 지금 가격 얼마야? #08261,price_current,True,synthetic_hardfail
qa-hardfail-08262,삼성전자 현재가 알려줘 #08262,price_current,True,synthetic_hardfail
qa-hardfail-08263,SK하이닉스 지금 가격 얼마야? #08263,price_current,True,synthetic_hardfail
qa-hardfail-08264,NAVER 현재가 알려줘 #08264,price_current,True,synthetic_hardfail
qa-hardfail-08265,카카오 지금 가격 얼마야? #08265,price_current,True,synthetic_hardfail
qa-hardfail-08266,현대차 현재가 알려줘 #08266,price_current,True,synthetic_hardfail
qa-hardfail-08267,LG에너지솔루션 지금 가격 얼마야? #08267,price_current,True,synthetic_hardfail
qa-hardfail-08268,삼성전자 현재가 알려줘 #08268,price_current,True,synthetic_hardfail
qa-hardfail-08269,SK하이닉스 지금 가격 얼마야? #08269,price_current,True,synthetic_hardfail
qa-hardfail-08270,NAVER 현재가 알려줘 #08270,price_current,True,synthetic_hardfail
qa-hardfail-08271,카카오 지금 가격 얼마야? #08271,price_current,True,synthetic_hardfail
qa-hardfail-08272,현대차 현재가 알려줘 #08272,price_current,True,synthetic_hardfail
qa-hardfail-08273,LG에너지솔루션 지금 가격 얼마야? #08273,price_current,True,synthetic_hardfail
qa-hardfail-08274,삼성전자 현재가 알려줘 #08274,price_current,True,synthetic_hardfail
qa-hardfail-08275,SK하이닉스 지금 가격 얼마야? #08275,price_current,True,synthetic_hardfail
qa-hardfail-08276,NAVER 현재가 알려줘 #08276,price_current,True,synthetic_hardfail
qa-hardfail-08277,카카오 지금 가격 얼마야? #08277,price_current,True,synthetic_hardfail
qa-hardfail-08278,현대차 현재가 알려줘 #08278,price_current,True,synthetic_hardfail
qa-hardfail-08279,LG에너지솔루션 지금 가격 얼마야? #08279,price_current,True,synthetic_hardfail
qa-hardfail-08280,삼성전자 현재가 알려줘 #08280,price_current,True,synthetic_hardfail
qa-hardfail-08281,SK하이닉스 지금 가격 얼마야? #08281,price_current,True,synthetic_hardfail
qa-hardfail-08282,NAVER 현재가 알려줘 #08282,price_current,True,synthetic_hardfail
qa-hardfail-08283,카카오 지금 가격 얼마야? #08283,price_current,True,synthetic_hardfail
qa-hardfail-08284,현대차 현재가 알려줘 #08284,price_current,True,synthetic_hardfail
qa-hardfail-08285,LG에너지솔루션 지금 가격 얼마야? #08285,price_current,True,synthetic_hardfail
qa-hardfail-08286,삼성전자 현재가 알려줘 #08286,price_current,True,synthetic_hardfail
qa-hardfail-08287,SK하이닉스 지금 가격 얼마야? #08287,price_current,True,synthetic_hardfail
qa-hardfail-08288,NAVER 현재가 알려줘 #08288,price_current,True,synthetic_hardfail
qa-hardfail-08289,카카오 지금 가격 얼마야? #08289,price_current,True,synthetic_hardfail
qa-hardfail-08290,현대차 현재가 알려줘 #08290,price_current,True,synthetic_hardfail
qa-hardfail-08291,LG에너지솔루션 지금 가격 얼마야? #08291,price_current,True,synthetic_hardfail
qa-hardfail-08292,삼성전자 현재가 알려줘 #08292,price_current,True,synthetic_hardfail
qa-hardfail-08293,SK하이닉스 지금 가격 얼마야? #08293,price_current,True,synthetic_hardfail
qa-hardfail-08294,NAVER 현재가 알려줘 #08294,price_current,True,synthetic_hardfail
qa-hardfail-08295,카카오 지금 가격 얼마야? #08295,price_current,True,synthetic_hardfail
qa-hardfail-08296,현대차 현재가 알려줘 #08296,price_current,True,synthetic_hardfail
qa-hardfail-08297,LG에너지솔루션 지금 가격 얼마야? #08297,price_current,True,synthetic_hardfail
qa-hardfail-08298,삼성전자 현재가 알려줘 #08298,price_current,True,synthetic_hardfail
qa-hardfail-08299,SK하이닉스 지금 가격 얼마야? #08299,price_current,True,synthetic_hardfail
qa-hardfail-08300,NAVER 현재가 알려줘 #08300,price_current,True,synthetic_hardfail
qa-hardfail-08301,카카오 지금 가격 얼마야? #08301,price_current,True,synthetic_hardfail
qa-hardfail-08302,현대차 현재가 알려줘 #08302,price_current,True,synthetic_hardfail
qa-hardfail-08303,LG에너지솔루션 지금 가격 얼마야? #08303,price_current,True,synthetic_hardfail
qa-hardfail-08304,삼성전자 현재가 알려줘 #08304,price_current,True,synthetic_hardfail
qa-hardfail-08305,SK하이닉스 지금 가격 얼마야? #08305,price_current,True,synthetic_hardfail
qa-hardfail-08306,NAVER 현재가 알려줘 #08306,price_current,True,synthetic_hardfail
qa-hardfail-08307,카카오 지금 가격 얼마야? #08307,price_current,True,synthetic_hardfail
qa-hardfail-08308,현대차 현재가 알려줘 #08308,price_current,True,synthetic_hardfail
qa-hardfail-08309,LG에너지솔루션 지금 가격 얼마야? #08309,price_current,True,synthetic_hardfail
qa-hardfail-08310,삼성전자 현재가 알려줘 #08310,price_current,True,synthetic_hardfail
qa-hardfail-08311,SK하이닉스 지금 가격 얼마야? #08311,price_current,True,synthetic_hardfail
qa-hardfail-08312,NAVER 현재가 알려줘 #08312,price_current,True,synthetic_hardfail
qa-hardfail-08313,카카오 지금 가격 얼마야? #08313,price_current,True,synthetic_hardfail
qa-hardfail-08314,현대차 현재가 알려줘 #08314,price_current,True,synthetic_hardfail
qa-hardfail-08315,LG에너지솔루션 지금 가격 얼마야? #08315,price_current,True,synthetic_hardfail
qa-hardfail-08316,삼성전자 현재가 알려줘 #08316,price_current,True,synthetic_hardfail
qa-hardfail-08317,SK하이닉스 지금 가격 얼마야? #08317,price_current,True,synthetic_hardfail
qa-hardfail-08318,NAVER 현재가 알려줘 #08318,price_current,True,synthetic_hardfail
qa-hardfail-08319,카카오 지금 가격 얼마야? #08319,price_current,True,synthetic_hardfail
qa-hardfail-08320,현대차 현재가 알려줘 #08320,price_current,True,synthetic_hardfail
qa-hardfail-08321,LG에너지솔루션 지금 가격 얼마야? #08321,price_current,True,synthetic_hardfail
qa-hardfail-08322,삼성전자 현재가 알려줘 #08322,price_current,True,synthetic_hardfail
qa-hardfail-08323,SK하이닉스 지금 가격 얼마야? #08323,price_current,True,synthetic_hardfail
qa-hardfail-08324,NAVER 현재가 알려줘 #08324,price_current,True,synthetic_hardfail
qa-hardfail-08325,카카오 지금 가격 얼마야? #08325,price_current,True,synthetic_hardfail
qa-hardfail-08326,현대차 현재가 알려줘 #08326,price_current,True,synthetic_hardfail
qa-hardfail-08327,LG에너지솔루션 지금 가격 얼마야? #08327,price_current,True,synthetic_hardfail
qa-hardfail-08328,삼성전자 현재가 알려줘 #08328,price_current,True,synthetic_hardfail
qa-hardfail-08329,SK하이닉스 지금 가격 얼마야? #08329,price_current,True,synthetic_hardfail
qa-hardfail-08330,NAVER 현재가 알려줘 #08330,price_current,True,synthetic_hardfail
qa-hardfail-08331,카카오 지금 가격 얼마야? #08331,price_current,True,synthetic_hardfail
qa-hardfail-08332,현대차 현재가 알려줘 #08332,price_current,True,synthetic_hardfail
qa-hardfail-08333,LG에너지솔루션 지금 가격 얼마야? #08333,price_current,True,synthetic_hardfail
qa-hardfail-08334,삼성전자 현재가 알려줘 #08334,price_current,True,synthetic_hardfail
qa-hardfail-08335,SK하이닉스 지금 가격 얼마야? #08335,price_current,True,synthetic_hardfail
qa-hardfail-08336,NAVER 현재가 알려줘 #08336,price_current,True,synthetic_hardfail
qa-hardfail-08337,카카오 지금 가격 얼마야? #08337,price_current,True,synthetic_hardfail
qa-hardfail-08338,현대차 현재가 알려줘 #08338,price_current,True,synthetic_hardfail
qa-hardfail-08339,LG에너지솔루션 지금 가격 얼마야? #08339,price_current,True,synthetic_hardfail
qa-hardfail-08340,삼성전자 현재가 알려줘 #08340,price_current,True,synthetic_hardfail
qa-hardfail-08341,SK하이닉스 지금 가격 얼마야? #08341,price_current,True,synthetic_hardfail
qa-hardfail-08342,NAVER 현재가 알려줘 #08342,price_current,True,synthetic_hardfail
qa-hardfail-08343,카카오 지금 가격 얼마야? #08343,price_current,True,synthetic_hardfail
qa-hardfail-08344,현대차 현재가 알려줘 #08344,price_current,True,synthetic_hardfail
qa-hardfail-08345,LG에너지솔루션 지금 가격 얼마야? #08345,price_current,True,synthetic_hardfail
qa-hardfail-08346,삼성전자 현재가 알려줘 #08346,price_current,True,synthetic_hardfail
qa-hardfail-08347,SK하이닉스 지금 가격 얼마야? #08347,price_current,True,synthetic_hardfail
qa-hardfail-08348,NAVER 현재가 알려줘 #08348,price_current,True,synthetic_hardfail
qa-hardfail-08349,카카오 지금 가격 얼마야? #08349,price_current,True,synthetic_hardfail
qa-hardfail-08350,현대차 현재가 알려줘 #08350,price_current,True,synthetic_hardfail
qa-hardfail-08351,LG에너지솔루션 지금 가격 얼마야? #08351,price_current,True,synthetic_hardfail
qa-hardfail-08352,삼성전자 현재가 알려줘 #08352,price_current,True,synthetic_hardfail
qa-hardfail-08353,SK하이닉스 지금 가격 얼마야? #08353,price_current,True,synthetic_hardfail
qa-hardfail-08354,NAVER 현재가 알려줘 #08354,price_current,True,synthetic_hardfail
qa-hardfail-08355,카카오 지금 가격 얼마야? #08355,price_current,True,synthetic_hardfail
qa-hardfail-08356,현대차 현재가 알려줘 #08356,price_current,True,synthetic_hardfail
qa-hardfail-08357,LG에너지솔루션 지금 가격 얼마야? #08357,price_current,True,synthetic_hardfail
qa-hardfail-08358,삼성전자 현재가 알려줘 #08358,price_current,True,synthetic_hardfail
qa-hardfail-08359,SK하이닉스 지금 가격 얼마야? #08359,price_current,True,synthetic_hardfail
qa-hardfail-08360,NAVER 현재가 알려줘 #08360,price_current,True,synthetic_hardfail
qa-hardfail-08361,카카오 지금 가격 얼마야? #08361,price_current,True,synthetic_hardfail
qa-hardfail-08362,현대차 현재가 알려줘 #08362,price_current,True,synthetic_hardfail
qa-hardfail-08363,LG에너지솔루션 지금 가격 얼마야? #08363,price_current,True,synthetic_hardfail
qa-hardfail-08364,삼성전자 현재가 알려줘 #08364,price_current,True,synthetic_hardfail
qa-hardfail-08365,SK하이닉스 지금 가격 얼마야? #08365,price_current,True,synthetic_hardfail
qa-hardfail-08366,NAVER 현재가 알려줘 #08366,price_current,True,synthetic_hardfail
qa-hardfail-08367,카카오 지금 가격 얼마야? #08367,price_current,True,synthetic_hardfail
qa-hardfail-08368,현대차 현재가 알려줘 #08368,price_current,True,synthetic_hardfail
qa-hardfail-08369,LG에너지솔루션 지금 가격 얼마야? #08369,price_current,True,synthetic_hardfail
qa-hardfail-08370,삼성전자 현재가 알려줘 #08370,price_current,True,synthetic_hardfail
qa-hardfail-08371,SK하이닉스 지금 가격 얼마야? #08371,price_current,True,synthetic_hardfail
qa-hardfail-08372,NAVER 현재가 알려줘 #08372,price_current,True,synthetic_hardfail
qa-hardfail-08373,카카오 지금 가격 얼마야? #08373,price_current,True,synthetic_hardfail
qa-hardfail-08374,현대차 현재가 알려줘 #08374,price_current,True,synthetic_hardfail
qa-hardfail-08375,LG에너지솔루션 지금 가격 얼마야? #08375,price_current,True,synthetic_hardfail
qa-hardfail-08376,삼성전자 현재가 알려줘 #08376,price_current,True,synthetic_hardfail
qa-hardfail-08377,SK하이닉스 지금 가격 얼마야? #08377,price_current,True,synthetic_hardfail
qa-hardfail-08378,NAVER 현재가 알려줘 #08378,price_current,True,synthetic_hardfail
qa-hardfail-08379,카카오 지금 가격 얼마야? #08379,price_current,True,synthetic_hardfail
qa-hardfail-08380,현대차 현재가 알려줘 #08380,price_current,True,synthetic_hardfail
qa-hardfail-08381,LG에너지솔루션 지금 가격 얼마야? #08381,price_current,True,synthetic_hardfail
qa-hardfail-08382,삼성전자 현재가 알려줘 #08382,price_current,True,synthetic_hardfail
qa-hardfail-08383,SK하이닉스 지금 가격 얼마야? #08383,price_current,True,synthetic_hardfail
qa-hardfail-08384,NAVER 현재가 알려줘 #08384,price_current,True,synthetic_hardfail
qa-hardfail-08385,카카오 지금 가격 얼마야? #08385,price_current,True,synthetic_hardfail
qa-hardfail-08386,현대차 현재가 알려줘 #08386,price_current,True,synthetic_hardfail
qa-hardfail-08387,LG에너지솔루션 지금 가격 얼마야? #08387,price_current,True,synthetic_hardfail
qa-hardfail-08388,삼성전자 현재가 알려줘 #08388,price_current,True,synthetic_hardfail
qa-hardfail-08389,SK하이닉스 지금 가격 얼마야? #08389,price_current,True,synthetic_hardfail
qa-hardfail-08390,NAVER 현재가 알려줘 #08390,price_current,True,synthetic_hardfail
qa-hardfail-08391,카카오 지금 가격 얼마야? #08391,price_current,True,synthetic_hardfail
qa-hardfail-08392,현대차 현재가 알려줘 #08392,price_current,True,synthetic_hardfail
qa-hardfail-08393,LG에너지솔루션 지금 가격 얼마야? #08393,price_current,True,synthetic_hardfail
qa-hardfail-08394,삼성전자 현재가 알려줘 #08394,price_current,True,synthetic_hardfail
qa-hardfail-08395,SK하이닉스 지금 가격 얼마야? #08395,price_current,True,synthetic_hardfail
qa-hardfail-08396,NAVER 현재가 알려줘 #08396,price_current,True,synthetic_hardfail
qa-hardfail-08397,카카오 지금 가격 얼마야? #08397,price_current,True,synthetic_hardfail
qa-hardfail-08398,현대차 현재가 알려줘 #08398,price_current,True,synthetic_hardfail
qa-hardfail-08399,LG에너지솔루션 지금 가격 얼마야? #08399,price_current,True,synthetic_hardfail
qa-hardfail-08400,삼성전자 현재가 알려줘 #08400,price_current,True,synthetic_hardfail
qa-hardfail-08401,SK하이닉스 지금 가격 얼마야? #08401,price_current,True,synthetic_hardfail
qa-hardfail-08402,NAVER 현재가 알려줘 #08402,price_current,True,synthetic_hardfail
qa-hardfail-08403,카카오 지금 가격 얼마야? #08403,price_current,True,synthetic_hardfail
qa-hardfail-08404,현대차 현재가 알려줘 #08404,price_current,True,synthetic_hardfail
qa-hardfail-08405,LG에너지솔루션 지금 가격 얼마야? #08405,price_current,True,synthetic_hardfail
qa-hardfail-08406,삼성전자 현재가 알려줘 #08406,price_current,True,synthetic_hardfail
qa-hardfail-08407,SK하이닉스 지금 가격 얼마야? #08407,price_current,True,synthetic_hardfail
qa-hardfail-08408,NAVER 현재가 알려줘 #08408,price_current,True,synthetic_hardfail
qa-hardfail-08409,카카오 지금 가격 얼마야? #08409,price_current,True,synthetic_hardfail
qa-hardfail-08410,현대차 현재가 알려줘 #08410,price_current,True,synthetic_hardfail
qa-hardfail-08411,LG에너지솔루션 지금 가격 얼마야? #08411,price_current,True,synthetic_hardfail
qa-hardfail-08412,삼성전자 현재가 알려줘 #08412,price_current,True,synthetic_hardfail
qa-hardfail-08413,SK하이닉스 지금 가격 얼마야? #08413,price_current,True,synthetic_hardfail
qa-hardfail-08414,NAVER 현재가 알려줘 #08414,price_current,True,synthetic_hardfail
qa-hardfail-08415,카카오 지금 가격 얼마야? #08415,price_current,True,synthetic_hardfail
qa-hardfail-08416,현대차 현재가 알려줘 #08416,price_current,True,synthetic_hardfail
qa-hardfail-08417,LG에너지솔루션 지금 가격 얼마야? #08417,price_current,True,synthetic_hardfail
qa-hardfail-08418,삼성전자 현재가 알려줘 #08418,price_current,True,synthetic_hardfail
qa-hardfail-08419,SK하이닉스 지금 가격 얼마야? #08419,price_current,True,synthetic_hardfail
qa-hardfail-08420,NAVER 현재가 알려줘 #08420,price_current,True,synthetic_hardfail
qa-hardfail-08421,카카오 지금 가격 얼마야? #08421,price_current,True,synthetic_hardfail
qa-hardfail-08422,현대차 현재가 알려줘 #08422,price_current,True,synthetic_hardfail
qa-hardfail-08423,LG에너지솔루션 지금 가격 얼마야? #08423,price_current,True,synthetic_hardfail
qa-hardfail-08424,삼성전자 현재가 알려줘 #08424,price_current,True,synthetic_hardfail
qa-hardfail-08425,SK하이닉스 지금 가격 얼마야? #08425,price_current,True,synthetic_hardfail
qa-hardfail-08426,NAVER 현재가 알려줘 #08426,price_current,True,synthetic_hardfail
qa-hardfail-08427,카카오 지금 가격 얼마야? #08427,price_current,True,synthetic_hardfail
qa-hardfail-08428,현대차 현재가 알려줘 #08428,price_current,True,synthetic_hardfail
qa-hardfail-08429,LG에너지솔루션 지금 가격 얼마야? #08429,price_current,True,synthetic_hardfail
qa-hardfail-08430,삼성전자 현재가 알려줘 #08430,price_current,True,synthetic_hardfail
qa-hardfail-08431,SK하이닉스 지금 가격 얼마야? #08431,price_current,True,synthetic_hardfail
qa-hardfail-08432,NAVER 현재가 알려줘 #08432,price_current,True,synthetic_hardfail
qa-hardfail-08433,카카오 지금 가격 얼마야? #08433,price_current,True,synthetic_hardfail
qa-hardfail-08434,현대차 현재가 알려줘 #08434,price_current,True,synthetic_hardfail
qa-hardfail-08435,LG에너지솔루션 지금 가격 얼마야? #08435,price_current,True,synthetic_hardfail
qa-hardfail-08436,삼성전자 현재가 알려줘 #08436,price_current,True,synthetic_hardfail
qa-hardfail-08437,SK하이닉스 지금 가격 얼마야? #08437,price_current,True,synthetic_hardfail
qa-hardfail-08438,NAVER 현재가 알려줘 #08438,price_current,True,synthetic_hardfail
qa-hardfail-08439,카카오 지금 가격 얼마야? #08439,price_current,True,synthetic_hardfail
qa-hardfail-08440,현대차 현재가 알려줘 #08440,price_current,True,synthetic_hardfail
qa-hardfail-08441,PBR 낮은 저평가 종목 찾아줘 #08441,value_metric_single,True,synthetic_hardfail
qa-hardfail-08442,PER 낮은 가치주 순위 알려줘 #08442,value_metric_single,True,synthetic_hardfail
qa-hardfail-08443,PBR 낮은 저평가 종목 찾아줘 #08443,value_metric_single,True,synthetic_hardfail
qa-hardfail-08444,PER 낮은 가치주 순위 알려줘 #08444,value_metric_single,True,synthetic_hardfail
qa-hardfail-08445,PBR 낮은 저평가 종목 찾아줘 #08445,value_metric_single,True,synthetic_hardfail
qa-hardfail-08446,PER 낮은 가치주 순위 알려줘 #08446,value_metric_single,True,synthetic_hardfail
qa-hardfail-08447,PBR 낮은 저평가 종목 찾아줘 #08447,value_metric_single,True,synthetic_hardfail
qa-hardfail-08448,PER 낮은 가치주 순위 알려줘 #08448,value_metric_single,True,synthetic_hardfail
qa-hardfail-08449,PBR 낮은 저평가 종목 찾아줘 #08449,value_metric_single,True,synthetic_hardfail
qa-hardfail-08450,PER 낮은 가치주 순위 알려줘 #08450,value_metric_single,True,synthetic_hardfail
qa-hardfail-08451,PBR 낮은 저평가 종목 찾아줘 #08451,value_metric_single,True,synthetic_hardfail
qa-hardfail-08452,PER 낮은 가치주 순위 알려줘 #08452,value_metric_single,True,synthetic_hardfail
qa-hardfail-08453,PBR 낮은 저평가 종목 찾아줘 #08453,value_metric_single,True,synthetic_hardfail
qa-hardfail-08454,PER 낮은 가치주 순위 알려줘 #08454,value_metric_single,True,synthetic_hardfail
qa-hardfail-08455,PBR 낮은 저평가 종목 찾아줘 #08455,value_metric_single,True,synthetic_hardfail
qa-hardfail-08456,PER 낮은 가치주 순위 알려줘 #08456,value_metric_single,True,synthetic_hardfail
qa-hardfail-08457,PBR 낮은 저평가 종목 찾아줘 #08457,value_metric_single,True,synthetic_hardfail
qa-hardfail-08458,PER 낮은 가치주 순위 알려줘 #08458,value_metric_single,True,synthetic_hardfail
qa-hardfail-08459,PBR 낮은 저평가 종목 찾아줘 #08459,value_metric_single,True,synthetic_hardfail
qa-hardfail-08460,PER 낮은 가치주 순위 알려줘 #08460,value_metric_single,True,synthetic_hardfail
qa-hardfail-08461,PBR 낮은 저평가 종목 찾아줘 #08461,value_metric_single,True,synthetic_hardfail
qa-hardfail-08462,PER 낮은 가치주 순위 알려줘 #08462,value_metric_single,True,synthetic_hardfail
qa-hardfail-08463,PBR 낮은 저평가 종목 찾아줘 #08463,value_metric_single,True,synthetic_hardfail
qa-hardfail-08464,PER 낮은 가치주 순위 알려줘 #08464,value_metric_single,True,synthetic_hardfail
qa-hardfail-08465,PBR 낮은 저평가 종목 찾아줘 #08465,value_metric_single,True,synthetic_hardfail
qa-hardfail-08466,PER 낮은 가치주 순위 알려줘 #08466,value_metric_single,True,synthetic_hardfail
qa-hardfail-08467,PBR 낮은 저평가 종목 찾아줘 #08467,value_metric_single,True,synthetic_hardfail
qa-hardfail-08468,PER 낮은 가치주 순위 알려줘 #08468,value_metric_single,True,synthetic_hardfail
qa-hardfail-08469,PBR 낮은 저평가 종목 찾아줘 #08469,value_metric_single,True,synthetic_hardfail
qa-hardfail-08470,PER 낮은 가치주 순위 알려줘 #08470,value_metric_single,True,synthetic_hardfail
qa-hardfail-08471,PBR 낮은 저평가 종목 찾아줘 #08471,value_metric_single,True,synthetic_hardfail
qa-hardfail-08472,PER 낮은 가치주 순위 알려줘 #08472,value_metric_single,True,synthetic_hardfail
qa-hardfail-08473,PBR 낮은 저평가 종목 찾아줘 #08473,value_metric_single,True,synthetic_hardfail
qa-hardfail-08474,PER 낮은 가치주 순위 알려줘 #08474,value_metric_single,True,synthetic_hardfail
qa-hardfail-08475,PBR 낮은 저평가 종목 찾아줘 #08475,value_metric_single,True,synthetic_hardfail
qa-hardfail-08476,PER 낮은 가치주 순위 알려줘 #08476,value_metric_single,True,synthetic_hardfail
qa-hardfail-08477,PBR 낮은 저평가 종목 찾아줘 #08477,value_metric_single,True,synthetic_hardfail
qa-hardfail-08478,PER 낮은 가치주 순위 알려줘 #08478,value_metric_single,True,synthetic_hardfail
qa-hardfail-08479,PBR 낮은 저평가 종목 찾아줘 #08479,value_metric_single,True,synthetic_hardfail
qa-hardfail-08480,PER 낮은 가치주 순위 알려줘 #08480,value_metric_single,True,synthetic_hardfail
qa-hardfail-08481,PBR 낮은 저평가 종목 찾아줘 #08481,value_metric_single,True,synthetic_hardfail
qa-hardfail-08482,PER 낮은 가치주 순위 알려줘 #08482,value_metric_single,True,synthetic_hardfail
qa-hardfail-08483,PBR 낮은 저평가 종목 찾아줘 #08483,value_metric_single,True,synthetic_hardfail
qa-hardfail-08484,PER 낮은 가치주 순위 알려줘 #08484,value_metric_single,True,synthetic_hardfail
qa-hardfail-08485,PBR 낮은 저평가 종목 찾아줘 #08485,value_metric_single,True,synthetic_hardfail
qa-hardfail-08486,PER 낮은 가치주 순위 알려줘 #08486,value_metric_single,True,synthetic_hardfail
qa-hardfail-08487,PBR 낮은 저평가 종목 찾아줘 #08487,value_metric_single,True,synthetic_hardfail
qa-hardfail-08488,PER 낮은 가치주 순위 알려줘 #08488,value_metric_single,True,synthetic_hardfail
qa-hardfail-08489,PBR 낮은 저평가 종목 찾아줘 #08489,value_metric_single,True,synthetic_hardfail
qa-hardfail-08490,PER 낮은 가치주 순위 알려줘 #08490,value_metric_single,True,synthetic_hardfail
qa-hardfail-08491,PBR 낮은 저평가 종목 찾아줘 #08491,value_metric_single,True,synthetic_hardfail
qa-hardfail-08492,PER 낮은 가치주 순위 알려줘 #08492,value_metric_single,True,synthetic_hardfail
qa-hardfail-08493,PBR 낮은 저평가 종목 찾아줘 #08493,value_metric_single,True,synthetic_hardfail
qa-hardfail-08494,PER 낮은 가치주 순위 알려줘 #08494,value_metric_single,True,synthetic_hardfail
qa-hardfail-08495,PBR 낮은 저평가 종목 찾아줘 #08495,value_metric_single,True,synthetic_hardfail
qa-hardfail-08496,PER 낮은 가치주 순위 알려줘 #08496,value_metric_single,True,synthetic_hardfail
qa-hardfail-08497,PBR 낮은 저평가 종목 찾아줘 #08497,value_metric_single,True,synthetic_hardfail
qa-hardfail-08498,PER 낮은 가치주 순위 알려줘 #08498,value_metric_single,True,synthetic_hardfail
qa-hardfail-08499,PBR 낮은 저평가 종목 찾아줘 #08499,value_metric_single,True,synthetic_hardfail
qa-hardfail-08500,PER 낮은 가치주 순위 알려줘 #08500,value_metric_single,True,synthetic_hardfail
qa-hardfail-08501,PBR 낮은 저평가 종목 찾아줘 #08501,value_metric_single,True,synthetic_hardfail
qa-hardfail-08502,PER 낮은 가치주 순위 알려줘 #08502,value_metric_single,True,synthetic_hardfail
qa-hardfail-08503,PBR 낮은 저평가 종목 찾아줘 #08503,value_metric_single,True,synthetic_hardfail
qa-hardfail-08504,PER 낮은 가치주 순위 알려줘 #08504,value_metric_single,True,synthetic_hardfail
qa-hardfail-08505,PBR 낮은 저평가 종목 찾아줘 #08505,value_metric_single,True,synthetic_hardfail
qa-hardfail-08506,PER 낮은 가치주 순위 알려줘 #08506,value_metric_single,True,synthetic_hardfail
qa-hardfail-08507,PBR 낮은 저평가 종목 찾아줘 #08507,value_metric_single,True,synthetic_hardfail
qa-hardfail-08508,PER 낮은 가치주 순위 알려줘 #08508,value_metric_single,True,synthetic_hardfail
qa-hardfail-08509,PBR 낮은 저평가 종목 찾아줘 #08509,value_metric_single,True,synthetic_hardfail
qa-hardfail-08510,PER 낮은 가치주 순위 알려줘 #08510,value_metric_single,True,synthetic_hardfail
qa-hardfail-08511,PBR 낮은 저평가 종목 찾아줘 #08511,value_metric_single,True,synthetic_hardfail
qa-hardfail-08512,PER 낮은 가치주 순위 알려줘 #08512,value_metric_single,True,synthetic_hardfail
qa-hardfail-08513,PBR 낮은 저평가 종목 찾아줘 #08513,value_metric_single,True,synthetic_hardfail
qa-hardfail-08514,PER 낮은 가치주 순위 알려줘 #08514,value_metric_single,True,synthetic_hardfail
qa-hardfail-08515,PBR 낮은 저평가 종목 찾아줘 #08515,value_metric_single,True,synthetic_hardfail
qa-hardfail-08516,PER 낮은 가치주 순위 알려줘 #08516,value_metric_single,True,synthetic_hardfail
qa-hardfail-08517,PBR 낮은 저평가 종목 찾아줘 #08517,value_metric_single,True,synthetic_hardfail
qa-hardfail-08518,PER 낮은 가치주 순위 알려줘 #08518,value_metric_single,True,synthetic_hardfail
qa-hardfail-08519,PBR 낮은 저평가 종목 찾아줘 #08519,value_metric_single,True,synthetic_hardfail
qa-hardfail-08520,PER 낮은 가치주 순위 알려줘 #08520,value_metric_single,True,synthetic_hardfail
qa-hardfail-08521,PBR 낮은 저평가 종목 찾아줘 #08521,value_metric_single,True,synthetic_hardfail
qa-hardfail-08522,PER 낮은 가치주 순위 알려줘 #08522,value_metric_single,True,synthetic_hardfail
qa-hardfail-08523,PBR 낮은 저평가 종목 찾아줘 #08523,value_metric_single,True,synthetic_hardfail
qa-hardfail-08524,PER 낮은 가치주 순위 알려줘 #08524,value_metric_single,True,synthetic_hardfail
qa-hardfail-08525,PBR 낮은 저평가 종목 찾아줘 #08525,value_metric_single,True,synthetic_hardfail
qa-hardfail-08526,PER 낮은 가치주 순위 알려줘 #08526,value_metric_single,True,synthetic_hardfail
qa-hardfail-08527,PBR 낮은 저평가 종목 찾아줘 #08527,value_metric_single,True,synthetic_hardfail
qa-hardfail-08528,PER 낮은 가치주 순위 알려줘 #08528,value_metric_single,True,synthetic_hardfail
qa-hardfail-08529,PBR 낮은 저평가 종목 찾아줘 #08529,value_metric_single,True,synthetic_hardfail
qa-hardfail-08530,PER 낮은 가치주 순위 알려줘 #08530,value_metric_single,True,synthetic_hardfail
qa-hardfail-08531,PBR 낮은 저평가 종목 찾아줘 #08531,value_metric_single,True,synthetic_hardfail
qa-hardfail-08532,PER 낮은 가치주 순위 알려줘 #08532,value_metric_single,True,synthetic_hardfail
qa-hardfail-08533,PBR 낮은 저평가 종목 찾아줘 #08533,value_metric_single,True,synthetic_hardfail
qa-hardfail-08534,PER 낮은 가치주 순위 알려줘 #08534,value_metric_single,True,synthetic_hardfail
qa-hardfail-08535,PBR 낮은 저평가 종목 찾아줘 #08535,value_metric_single,True,synthetic_hardfail
qa-hardfail-08536,PER 낮은 가치주 순위 알려줘 #08536,value_metric_single,True,synthetic_hardfail
qa-hardfail-08537,PBR 낮은 저평가 종목 찾아줘 #08537,value_metric_single,True,synthetic_hardfail
qa-hardfail-08538,PER 낮은 가치주 순위 알려줘 #08538,value_metric_single,True,synthetic_hardfail
qa-hardfail-08539,PBR 낮은 저평가 종목 찾아줘 #08539,value_metric_single,True,synthetic_hardfail
qa-hardfail-08540,PER 낮은 가치주 순위 알려줘 #08540,value_metric_single,True,synthetic_hardfail
qa-hardfail-08541,PBR 낮은 저평가 종목 찾아줘 #08541,value_metric_single,True,synthetic_hardfail
qa-hardfail-08542,PER 낮은 가치주 순위 알려줘 #08542,value_metric_single,True,synthetic_hardfail
qa-hardfail-08543,PBR 낮은 저평가 종목 찾아줘 #08543,value_metric_single,True,synthetic_hardfail
qa-hardfail-08544,PER 낮은 가치주 순위 알려줘 #08544,value_metric_single,True,synthetic_hardfail
qa-hardfail-08545,PBR 낮은 저평가 종목 찾아줘 #08545,value_metric_single,True,synthetic_hardfail
qa-hardfail-08546,PER 낮은 가치주 순위 알려줘 #08546,value_metric_single,True,synthetic_hardfail
qa-hardfail-08547,PBR 낮은 저평가 종목 찾아줘 #08547,value_metric_single,True,synthetic_hardfail
qa-hardfail-08548,PER 낮은 가치주 순위 알려줘 #08548,value_metric_single,True,synthetic_hardfail
qa-hardfail-08549,PBR 낮은 저평가 종목 찾아줘 #08549,value_metric_single,True,synthetic_hardfail
qa-hardfail-08550,PER 낮은 가치주 순위 알려줘 #08550,value_metric_single,True,synthetic_hardfail
qa-hardfail-08551,PBR 낮은 저평가 종목 찾아줘 #08551,value_metric_single,True,synthetic_hardfail
qa-hardfail-08552,PER 낮은 가치주 순위 알려줘 #08552,value_metric_single,True,synthetic_hardfail
qa-hardfail-08553,PBR 낮은 저평가 종목 찾아줘 #08553,value_metric_single,True,synthetic_hardfail
qa-hardfail-08554,PER 낮은 가치주 순위 알려줘 #08554,value_metric_single,True,synthetic_hardfail
qa-hardfail-08555,PBR 낮은 저평가 종목 찾아줘 #08555,value_metric_single,True,synthetic_hardfail
qa-hardfail-08556,PER 낮은 가치주 순위 알려줘 #08556,value_metric_single,True,synthetic_hardfail
qa-hardfail-08557,PBR 낮은 저평가 종목 찾아줘 #08557,value_metric_single,True,synthetic_hardfail
qa-hardfail-08558,PER 낮은 가치주 순위 알려줘 #08558,value_metric_single,True,synthetic_hardfail
qa-hardfail-08559,PBR 낮은 저평가 종목 찾아줘 #08559,value_metric_single,True,synthetic_hardfail
qa-hardfail-08560,PER 낮은 가치주 순위 알려줘 #08560,value_metric_single,True,synthetic_hardfail
qa-hardfail-08561,PBR 낮은 저평가 종목 찾아줘 #08561,value_metric_single,True,synthetic_hardfail
qa-hardfail-08562,PER 낮은 가치주 순위 알려줘 #08562,value_metric_single,True,synthetic_hardfail
qa-hardfail-08563,PBR 낮은 저평가 종목 찾아줘 #08563,value_metric_single,True,synthetic_hardfail
qa-hardfail-08564,PER 낮은 가치주 순위 알려줘 #08564,value_metric_single,True,synthetic_hardfail
qa-hardfail-08565,PBR 낮은 저평가 종목 찾아줘 #08565,value_metric_single,True,synthetic_hardfail
qa-hardfail-08566,PER 낮은 가치주 순위 알려줘 #08566,value_metric_single,True,synthetic_hardfail
qa-hardfail-08567,PBR 낮은 저평가 종목 찾아줘 #08567,value_metric_single,True,synthetic_hardfail
qa-hardfail-08568,PER 낮은 가치주 순위 알려줘 #08568,value_metric_single,True,synthetic_hardfail
qa-hardfail-08569,PBR 낮은 저평가 종목 찾아줘 #08569,value_metric_single,True,synthetic_hardfail
qa-hardfail-08570,PER 낮은 가치주 순위 알려줘 #08570,value_metric_single,True,synthetic_hardfail
qa-hardfail-08571,PBR 낮은 저평가 종목 찾아줘 #08571,value_metric_single,True,synthetic_hardfail
qa-hardfail-08572,PER 낮은 가치주 순위 알려줘 #08572,value_metric_single,True,synthetic_hardfail
qa-hardfail-08573,PBR 낮은 저평가 종목 찾아줘 #08573,value_metric_single,True,synthetic_hardfail
qa-hardfail-08574,PER 낮은 가치주 순위 알려줘 #08574,value_metric_single,True,synthetic_hardfail
qa-hardfail-08575,PBR 낮은 저평가 종목 찾아줘 #08575,value_metric_single,True,synthetic_hardfail
qa-hardfail-08576,PER 낮은 가치주 순위 알려줘 #08576,value_metric_single,True,synthetic_hardfail
qa-hardfail-08577,PBR 낮은 저평가 종목 찾아줘 #08577,value_metric_single,True,synthetic_hardfail
qa-hardfail-08578,PER 낮은 가치주 순위 알려줘 #08578,value_metric_single,True,synthetic_hardfail
qa-hardfail-08579,PBR 낮은 저평가 종목 찾아줘 #08579,value_metric_single,True,synthetic_hardfail
qa-hardfail-08580,PER 낮은 가치주 순위 알려줘 #08580,value_metric_single,True,synthetic_hardfail
qa-hardfail-08581,PBR 낮은 저평가 종목 찾아줘 #08581,value_metric_single,True,synthetic_hardfail
qa-hardfail-08582,PER 낮은 가치주 순위 알려줘 #08582,value_metric_single,True,synthetic_hardfail
qa-hardfail-08583,PBR 낮은 저평가 종목 찾아줘 #08583,value_metric_single,True,synthetic_hardfail
qa-hardfail-08584,PER 낮은 가치주 순위 알려줘 #08584,value_metric_single,True,synthetic_hardfail
qa-hardfail-08585,PBR 낮은 저평가 종목 찾아줘 #08585,value_metric_single,True,synthetic_hardfail
qa-hardfail-08586,PER 낮은 가치주 순위 알려줘 #08586,value_metric_single,True,synthetic_hardfail
qa-hardfail-08587,PBR 낮은 저평가 종목 찾아줘 #08587,value_metric_single,True,synthetic_hardfail
qa-hardfail-08588,PER 낮은 가치주 순위 알려줘 #08588,value_metric_single,True,synthetic_hardfail
qa-hardfail-08589,PBR 낮은 저평가 종목 찾아줘 #08589,value_metric_single,True,synthetic_hardfail
qa-hardfail-08590,PER 낮은 가치주 순위 알려줘 #08590,value_metric_single,True,synthetic_hardfail
qa-hardfail-08591,PBR 낮은 저평가 종목 찾아줘 #08591,value_metric_single,True,synthetic_hardfail
qa-hardfail-08592,PER 낮은 가치주 순위 알려줘 #08592,value_metric_single,True,synthetic_hardfail
qa-hardfail-08593,PBR 낮은 저평가 종목 찾아줘 #08593,value_metric_single,True,synthetic_hardfail
qa-hardfail-08594,PER 낮은 가치주 순위 알려줘 #08594,value_metric_single,True,synthetic_hardfail
qa-hardfail-08595,PBR 낮은 저평가 종목 찾아줘 #08595,value_metric_single,True,synthetic_hardfail
qa-hardfail-08596,PER 낮은 가치주 순위 알려줘 #08596,value_metric_single,True,synthetic_hardfail
qa-hardfail-08597,PBR 낮은 저평가 종목 찾아줘 #08597,value_metric_single,True,synthetic_hardfail
qa-hardfail-08598,PER 낮은 가치주 순위 알려줘 #08598,value_metric_single,True,synthetic_hardfail
qa-hardfail-08599,PBR 낮은 저평가 종목 찾아줘 #08599,value_metric_single,True,synthetic_hardfail
qa-hardfail-08600,PER 낮은 가치주 순위 알려줘 #08600,value_metric_single,True,synthetic_hardfail
qa-hardfail-08601,PBR 낮은 저평가 종목 찾아줘 #08601,value_metric_single,True,synthetic_hardfail
qa-hardfail-08602,PER 낮은 가치주 순위 알려줘 #08602,value_metric_single,True,synthetic_hardfail
qa-hardfail-08603,PBR 낮은 저평가 종목 찾아줘 #08603,value_metric_single,True,synthetic_hardfail
qa-hardfail-08604,PER 낮은 가치주 순위 알려줘 #08604,value_metric_single,True,synthetic_hardfail
qa-hardfail-08605,PBR 낮은 저평가 종목 찾아줘 #08605,value_metric_single,True,synthetic_hardfail
qa-hardfail-08606,PER 낮은 가치주 순위 알려줘 #08606,value_metric_single,True,synthetic_hardfail
qa-hardfail-08607,PBR 낮은 저평가 종목 찾아줘 #08607,value_metric_single,True,synthetic_hardfail
qa-hardfail-08608,PER 낮은 가치주 순위 알려줘 #08608,value_metric_single,True,synthetic_hardfail
qa-hardfail-08609,PBR 낮은 저평가 종목 찾아줘 #08609,value_metric_single,True,synthetic_hardfail
qa-hardfail-08610,PER 낮은 가치주 순위 알려줘 #08610,value_metric_single,True,synthetic_hardfail
qa-hardfail-08611,PBR 낮은 저평가 종목 찾아줘 #08611,value_metric_single,True,synthetic_hardfail
qa-hardfail-08612,PER 낮은 가치주 순위 알려줘 #08612,value_metric_single,True,synthetic_hardfail
qa-hardfail-08613,PBR 낮은 저평가 종목 찾아줘 #08613,value_metric_single,True,synthetic_hardfail
qa-hardfail-08614,PER 낮은 가치주 순위 알려줘 #08614,value_metric_single,True,synthetic_hardfail
qa-hardfail-08615,PBR 낮은 저평가 종목 찾아줘 #08615,value_metric_single,True,synthetic_hardfail
qa-hardfail-08616,PER 낮은 가치주 순위 알려줘 #08616,value_metric_single,True,synthetic_hardfail
qa-hardfail-08617,PBR 낮은 저평가 종목 찾아줘 #08617,value_metric_single,True,synthetic_hardfail
qa-hardfail-08618,PER 낮은 가치주 순위 알려줘 #08618,value_metric_single,True,synthetic_hardfail
qa-hardfail-08619,PBR 낮은 저평가 종목 찾아줘 #08619,value_metric_single,True,synthetic_hardfail
qa-hardfail-08620,PER 낮은 가치주 순위 알려줘 #08620,value_metric_single,True,synthetic_hardfail
qa-hardfail-08621,PBR 낮은 저평가 종목 찾아줘 #08621,value_metric_single,True,synthetic_hardfail
qa-hardfail-08622,PER 낮은 가치주 순위 알려줘 #08622,value_metric_single,True,synthetic_hardfail
qa-hardfail-08623,PBR 낮은 저평가 종목 찾아줘 #08623,value_metric_single,True,synthetic_hardfail
qa-hardfail-08624,PER 낮은 가치주 순위 알려줘 #08624,value_metric_single,True,synthetic_hardfail
qa-hardfail-08625,PBR 낮은 저평가 종목 찾아줘 #08625,value_metric_single,True,synthetic_hardfail
qa-hardfail-08626,PER 낮은 가치주 순위 알려줘 #08626,value_metric_single,True,synthetic_hardfail
qa-hardfail-08627,PBR 낮은 저평가 종목 찾아줘 #08627,value_metric_single,True,synthetic_hardfail
qa-hardfail-08628,PER 낮은 가치주 순위 알려줘 #08628,value_metric_single,True,synthetic_hardfail
qa-hardfail-08629,PBR 낮은 저평가 종목 찾아줘 #08629,value_metric_single,True,synthetic_hardfail
qa-hardfail-08630,PER 낮은 가치주 순위 알려줘 #08630,value_metric_single,True,synthetic_hardfail
qa-hardfail-08631,PBR 낮은 저평가 종목 찾아줘 #08631,value_metric_single,True,synthetic_hardfail
qa-hardfail-08632,PER 낮은 가치주 순위 알려줘 #08632,value_metric_single,True,synthetic_hardfail
qa-hardfail-08633,PBR 낮은 저평가 종목 찾아줘 #08633,value_metric_single,True,synthetic_hardfail
qa-hardfail-08634,PER 낮은 가치주 순위 알려줘 #08634,value_metric_single,True,synthetic_hardfail
qa-hardfail-08635,PBR 낮은 저평가 종목 찾아줘 #08635,value_metric_single,True,synthetic_hardfail
qa-hardfail-08636,PER 낮은 가치주 순위 알려줘 #08636,value_metric_single,True,synthetic_hardfail
qa-hardfail-08637,PBR 낮은 저평가 종목 찾아줘 #08637,value_metric_single,True,synthetic_hardfail
qa-hardfail-08638,PER 낮은 가치주 순위 알려줘 #08638,value_metric_single,True,synthetic_hardfail
qa-hardfail-08639,PBR 낮은 저평가 종목 찾아줘 #08639,value_metric_single,True,synthetic_hardfail
qa-hardfail-08640,PER 낮은 가치주 순위 알려줘 #08640,value_metric_single,True,synthetic_hardfail
qa-hardfail-08641,PBR 낮은 저평가 종목 찾아줘 #08641,value_metric_single,True,synthetic_hardfail
qa-hardfail-08642,PER 낮은 가치주 순위 알려줘 #08642,value_metric_single,True,synthetic_hardfail
qa-hardfail-08643,PBR 낮은 저평가 종목 찾아줘 #08643,value_metric_single,True,synthetic_hardfail
qa-hardfail-08644,PER 낮은 가치주 순위 알려줘 #08644,value_metric_single,True,synthetic_hardfail
qa-hardfail-08645,PBR 낮은 저평가 종목 찾아줘 #08645,value_metric_single,True,synthetic_hardfail
qa-hardfail-08646,PER 낮은 가치주 순위 알려줘 #08646,value_metric_single,True,synthetic_hardfail
qa-hardfail-08647,PBR 낮은 저평가 종목 찾아줘 #08647,value_metric_single,True,synthetic_hardfail
qa-hardfail-08648,PER 낮은 가치주 순위 알려줘 #08648,value_metric_single,True,synthetic_hardfail
qa-hardfail-08649,PBR 낮은 저평가 종목 찾아줘 #08649,value_metric_single,True,synthetic_hardfail
qa-hardfail-08650,PER 낮은 가치주 순위 알려줘 #08650,value_metric_single,True,synthetic_hardfail
qa-hardfail-08651,PBR 낮은 저평가 종목 찾아줘 #08651,value_metric_single,True,synthetic_hardfail
qa-hardfail-08652,PER 낮은 가치주 순위 알려줘 #08652,value_metric_single,True,synthetic_hardfail
qa-hardfail-08653,PBR 낮은 저평가 종목 찾아줘 #08653,value_metric_single,True,synthetic_hardfail
qa-hardfail-08654,PER 낮은 가치주 순위 알려줘 #08654,value_metric_single,True,synthetic_hardfail
qa-hardfail-08655,PBR 낮은 저평가 종목 찾아줘 #08655,value_metric_single,True,synthetic_hardfail
qa-hardfail-08656,PER 낮은 가치주 순위 알려줘 #08656,value_metric_single,True,synthetic_hardfail
qa-hardfail-08657,PBR 낮은 저평가 종목 찾아줘 #08657,value_metric_single,True,synthetic_hardfail
qa-hardfail-08658,PER 낮은 가치주 순위 알려줘 #08658,value_metric_single,True,synthetic_hardfail
qa-hardfail-08659,PBR 낮은 저평가 종목 찾아줘 #08659,value_metric_single,True,synthetic_hardfail
qa-hardfail-08660,PER 낮은 가치주 순위 알려줘 #08660,value_metric_single,True,synthetic_hardfail
qa-hardfail-08661,PBR 낮은 저평가 종목 찾아줘 #08661,value_metric_single,True,synthetic_hardfail
qa-hardfail-08662,PER 낮은 가치주 순위 알려줘 #08662,value_metric_single,True,synthetic_hardfail
qa-hardfail-08663,PBR 낮은 저평가 종목 찾아줘 #08663,value_metric_single,True,synthetic_hardfail
qa-hardfail-08664,PER 낮은 가치주 순위 알려줘 #08664,value_metric_single,True,synthetic_hardfail
qa-hardfail-08665,PBR 낮은 저평가 종목 찾아줘 #08665,value_metric_single,True,synthetic_hardfail
qa-hardfail-08666,PER 낮은 가치주 순위 알려줘 #08666,value_metric_single,True,synthetic_hardfail
qa-hardfail-08667,PBR 낮은 저평가 종목 찾아줘 #08667,value_metric_single,True,synthetic_hardfail
qa-hardfail-08668,PER 낮은 가치주 순위 알려줘 #08668,value_metric_single,True,synthetic_hardfail
qa-hardfail-08669,PBR 낮은 저평가 종목 찾아줘 #08669,value_metric_single,True,synthetic_hardfail
qa-hardfail-08670,PER 낮은 가치주 순위 알려줘 #08670,value_metric_single,True,synthetic_hardfail
qa-hardfail-08671,PBR 낮은 저평가 종목 찾아줘 #08671,value_metric_single,True,synthetic_hardfail
qa-hardfail-08672,PER 낮은 가치주 순위 알려줘 #08672,value_metric_single,True,synthetic_hardfail
qa-hardfail-08673,PBR 낮은 저평가 종목 찾아줘 #08673,value_metric_single,True,synthetic_hardfail
qa-hardfail-08674,PER 낮은 가치주 순위 알려줘 #08674,value_metric_single,True,synthetic_hardfail
qa-hardfail-08675,PBR 낮은 저평가 종목 찾아줘 #08675,value_metric_single,True,synthetic_hardfail
qa-hardfail-08676,PER 낮은 가치주 순위 알려줘 #08676,value_metric_single,True,synthetic_hardfail
qa-hardfail-08677,PBR 낮은 저평가 종목 찾아줘 #08677,value_metric_single,True,synthetic_hardfail
qa-hardfail-08678,PER 낮은 가치주 순위 알려줘 #08678,value_metric_single,True,synthetic_hardfail
qa-hardfail-08679,PBR 낮은 저평가 종목 찾아줘 #08679,value_metric_single,True,synthetic_hardfail
qa-hardfail-08680,PER 낮은 가치주 순위 알려줘 #08680,value_metric_single,True,synthetic_hardfail
qa-hardfail-08681,PBR 낮은 저평가 종목 찾아줘 #08681,value_metric_single,True,synthetic_hardfail
qa-hardfail-08682,PER 낮은 가치주 순위 알려줘 #08682,value_metric_single,True,synthetic_hardfail
qa-hardfail-08683,PBR 낮은 저평가 종목 찾아줘 #08683,value_metric_single,True,synthetic_hardfail
qa-hardfail-08684,PER 낮은 가치주 순위 알려줘 #08684,value_metric_single,True,synthetic_hardfail
qa-hardfail-08685,PBR 낮은 저평가 종목 찾아줘 #08685,value_metric_single,True,synthetic_hardfail
qa-hardfail-08686,PER 낮은 가치주 순위 알려줘 #08686,value_metric_single,True,synthetic_hardfail
qa-hardfail-08687,PBR 낮은 저평가 종목 찾아줘 #08687,value_metric_single,True,synthetic_hardfail
qa-hardfail-08688,PER 낮은 가치주 순위 알려줘 #08688,value_metric_single,True,synthetic_hardfail
qa-hardfail-08689,PBR 낮은 저평가 종목 찾아줘 #08689,value_metric_single,True,synthetic_hardfail
qa-hardfail-08690,PER 낮은 가치주 순위 알려줘 #08690,value_metric_single,True,synthetic_hardfail
qa-hardfail-08691,PBR 낮은 저평가 종목 찾아줘 #08691,value_metric_single,True,synthetic_hardfail
qa-hardfail-08692,PER 낮은 가치주 순위 알려줘 #08692,value_metric_single,True,synthetic_hardfail
qa-hardfail-08693,PBR 낮은 저평가 종목 찾아줘 #08693,value_metric_single,True,synthetic_hardfail
qa-hardfail-08694,PER 낮은 가치주 순위 알려줘 #08694,value_metric_single,True,synthetic_hardfail
qa-hardfail-08695,PBR 낮은 저평가 종목 찾아줘 #08695,value_metric_single,True,synthetic_hardfail
qa-hardfail-08696,PER 낮은 가치주 순위 알려줘 #08696,value_metric_single,True,synthetic_hardfail
qa-hardfail-08697,PBR 낮은 저평가 종목 찾아줘 #08697,value_metric_single,True,synthetic_hardfail
qa-hardfail-08698,PER 낮은 가치주 순위 알려줘 #08698,value_metric_single,True,synthetic_hardfail
qa-hardfail-08699,PBR 낮은 저평가 종목 찾아줘 #08699,value_metric_single,True,synthetic_hardfail
qa-hardfail-08700,PER 낮은 가치주 순위 알려줘 #08700,value_metric_single,True,synthetic_hardfail
qa-hardfail-08701,PBR 낮은 저평가 종목 찾아줘 #08701,value_metric_single,True,synthetic_hardfail
qa-hardfail-08702,PER 낮은 가치주 순위 알려줘 #08702,value_metric_single,True,synthetic_hardfail
qa-hardfail-08703,PBR 낮은 저평가 종목 찾아줘 #08703,value_metric_single,True,synthetic_hardfail
qa-hardfail-08704,PER 낮은 가치주 순위 알려줘 #08704,value_metric_single,True,synthetic_hardfail
qa-hardfail-08705,PBR 낮은 저평가 종목 찾아줘 #08705,value_metric_single,True,synthetic_hardfail
qa-hardfail-08706,PER 낮은 가치주 순위 알려줘 #08706,value_metric_single,True,synthetic_hardfail
qa-hardfail-08707,PBR 낮은 저평가 종목 찾아줘 #08707,value_metric_single,True,synthetic_hardfail
qa-hardfail-08708,PER 낮은 가치주 순위 알려줘 #08708,value_metric_single,True,synthetic_hardfail
qa-hardfail-08709,PBR 낮은 저평가 종목 찾아줘 #08709,value_metric_single,True,synthetic_hardfail
qa-hardfail-08710,PER 낮은 가치주 순위 알려줘 #08710,value_metric_single,True,synthetic_hardfail
qa-hardfail-08711,PBR 낮은 저평가 종목 찾아줘 #08711,value_metric_single,True,synthetic_hardfail
qa-hardfail-08712,PER 낮은 가치주 순위 알려줘 #08712,value_metric_single,True,synthetic_hardfail
qa-hardfail-08713,PBR 낮은 저평가 종목 찾아줘 #08713,value_metric_single,True,synthetic_hardfail
qa-hardfail-08714,PER 낮은 가치주 순위 알려줘 #08714,value_metric_single,True,synthetic_hardfail
qa-hardfail-08715,PBR 낮은 저평가 종목 찾아줘 #08715,value_metric_single,True,synthetic_hardfail
qa-hardfail-08716,PER 낮은 가치주 순위 알려줘 #08716,value_metric_single,True,synthetic_hardfail
qa-hardfail-08717,PBR 낮은 저평가 종목 찾아줘 #08717,value_metric_single,True,synthetic_hardfail
qa-hardfail-08718,PER 낮은 가치주 순위 알려줘 #08718,value_metric_single,True,synthetic_hardfail
qa-hardfail-08719,PBR 낮은 저평가 종목 찾아줘 #08719,value_metric_single,True,synthetic_hardfail
qa-hardfail-08720,PER 낮은 가치주 순위 알려줘 #08720,value_metric_single,True,synthetic_hardfail
qa-hardfail-08721,PBR 낮은 저평가 종목 찾아줘 #08721,value_metric_single,True,synthetic_hardfail
qa-hardfail-08722,PER 낮은 가치주 순위 알려줘 #08722,value_metric_single,True,synthetic_hardfail
qa-hardfail-08723,PBR 낮은 저평가 종목 찾아줘 #08723,value_metric_single,True,synthetic_hardfail
qa-hardfail-08724,PER 낮은 가치주 순위 알려줘 #08724,value_metric_single,True,synthetic_hardfail
qa-hardfail-08725,PBR 낮은 저평가 종목 찾아줘 #08725,value_metric_single,True,synthetic_hardfail
qa-hardfail-08726,PER 낮은 가치주 순위 알려줘 #08726,value_metric_single,True,synthetic_hardfail
qa-hardfail-08727,PBR 낮은 저평가 종목 찾아줘 #08727,value_metric_single,True,synthetic_hardfail
qa-hardfail-08728,PER 낮은 가치주 순위 알려줘 #08728,value_metric_single,True,synthetic_hardfail
qa-hardfail-08729,PBR 낮은 저평가 종목 찾아줘 #08729,value_metric_single,True,synthetic_hardfail
qa-hardfail-08730,PER 낮은 가치주 순위 알려줘 #08730,value_metric_single,True,synthetic_hardfail
qa-hardfail-08731,PBR 낮은 저평가 종목 찾아줘 #08731,value_metric_single,True,synthetic_hardfail
qa-hardfail-08732,PER 낮은 가치주 순위 알려줘 #08732,value_metric_single,True,synthetic_hardfail
qa-hardfail-08733,PBR 낮은 저평가 종목 찾아줘 #08733,value_metric_single,True,synthetic_hardfail
qa-hardfail-08734,PER 낮은 가치주 순위 알려줘 #08734,value_metric_single,True,synthetic_hardfail
qa-hardfail-08735,PBR 낮은 저평가 종목 찾아줘 #08735,value_metric_single,True,synthetic_hardfail
qa-hardfail-08736,PER 낮은 가치주 순위 알려줘 #08736,value_metric_single,True,synthetic_hardfail
qa-hardfail-08737,PBR 낮은 저평가 종목 찾아줘 #08737,value_metric_single,True,synthetic_hardfail
qa-hardfail-08738,PER 낮은 가치주 순위 알려줘 #08738,value_metric_single,True,synthetic_hardfail
qa-hardfail-08739,PBR 낮은 저평가 종목 찾아줘 #08739,value_metric_single,True,synthetic_hardfail
qa-hardfail-08740,PER 낮은 가치주 순위 알려줘 #08740,value_metric_single,True,synthetic_hardfail
qa-hardfail-08741,PBR 낮은 저평가 종목 찾아줘 #08741,value_metric_single,True,synthetic_hardfail
qa-hardfail-08742,PER 낮은 가치주 순위 알려줘 #08742,value_metric_single,True,synthetic_hardfail
qa-hardfail-08743,PBR 낮은 저평가 종목 찾아줘 #08743,value_metric_single,True,synthetic_hardfail
qa-hardfail-08744,PER 낮은 가치주 순위 알려줘 #08744,value_metric_single,True,synthetic_hardfail
qa-hardfail-08745,PBR 낮은 저평가 종목 찾아줘 #08745,value_metric_single,True,synthetic_hardfail
qa-hardfail-08746,PER 낮은 가치주 순위 알려줘 #08746,value_metric_single,True,synthetic_hardfail
qa-hardfail-08747,PBR 낮은 저평가 종목 찾아줘 #08747,value_metric_single,True,synthetic_hardfail
qa-hardfail-08748,PER 낮은 가치주 순위 알려줘 #08748,value_metric_single,True,synthetic_hardfail
qa-hardfail-08749,PBR 낮은 저평가 종목 찾아줘 #08749,value_metric_single,True,synthetic_hardfail
qa-hardfail-08750,PER 낮은 가치주 순위 알려줘 #08750,value_metric_single,True,synthetic_hardfail
qa-hardfail-08751,PBR 낮은 저평가 종목 찾아줘 #08751,value_metric_single,True,synthetic_hardfail
qa-hardfail-08752,PER 낮은 가치주 순위 알려줘 #08752,value_metric_single,True,synthetic_hardfail
qa-hardfail-08753,PBR 낮은 저평가 종목 찾아줘 #08753,value_metric_single,True,synthetic_hardfail
qa-hardfail-08754,PER 낮은 가치주 순위 알려줘 #08754,value_metric_single,True,synthetic_hardfail
qa-hardfail-08755,PBR 낮은 저평가 종목 찾아줘 #08755,value_metric_single,True,synthetic_hardfail
qa-hardfail-08756,PER 낮은 가치주 순위 알려줘 #08756,value_metric_single,True,synthetic_hardfail
qa-hardfail-08757,PBR 낮은 저평가 종목 찾아줘 #08757,value_metric_single,True,synthetic_hardfail
qa-hardfail-08758,PER 낮은 가치주 순위 알려줘 #08758,value_metric_single,True,synthetic_hardfail
qa-hardfail-08759,PBR 낮은 저평가 종목 찾아줘 #08759,value_metric_single,True,synthetic_hardfail
qa-hardfail-08760,PER 낮은 가치주 순위 알려줘 #08760,value_metric_single,True,synthetic_hardfail
qa-hardfail-08761,PBR 낮은 저평가 종목 찾아줘 #08761,value_metric_single,True,synthetic_hardfail
qa-hardfail-08762,PER 낮은 가치주 순위 알려줘 #08762,value_metric_single,True,synthetic_hardfail
qa-hardfail-08763,PBR 낮은 저평가 종목 찾아줘 #08763,value_metric_single,True,synthetic_hardfail
qa-hardfail-08764,PER 낮은 가치주 순위 알려줘 #08764,value_metric_single,True,synthetic_hardfail
qa-hardfail-08765,PBR 낮은 저평가 종목 찾아줘 #08765,value_metric_single,True,synthetic_hardfail
qa-hardfail-08766,PER 낮은 가치주 순위 알려줘 #08766,value_metric_single,True,synthetic_hardfail
qa-hardfail-08767,PBR 낮은 저평가 종목 찾아줘 #08767,value_metric_single,True,synthetic_hardfail
qa-hardfail-08768,PER 낮은 가치주 순위 알려줘 #08768,value_metric_single,True,synthetic_hardfail
qa-hardfail-08769,PBR 낮은 저평가 종목 찾아줘 #08769,value_metric_single,True,synthetic_hardfail
qa-hardfail-08770,PER 낮은 가치주 순위 알려줘 #08770,value_metric_single,True,synthetic_hardfail
qa-hardfail-08771,PBR 낮은 저평가 종목 찾아줘 #08771,value_metric_single,True,synthetic_hardfail
qa-hardfail-08772,PER 낮은 가치주 순위 알려줘 #08772,value_metric_single,True,synthetic_hardfail
qa-hardfail-08773,PBR 낮은 저평가 종목 찾아줘 #08773,value_metric_single,True,synthetic_hardfail
qa-hardfail-08774,PER 낮은 가치주 순위 알려줘 #08774,value_metric_single,True,synthetic_hardfail
qa-hardfail-08775,PBR 낮은 저평가 종목 찾아줘 #08775,value_metric_single,True,synthetic_hardfail
qa-hardfail-08776,PER 낮은 가치주 순위 알려줘 #08776,value_metric_single,True,synthetic_hardfail
qa-hardfail-08777,PBR 낮은 저평가 종목 찾아줘 #08777,value_metric_single,True,synthetic_hardfail
qa-hardfail-08778,PER 낮은 가치주 순위 알려줘 #08778,value_metric_single,True,synthetic_hardfail
qa-hardfail-08779,PBR 낮은 저평가 종목 찾아줘 #08779,value_metric_single,True,synthetic_hardfail
qa-hardfail-08780,PER 낮은 가치주 순위 알려줘 #08780,value_metric_single,True,synthetic_hardfail
qa-hardfail-08781,PBR 낮은 저평가 종목 찾아줘 #08781,value_metric_single,True,synthetic_hardfail
qa-hardfail-08782,PER 낮은 가치주 순위 알려줘 #08782,value_metric_single,True,synthetic_hardfail
qa-hardfail-08783,PBR 낮은 저평가 종목 찾아줘 #08783,value_metric_single,True,synthetic_hardfail
qa-hardfail-08784,PER 낮은 가치주 순위 알려줘 #08784,value_metric_single,True,synthetic_hardfail
qa-hardfail-08785,PBR 낮은 저평가 종목 찾아줘 #08785,value_metric_single,True,synthetic_hardfail
qa-hardfail-08786,PER 낮은 가치주 순위 알려줘 #08786,value_metric_single,True,synthetic_hardfail
qa-hardfail-08787,PBR 낮은 저평가 종목 찾아줘 #08787,value_metric_single,True,synthetic_hardfail
qa-hardfail-08788,PER 낮은 가치주 순위 알려줘 #08788,value_metric_single,True,synthetic_hardfail
qa-hardfail-08789,PBR 낮은 저평가 종목 찾아줘 #08789,value_metric_single,True,synthetic_hardfail
qa-hardfail-08790,PER 낮은 가치주 순위 알려줘 #08790,value_metric_single,True,synthetic_hardfail
qa-hardfail-08791,PBR 낮은 저평가 종목 찾아줘 #08791,value_metric_single,True,synthetic_hardfail
qa-hardfail-08792,PER 낮은 가치주 순위 알려줘 #08792,value_metric_single,True,synthetic_hardfail
qa-hardfail-08793,PBR 낮은 저평가 종목 찾아줘 #08793,value_metric_single,True,synthetic_hardfail
qa-hardfail-08794,PER 낮은 가치주 순위 알려줘 #08794,value_metric_single,True,synthetic_hardfail
qa-hardfail-08795,PBR 낮은 저평가 종목 찾아줘 #08795,value_metric_single,True,synthetic_hardfail
qa-hardfail-08796,PER 낮은 가치주 순위 알려줘 #08796,value_metric_single,True,synthetic_hardfail
qa-hardfail-08797,PBR 낮은 저평가 종목 찾아줘 #08797,value_metric_single,True,synthetic_hardfail
qa-hardfail-08798,PER 낮은 가치주 순위 알려줘 #08798,value_metric_single,True,synthetic_hardfail
qa-hardfail-08799,PBR 낮은 저평가 종목 찾아줘 #08799,value_metric_single,True,synthetic_hardfail
qa-hardfail-08800,PER 낮은 가치주 순위 알려줘 #08800,value_metric_single,True,synthetic_hardfail
qa-hardfail-08801,PBR 낮은 저평가 종목 찾아줘 #08801,value_metric_single,True,synthetic_hardfail
qa-hardfail-08802,PER 낮은 가치주 순위 알려줘 #08802,value_metric_single,True,synthetic_hardfail
qa-hardfail-08803,PBR 낮은 저평가 종목 찾아줘 #08803,value_metric_single,True,synthetic_hardfail
qa-hardfail-08804,PER 낮은 가치주 순위 알려줘 #08804,value_metric_single,True,synthetic_hardfail
qa-hardfail-08805,PBR 낮은 저평가 종목 찾아줘 #08805,value_metric_single,True,synthetic_hardfail
qa-hardfail-08806,PER 낮은 가치주 순위 알려줘 #08806,value_metric_single,True,synthetic_hardfail
qa-hardfail-08807,PBR 낮은 저평가 종목 찾아줘 #08807,value_metric_single,True,synthetic_hardfail
qa-hardfail-08808,PER 낮은 가치주 순위 알려줘 #08808,value_metric_single,True,synthetic_hardfail
qa-hardfail-08809,PBR 낮은 저평가 종목 찾아줘 #08809,value_metric_single,True,synthetic_hardfail
qa-hardfail-08810,PER 낮은 가치주 순위 알려줘 #08810,value_metric_single,True,synthetic_hardfail
qa-hardfail-08811,PBR 낮은 저평가 종목 찾아줘 #08811,value_metric_single,True,synthetic_hardfail
qa-hardfail-08812,PER 낮은 가치주 순위 알려줘 #08812,value_metric_single,True,synthetic_hardfail
qa-hardfail-08813,PBR 낮은 저평가 종목 찾아줘 #08813,value_metric_single,True,synthetic_hardfail
qa-hardfail-08814,PER 낮은 가치주 순위 알려줘 #08814,value_metric_single,True,synthetic_hardfail
qa-hardfail-08815,PBR 낮은 저평가 종목 찾아줘 #08815,value_metric_single,True,synthetic_hardfail
qa-hardfail-08816,PER 낮은 가치주 순위 알려줘 #08816,value_metric_single,True,synthetic_hardfail
qa-hardfail-08817,PBR 낮은 저평가 종목 찾아줘 #08817,value_metric_single,True,synthetic_hardfail
qa-hardfail-08818,PER 낮은 가치주 순위 알려줘 #08818,value_metric_single,True,synthetic_hardfail
qa-hardfail-08819,PBR 낮은 저평가 종목 찾아줘 #08819,value_metric_single,True,synthetic_hardfail
qa-hardfail-08820,PER 낮은 가치주 순위 알려줘 #08820,value_metric_single,True,synthetic_hardfail
qa-hardfail-08821,PBR 낮은 저평가 종목 찾아줘 #08821,value_metric_single,True,synthetic_hardfail
qa-hardfail-08822,PER 낮은 가치주 순위 알려줘 #08822,value_metric_single,True,synthetic_hardfail
qa-hardfail-08823,PBR 낮은 저평가 종목 찾아줘 #08823,value_metric_single,True,synthetic_hardfail
qa-hardfail-08824,PER 낮은 가치주 순위 알려줘 #08824,value_metric_single,True,synthetic_hardfail
qa-hardfail-08825,PBR 낮은 저평가 종목 찾아줘 #08825,value_metric_single,True,synthetic_hardfail
qa-hardfail-08826,PER 낮은 가치주 순위 알려줘 #08826,value_metric_single,True,synthetic_hardfail
qa-hardfail-08827,PBR 낮은 저평가 종목 찾아줘 #08827,value_metric_single,True,synthetic_hardfail
qa-hardfail-08828,PER 낮은 가치주 순위 알려줘 #08828,value_metric_single,True,synthetic_hardfail
qa-hardfail-08829,PBR 낮은 저평가 종목 찾아줘 #08829,value_metric_single,True,synthetic_hardfail
qa-hardfail-08830,PER 낮은 가치주 순위 알려줘 #08830,value_metric_single,True,synthetic_hardfail
qa-hardfail-08831,PBR 낮은 저평가 종목 찾아줘 #08831,value_metric_single,True,synthetic_hardfail
qa-hardfail-08832,PER 낮은 가치주 순위 알려줘 #08832,value_metric_single,True,synthetic_hardfail
qa-hardfail-08833,PBR 낮은 저평가 종목 찾아줘 #08833,value_metric_single,True,synthetic_hardfail
qa-hardfail-08834,PER 낮은 가치주 순위 알려줘 #08834,value_metric_single,True,synthetic_hardfail
qa-hardfail-08835,PBR 낮은 저평가 종목 찾아줘 #08835,value_metric_single,True,synthetic_hardfail
qa-hardfail-08836,PER 낮은 가치주 순위 알려줘 #08836,value_metric_single,True,synthetic_hardfail
qa-hardfail-08837,PBR 낮은 저평가 종목 찾아줘 #08837,value_metric_single,True,synthetic_hardfail
qa-hardfail-08838,PER 낮은 가치주 순위 알려줘 #08838,value_metric_single,True,synthetic_hardfail
qa-hardfail-08839,PBR 낮은 저평가 종목 찾아줘 #08839,value_metric_single,True,synthetic_hardfail
qa-hardfail-08840,PER 낮은 가치주 순위 알려줘 #08840,value_metric_single,True,synthetic_hardfail
qa-hardfail-08841,PBR 낮은 저평가 종목 찾아줘 #08841,value_metric_single,True,synthetic_hardfail
qa-hardfail-08842,PER 낮은 가치주 순위 알려줘 #08842,value_metric_single,True,synthetic_hardfail
qa-hardfail-08843,PBR 낮은 저평가 종목 찾아줘 #08843,value_metric_single,True,synthetic_hardfail
qa-hardfail-08844,PER 낮은 가치주 순위 알려줘 #08844,value_metric_single,True,synthetic_hardfail
qa-hardfail-08845,PBR 낮은 저평가 종목 찾아줘 #08845,value_metric_single,True,synthetic_hardfail
qa-hardfail-08846,PER 낮은 가치주 순위 알려줘 #08846,value_metric_single,True,synthetic_hardfail
qa-hardfail-08847,PBR 낮은 저평가 종목 찾아줘 #08847,value_metric_single,True,synthetic_hardfail
qa-hardfail-08848,PER 낮은 가치주 순위 알려줘 #08848,value_metric_single,True,synthetic_hardfail
qa-hardfail-08849,PBR 낮은 저평가 종목 찾아줘 #08849,value_metric_single,True,synthetic_hardfail
qa-hardfail-08850,PER 낮은 가치주 순위 알려줘 #08850,value_metric_single,True,synthetic_hardfail
qa-hardfail-08851,PBR 낮은 저평가 종목 찾아줘 #08851,value_metric_single,True,synthetic_hardfail
qa-hardfail-08852,PER 낮은 가치주 순위 알려줘 #08852,value_metric_single,True,synthetic_hardfail
qa-hardfail-08853,PBR 낮은 저평가 종목 찾아줘 #08853,value_metric_single,True,synthetic_hardfail
qa-hardfail-08854,PER 낮은 가치주 순위 알려줘 #08854,value_metric_single,True,synthetic_hardfail
qa-hardfail-08855,PBR 낮은 저평가 종목 찾아줘 #08855,value_metric_single,True,synthetic_hardfail
qa-hardfail-08856,PER 낮은 가치주 순위 알려줘 #08856,value_metric_single,True,synthetic_hardfail
qa-hardfail-08857,PBR 낮은 저평가 종목 찾아줘 #08857,value_metric_single,True,synthetic_hardfail
qa-hardfail-08858,PER 낮은 가치주 순위 알려줘 #08858,value_metric_single,True,synthetic_hardfail
qa-hardfail-08859,PBR 낮은 저평가 종목 찾아줘 #08859,value_metric_single,True,synthetic_hardfail
qa-hardfail-08860,PER 낮은 가치주 순위 알려줘 #08860,value_metric_single,True,synthetic_hardfail
qa-hardfail-08861,PBR 낮은 저평가 종목 찾아줘 #08861,value_metric_single,True,synthetic_hardfail
qa-hardfail-08862,PER 낮은 가치주 순위 알려줘 #08862,value_metric_single,True,synthetic_hardfail
qa-hardfail-08863,PBR 낮은 저평가 종목 찾아줘 #08863,value_metric_single,True,synthetic_hardfail
qa-hardfail-08864,PER 낮은 가치주 순위 알려줘 #08864,value_metric_single,True,synthetic_hardfail
qa-hardfail-08865,PBR 낮은 저평가 종목 찾아줘 #08865,value_metric_single,True,synthetic_hardfail
qa-hardfail-08866,PER 낮은 가치주 순위 알려줘 #08866,value_metric_single,True,synthetic_hardfail
qa-hardfail-08867,PBR 낮은 저평가 종목 찾아줘 #08867,value_metric_single,True,synthetic_hardfail
qa-hardfail-08868,PER 낮은 가치주 순위 알려줘 #08868,value_metric_single,True,synthetic_hardfail
qa-hardfail-08869,PBR 낮은 저평가 종목 찾아줘 #08869,value_metric_single,True,synthetic_hardfail
qa-hardfail-08870,PER 낮은 가치주 순위 알려줘 #08870,value_metric_single,True,synthetic_hardfail
qa-hardfail-08871,PBR 낮은 저평가 종목 찾아줘 #08871,value_metric_single,True,synthetic_hardfail
qa-hardfail-08872,PER 낮은 가치주 순위 알려줘 #08872,value_metric_single,True,synthetic_hardfail
qa-hardfail-08873,PBR 낮은 저평가 종목 찾아줘 #08873,value_metric_single,True,synthetic_hardfail
qa-hardfail-08874,PER 낮은 가치주 순위 알려줘 #08874,value_metric_single,True,synthetic_hardfail
qa-hardfail-08875,PBR 낮은 저평가 종목 찾아줘 #08875,value_metric_single,True,synthetic_hardfail
qa-hardfail-08876,PER 낮은 가치주 순위 알려줘 #08876,value_metric_single,True,synthetic_hardfail
qa-hardfail-08877,PBR 낮은 저평가 종목 찾아줘 #08877,value_metric_single,True,synthetic_hardfail
qa-hardfail-08878,PER 낮은 가치주 순위 알려줘 #08878,value_metric_single,True,synthetic_hardfail
qa-hardfail-08879,PBR 낮은 저평가 종목 찾아줘 #08879,value_metric_single,True,synthetic_hardfail
qa-hardfail-08880,PER 낮은 가치주 순위 알려줘 #08880,value_metric_single,True,synthetic_hardfail
qa-hardfail-08881,PBR 낮은 저평가 종목 찾아줘 #08881,value_metric_single,True,synthetic_hardfail
qa-hardfail-08882,PER 낮은 가치주 순위 알려줘 #08882,value_metric_single,True,synthetic_hardfail
qa-hardfail-08883,PBR 낮은 저평가 종목 찾아줘 #08883,value_metric_single,True,synthetic_hardfail
qa-hardfail-08884,PER 낮은 가치주 순위 알려줘 #08884,value_metric_single,True,synthetic_hardfail
qa-hardfail-08885,PBR 낮은 저평가 종목 찾아줘 #08885,value_metric_single,True,synthetic_hardfail
qa-hardfail-08886,PER 낮은 가치주 순위 알려줘 #08886,value_metric_single,True,synthetic_hardfail
qa-hardfail-08887,PBR 낮은 저평가 종목 찾아줘 #08887,value_metric_single,True,synthetic_hardfail
qa-hardfail-08888,PER 낮은 가치주 순위 알려줘 #08888,value_metric_single,True,synthetic_hardfail
qa-hardfail-08889,PBR 낮은 저평가 종목 찾아줘 #08889,value_metric_single,True,synthetic_hardfail
qa-hardfail-08890,PER 낮은 가치주 순위 알려줘 #08890,value_metric_single,True,synthetic_hardfail
qa-hardfail-08891,PBR 낮은 저평가 종목 찾아줘 #08891,value_metric_single,True,synthetic_hardfail
qa-hardfail-08892,PER 낮은 가치주 순위 알려줘 #08892,value_metric_single,True,synthetic_hardfail
qa-hardfail-08893,PBR 낮은 저평가 종목 찾아줘 #08893,value_metric_single,True,synthetic_hardfail
qa-hardfail-08894,PER 낮은 가치주 순위 알려줘 #08894,value_metric_single,True,synthetic_hardfail
qa-hardfail-08895,PBR 낮은 저평가 종목 찾아줘 #08895,value_metric_single,True,synthetic_hardfail
qa-hardfail-08896,PER 낮은 가치주 순위 알려줘 #08896,value_metric_single,True,synthetic_hardfail
qa-hardfail-08897,PBR 낮은 저평가 종목 찾아줘 #08897,value_metric_single,True,synthetic_hardfail
qa-hardfail-08898,PER 낮은 가치주 순위 알려줘 #08898,value_metric_single,True,synthetic_hardfail
qa-hardfail-08899,PBR 낮은 저평가 종목 찾아줘 #08899,value_metric_single,True,synthetic_hardfail
qa-hardfail-08900,PER 낮은 가치주 순위 알려줘 #08900,value_metric_single,True,synthetic_hardfail
qa-hardfail-08901,PBR 낮은 저평가 종목 찾아줘 #08901,value_metric_single,True,synthetic_hardfail
qa-hardfail-08902,PER 낮은 가치주 순위 알려줘 #08902,value_metric_single,True,synthetic_hardfail
qa-hardfail-08903,PBR 낮은 저평가 종목 찾아줘 #08903,value_metric_single,True,synthetic_hardfail
qa-hardfail-08904,PER 낮은 가치주 순위 알려줘 #08904,value_metric_single,True,synthetic_hardfail
qa-hardfail-08905,PBR 낮은 저평가 종목 찾아줘 #08905,value_metric_single,True,synthetic_hardfail
qa-hardfail-08906,PER 낮은 가치주 순위 알려줘 #08906,value_metric_single,True,synthetic_hardfail
qa-hardfail-08907,PBR 낮은 저평가 종목 찾아줘 #08907,value_metric_single,True,synthetic_hardfail
qa-hardfail-08908,PER 낮은 가치주 순위 알려줘 #08908,value_metric_single,True,synthetic_hardfail
qa-hardfail-08909,PBR 낮은 저평가 종목 찾아줘 #08909,value_metric_single,True,synthetic_hardfail
qa-hardfail-08910,PER 낮은 가치주 순위 알려줘 #08910,value_metric_single,True,synthetic_hardfail
qa-hardfail-08911,PBR 낮은 저평가 종목 찾아줘 #08911,value_metric_single,True,synthetic_hardfail
qa-hardfail-08912,PER 낮은 가치주 순위 알려줘 #08912,value_metric_single,True,synthetic_hardfail
qa-hardfail-08913,PBR 낮은 저평가 종목 찾아줘 #08913,value_metric_single,True,synthetic_hardfail
qa-hardfail-08914,PER 낮은 가치주 순위 알려줘 #08914,value_metric_single,True,synthetic_hardfail
qa-hardfail-08915,PBR 낮은 저평가 종목 찾아줘 #08915,value_metric_single,True,synthetic_hardfail
qa-hardfail-08916,PER 낮은 가치주 순위 알려줘 #08916,value_metric_single,True,synthetic_hardfail
qa-hardfail-08917,PBR 낮은 저평가 종목 찾아줘 #08917,value_metric_single,True,synthetic_hardfail
qa-hardfail-08918,PER 낮은 가치주 순위 알려줘 #08918,value_metric_single,True,synthetic_hardfail
qa-hardfail-08919,PBR 낮은 저평가 종목 찾아줘 #08919,value_metric_single,True,synthetic_hardfail
qa-hardfail-08920,PER 낮은 가치주 순위 알려줘 #08920,value_metric_single,True,synthetic_hardfail
qa-hardfail-08921,PBR 낮은 저평가 종목 찾아줘 #08921,value_metric_single,True,synthetic_hardfail
qa-hardfail-08922,PER 낮은 가치주 순위 알려줘 #08922,value_metric_single,True,synthetic_hardfail
qa-hardfail-08923,PBR 낮은 저평가 종목 찾아줘 #08923,value_metric_single,True,synthetic_hardfail
qa-hardfail-08924,PER 낮은 가치주 순위 알려줘 #08924,value_metric_single,True,synthetic_hardfail
qa-hardfail-08925,PBR 낮은 저평가 종목 찾아줘 #08925,value_metric_single,True,synthetic_hardfail
qa-hardfail-08926,PER 낮은 가치주 순위 알려줘 #08926,value_metric_single,True,synthetic_hardfail
qa-hardfail-08927,PBR 낮은 저평가 종목 찾아줘 #08927,value_metric_single,True,synthetic_hardfail
qa-hardfail-08928,PER 낮은 가치주 순위 알려줘 #08928,value_metric_single,True,synthetic_hardfail
qa-hardfail-08929,PBR 낮은 저평가 종목 찾아줘 #08929,value_metric_single,True,synthetic_hardfail
qa-hardfail-08930,PER 낮은 가치주 순위 알려줘 #08930,value_metric_single,True,synthetic_hardfail
qa-hardfail-08931,PBR 낮은 저평가 종목 찾아줘 #08931,value_metric_single,True,synthetic_hardfail
qa-hardfail-08932,PER 낮은 가치주 순위 알려줘 #08932,value_metric_single,True,synthetic_hardfail
qa-hardfail-08933,PBR 낮은 저평가 종목 찾아줘 #08933,value_metric_single,True,synthetic_hardfail
qa-hardfail-08934,PER 낮은 가치주 순위 알려줘 #08934,value_metric_single,True,synthetic_hardfail
qa-hardfail-08935,PBR 낮은 저평가 종목 찾아줘 #08935,value_metric_single,True,synthetic_hardfail
qa-hardfail-08936,PER 낮은 가치주 순위 알려줘 #08936,value_metric_single,True,synthetic_hardfail
qa-hardfail-08937,PBR 낮은 저평가 종목 찾아줘 #08937,value_metric_single,True,synthetic_hardfail
qa-hardfail-08938,PER 낮은 가치주 순위 알려줘 #08938,value_metric_single,True,synthetic_hardfail
qa-hardfail-08939,PBR 낮은 저평가 종목 찾아줘 #08939,value_metric_single,True,synthetic_hardfail
qa-hardfail-08940,PER 낮은 가치주 순위 알려줘 #08940,value_metric_single,True,synthetic_hardfail
qa-hardfail-08941,PBR 낮은 저평가 종목 찾아줘 #08941,value_metric_single,True,synthetic_hardfail
qa-hardfail-08942,PER 낮은 가치주 순위 알려줘 #08942,value_metric_single,True,synthetic_hardfail
qa-hardfail-08943,PBR 낮은 저평가 종목 찾아줘 #08943,value_metric_single,True,synthetic_hardfail
qa-hardfail-08944,PER 낮은 가치주 순위 알려줘 #08944,value_metric_single,True,synthetic_hardfail
qa-hardfail-08945,PBR 낮은 저평가 종목 찾아줘 #08945,value_metric_single,True,synthetic_hardfail
qa-hardfail-08946,PER 낮은 가치주 순위 알려줘 #08946,value_metric_single,True,synthetic_hardfail
qa-hardfail-08947,PBR 낮은 저평가 종목 찾아줘 #08947,value_metric_single,True,synthetic_hardfail
qa-hardfail-08948,PER 낮은 가치주 순위 알려줘 #08948,value_metric_single,True,synthetic_hardfail
qa-hardfail-08949,PBR 낮은 저평가 종목 찾아줘 #08949,value_metric_single,True,synthetic_hardfail
qa-hardfail-08950,PER 낮은 가치주 순위 알려줘 #08950,value_metric_single,True,synthetic_hardfail
qa-hardfail-08951,PBR 낮은 저평가 종목 찾아줘 #08951,value_metric_single,True,synthetic_hardfail
qa-hardfail-08952,PER 낮은 가치주 순위 알려줘 #08952,value_metric_single,True,synthetic_hardfail
qa-hardfail-08953,PBR 낮은 저평가 종목 찾아줘 #08953,value_metric_single,True,synthetic_hardfail
qa-hardfail-08954,PER 낮은 가치주 순위 알려줘 #08954,value_metric_single,True,synthetic_hardfail
qa-hardfail-08955,PBR 낮은 저평가 종목 찾아줘 #08955,value_metric_single,True,synthetic_hardfail
qa-hardfail-08956,PER 낮은 가치주 순위 알려줘 #08956,value_metric_single,True,synthetic_hardfail
qa-hardfail-08957,PBR 낮은 저평가 종목 찾아줘 #08957,value_metric_single,True,synthetic_hardfail
qa-hardfail-08958,PER 낮은 가치주 순위 알려줘 #08958,value_metric_single,True,synthetic_hardfail
qa-hardfail-08959,PBR 낮은 저평가 종목 찾아줘 #08959,value_metric_single,True,synthetic_hardfail
qa-hardfail-08960,PER 낮은 가치주 순위 알려줘 #08960,value_metric_single,True,synthetic_hardfail
qa-hardfail-08961,PBR 낮은 저평가 종목 찾아줘 #08961,value_metric_single,True,synthetic_hardfail
qa-hardfail-08962,PER 낮은 가치주 순위 알려줘 #08962,value_metric_single,True,synthetic_hardfail
qa-hardfail-08963,PBR 낮은 저평가 종목 찾아줘 #08963,value_metric_single,True,synthetic_hardfail
qa-hardfail-08964,PER 낮은 가치주 순위 알려줘 #08964,value_metric_single,True,synthetic_hardfail
qa-hardfail-08965,PBR 낮은 저평가 종목 찾아줘 #08965,value_metric_single,True,synthetic_hardfail
qa-hardfail-08966,PER 낮은 가치주 순위 알려줘 #08966,value_metric_single,True,synthetic_hardfail
qa-hardfail-08967,PBR 낮은 저평가 종목 찾아줘 #08967,value_metric_single,True,synthetic_hardfail
qa-hardfail-08968,PER 낮은 가치주 순위 알려줘 #08968,value_metric_single,True,synthetic_hardfail
qa-hardfail-08969,PBR 낮은 저평가 종목 찾아줘 #08969,value_metric_single,True,synthetic_hardfail
qa-hardfail-08970,PER 낮은 가치주 순위 알려줘 #08970,value_metric_single,True,synthetic_hardfail
qa-hardfail-08971,PBR 낮은 저평가 종목 찾아줘 #08971,value_metric_single,True,synthetic_hardfail
qa-hardfail-08972,PER 낮은 가치주 순위 알려줘 #08972,value_metric_single,True,synthetic_hardfail
qa-hardfail-08973,PBR 낮은 저평가 종목 찾아줘 #08973,value_metric_single,True,synthetic_hardfail
qa-hardfail-08974,PER 낮은 가치주 순위 알려줘 #08974,value_metric_single,True,synthetic_hardfail
qa-hardfail-08975,PBR 낮은 저평가 종목 찾아줘 #08975,value_metric_single,True,synthetic_hardfail
qa-hardfail-08976,PER 낮은 가치주 순위 알려줘 #08976,value_metric_single,True,synthetic_hardfail
qa-hardfail-08977,PBR 낮은 저평가 종목 찾아줘 #08977,value_metric_single,True,synthetic_hardfail
qa-hardfail-08978,PER 낮은 가치주 순위 알려줘 #08978,value_metric_single,True,synthetic_hardfail
qa-hardfail-08979,PBR 낮은 저평가 종목 찾아줘 #08979,value_metric_single,True,synthetic_hardfail
qa-hardfail-08980,PER 낮은 가치주 순위 알려줘 #08980,value_metric_single,True,synthetic_hardfail
qa-hardfail-08981,PBR 낮은 저평가 종목 찾아줘 #08981,value_metric_single,True,synthetic_hardfail
qa-hardfail-08982,PER 낮은 가치주 순위 알려줘 #08982,value_metric_single,True,synthetic_hardfail
qa-hardfail-08983,PBR 낮은 저평가 종목 찾아줘 #08983,value_metric_single,True,synthetic_hardfail
qa-hardfail-08984,PER 낮은 가치주 순위 알려줘 #08984,value_metric_single,True,synthetic_hardfail
qa-hardfail-08985,PBR 낮은 저평가 종목 찾아줘 #08985,value_metric_single,True,synthetic_hardfail
qa-hardfail-08986,PER 낮은 가치주 순위 알려줘 #08986,value_metric_single,True,synthetic_hardfail
qa-hardfail-08987,PBR 낮은 저평가 종목 찾아줘 #08987,value_metric_single,True,synthetic_hardfail
qa-hardfail-08988,PER 낮은 가치주 순위 알려줘 #08988,value_metric_single,True,synthetic_hardfail
qa-hardfail-08989,PBR 낮은 저평가 종목 찾아줘 #08989,value_metric_single,True,synthetic_hardfail
qa-hardfail-08990,PER 낮은 가치주 순위 알려줘 #08990,value_metric_single,True,synthetic_hardfail
qa-hardfail-08991,PBR 낮은 저평가 종목 찾아줘 #08991,value_metric_single,True,synthetic_hardfail
qa-hardfail-08992,PER 낮은 가치주 순위 알려줘 #08992,value_metric_single,True,synthetic_hardfail
qa-hardfail-08993,PBR 낮은 저평가 종목 찾아줘 #08993,value_metric_single,True,synthetic_hardfail
qa-hardfail-08994,PER 낮은 가치주 순위 알려줘 #08994,value_metric_single,True,synthetic_hardfail
qa-hardfail-08995,PBR 낮은 저평가 종목 찾아줘 #08995,value_metric_single,True,synthetic_hardfail
qa-hardfail-08996,PER 낮은 가치주 순위 알려줘 #08996,value_metric_single,True,synthetic_hardfail
qa-hardfail-08997,PBR 낮은 저평가 종목 찾아줘 #08997,value_metric_single,True,synthetic_hardfail
qa-hardfail-08998,PER 낮은 가치주 순위 알려줘 #08998,value_metric_single,True,synthetic_hardfail
qa-hardfail-08999,PBR 낮은 저평가 종목 찾아줘 #08999,value_metric_single,True,synthetic_hardfail
qa-hardfail-09000,PER 낮은 가치주 순위 알려줘 #09000,value_metric_single,True,synthetic_hardfail
qa-hardfail-09001,PBR 낮은 저평가 종목 찾아줘 #09001,value_metric_single,True,synthetic_hardfail
qa-hardfail-09002,PER 낮은 가치주 순위 알려줘 #09002,value_metric_single,True,synthetic_hardfail
qa-hardfail-09003,PBR 낮은 저평가 종목 찾아줘 #09003,value_metric_single,True,synthetic_hardfail
qa-hardfail-09004,PER 낮은 가치주 순위 알려줘 #09004,value_metric_single,True,synthetic_hardfail
qa-hardfail-09005,PBR 낮은 저평가 종목 찾아줘 #09005,value_metric_single,True,synthetic_hardfail
qa-hardfail-09006,PER 낮은 가치주 순위 알려줘 #09006,value_metric_single,True,synthetic_hardfail
qa-hardfail-09007,PBR 낮은 저평가 종목 찾아줘 #09007,value_metric_single,True,synthetic_hardfail
qa-hardfail-09008,PER 낮은 가치주 순위 알려줘 #09008,value_metric_single,True,synthetic_hardfail
qa-hardfail-09009,PBR 낮은 저평가 종목 찾아줘 #09009,value_metric_single,True,synthetic_hardfail
qa-hardfail-09010,PER 낮은 가치주 순위 알려줘 #09010,value_metric_single,True,synthetic_hardfail
qa-hardfail-09011,PBR 낮은 저평가 종목 찾아줘 #09011,value_metric_single,True,synthetic_hardfail
qa-hardfail-09012,PER 낮은 가치주 순위 알려줘 #09012,value_metric_single,True,synthetic_hardfail
qa-hardfail-09013,PBR 낮은 저평가 종목 찾아줘 #09013,value_metric_single,True,synthetic_hardfail
qa-hardfail-09014,PER 낮은 가치주 순위 알려줘 #09014,value_metric_single,True,synthetic_hardfail
qa-hardfail-09015,PBR 낮은 저평가 종목 찾아줘 #09015,value_metric_single,True,synthetic_hardfail
qa-hardfail-09016,PER 낮은 가치주 순위 알려줘 #09016,value_metric_single,True,synthetic_hardfail
qa-hardfail-09017,PBR 낮은 저평가 종목 찾아줘 #09017,value_metric_single,True,synthetic_hardfail
qa-hardfail-09018,PER 낮은 가치주 순위 알려줘 #09018,value_metric_single,True,synthetic_hardfail
qa-hardfail-09019,PBR 낮은 저평가 종목 찾아줘 #09019,value_metric_single,True,synthetic_hardfail
qa-hardfail-09020,PER 낮은 가치주 순위 알려줘 #09020,value_metric_single,True,synthetic_hardfail
qa-hardfail-09021,PBR 낮은 저평가 종목 찾아줘 #09021,value_metric_single,True,synthetic_hardfail
qa-hardfail-09022,PER 낮은 가치주 순위 알려줘 #09022,value_metric_single,True,synthetic_hardfail
qa-hardfail-09023,PBR 낮은 저평가 종목 찾아줘 #09023,value_metric_single,True,synthetic_hardfail
qa-hardfail-09024,PER 낮은 가치주 순위 알려줘 #09024,value_metric_single,True,synthetic_hardfail
qa-hardfail-09025,PBR 낮은 저평가 종목 찾아줘 #09025,value_metric_single,True,synthetic_hardfail
qa-hardfail-09026,PER 낮은 가치주 순위 알려줘 #09026,value_metric_single,True,synthetic_hardfail
qa-hardfail-09027,PBR 낮은 저평가 종목 찾아줘 #09027,value_metric_single,True,synthetic_hardfail
qa-hardfail-09028,PER 낮은 가치주 순위 알려줘 #09028,value_metric_single,True,synthetic_hardfail
qa-hardfail-09029,PBR 낮은 저평가 종목 찾아줘 #09029,value_metric_single,True,synthetic_hardfail
qa-hardfail-09030,PER 낮은 가치주 순위 알려줘 #09030,value_metric_single,True,synthetic_hardfail
qa-hardfail-09031,PBR 낮은 저평가 종목 찾아줘 #09031,value_metric_single,True,synthetic_hardfail
qa-hardfail-09032,PER 낮은 가치주 순위 알려줘 #09032,value_metric_single,True,synthetic_hardfail
qa-hardfail-09033,PBR 낮은 저평가 종목 찾아줘 #09033,value_metric_single,True,synthetic_hardfail
qa-hardfail-09034,PER 낮은 가치주 순위 알려줘 #09034,value_metric_single,True,synthetic_hardfail
qa-hardfail-09035,PBR 낮은 저평가 종목 찾아줘 #09035,value_metric_single,True,synthetic_hardfail
qa-hardfail-09036,PER 낮은 가치주 순위 알려줘 #09036,value_metric_single,True,synthetic_hardfail
qa-hardfail-09037,PBR 낮은 저평가 종목 찾아줘 #09037,value_metric_single,True,synthetic_hardfail
qa-hardfail-09038,PER 낮은 가치주 순위 알려줘 #09038,value_metric_single,True,synthetic_hardfail
qa-hardfail-09039,PBR 낮은 저평가 종목 찾아줘 #09039,value_metric_single,True,synthetic_hardfail
qa-hardfail-09040,PER 낮은 가치주 순위 알려줘 #09040,value_metric_single,True,synthetic_hardfail
qa-hardfail-09041,PBR 낮은 저평가 종목 찾아줘 #09041,value_metric_single,True,synthetic_hardfail
qa-hardfail-09042,PER 낮은 가치주 순위 알려줘 #09042,value_metric_single,True,synthetic_hardfail
qa-hardfail-09043,PBR 낮은 저평가 종목 찾아줘 #09043,value_metric_single,True,synthetic_hardfail
qa-hardfail-09044,PER 낮은 가치주 순위 알려줘 #09044,value_metric_single,True,synthetic_hardfail
qa-hardfail-09045,PBR 낮은 저평가 종목 찾아줘 #09045,value_metric_single,True,synthetic_hardfail
qa-hardfail-09046,PER 낮은 가치주 순위 알려줘 #09046,value_metric_single,True,synthetic_hardfail
qa-hardfail-09047,PBR 낮은 저평가 종목 찾아줘 #09047,value_metric_single,True,synthetic_hardfail
qa-hardfail-09048,PER 낮은 가치주 순위 알려줘 #09048,value_metric_single,True,synthetic_hardfail
qa-hardfail-09049,PBR 낮은 저평가 종목 찾아줘 #09049,value_metric_single,True,synthetic_hardfail
qa-hardfail-09050,PER 낮은 가치주 순위 알려줘 #09050,value_metric_single,True,synthetic_hardfail
qa-hardfail-09051,PBR 낮은 저평가 종목 찾아줘 #09051,value_metric_single,True,synthetic_hardfail
qa-hardfail-09052,PER 낮은 가치주 순위 알려줘 #09052,value_metric_single,True,synthetic_hardfail
qa-hardfail-09053,PBR 낮은 저평가 종목 찾아줘 #09053,value_metric_single,True,synthetic_hardfail
qa-hardfail-09054,PER 낮은 가치주 순위 알려줘 #09054,value_metric_single,True,synthetic_hardfail
qa-hardfail-09055,PBR 낮은 저평가 종목 찾아줘 #09055,value_metric_single,True,synthetic_hardfail
qa-hardfail-09056,PER 낮은 가치주 순위 알려줘 #09056,value_metric_single,True,synthetic_hardfail
qa-hardfail-09057,PBR 낮은 저평가 종목 찾아줘 #09057,value_metric_single,True,synthetic_hardfail
qa-hardfail-09058,PER 낮은 가치주 순위 알려줘 #09058,value_metric_single,True,synthetic_hardfail
qa-hardfail-09059,PBR 낮은 저평가 종목 찾아줘 #09059,value_metric_single,True,synthetic_hardfail
qa-hardfail-09060,PER 낮은 가치주 순위 알려줘 #09060,value_metric_single,True,synthetic_hardfail
qa-hardfail-09061,PBR 낮은 저평가 종목 찾아줘 #09061,value_metric_single,True,synthetic_hardfail
qa-hardfail-09062,PER 낮은 가치주 순위 알려줘 #09062,value_metric_single,True,synthetic_hardfail
qa-hardfail-09063,PBR 낮은 저평가 종목 찾아줘 #09063,value_metric_single,True,synthetic_hardfail
qa-hardfail-09064,PER 낮은 가치주 순위 알려줘 #09064,value_metric_single,True,synthetic_hardfail
qa-hardfail-09065,PBR 낮은 저평가 종목 찾아줘 #09065,value_metric_single,True,synthetic_hardfail
qa-hardfail-09066,PER 낮은 가치주 순위 알려줘 #09066,value_metric_single,True,synthetic_hardfail
qa-hardfail-09067,PBR 낮은 저평가 종목 찾아줘 #09067,value_metric_single,True,synthetic_hardfail
qa-hardfail-09068,PER 낮은 가치주 순위 알려줘 #09068,value_metric_single,True,synthetic_hardfail
qa-hardfail-09069,PBR 낮은 저평가 종목 찾아줘 #09069,value_metric_single,True,synthetic_hardfail
qa-hardfail-09070,PER 낮은 가치주 순위 알려줘 #09070,value_metric_single,True,synthetic_hardfail
qa-hardfail-09071,PBR 낮은 저평가 종목 찾아줘 #09071,value_metric_single,True,synthetic_hardfail
qa-hardfail-09072,PER 낮은 가치주 순위 알려줘 #09072,value_metric_single,True,synthetic_hardfail
qa-hardfail-09073,PBR 낮은 저평가 종목 찾아줘 #09073,value_metric_single,True,synthetic_hardfail
qa-hardfail-09074,PER 낮은 가치주 순위 알려줘 #09074,value_metric_single,True,synthetic_hardfail
qa-hardfail-09075,PBR 낮은 저평가 종목 찾아줘 #09075,value_metric_single,True,synthetic_hardfail
qa-hardfail-09076,PER 낮은 가치주 순위 알려줘 #09076,value_metric_single,True,synthetic_hardfail
qa-hardfail-09077,PBR 낮은 저평가 종목 찾아줘 #09077,value_metric_single,True,synthetic_hardfail
qa-hardfail-09078,PER 낮은 가치주 순위 알려줘 #09078,value_metric_single,True,synthetic_hardfail
qa-hardfail-09079,PBR 낮은 저평가 종목 찾아줘 #09079,value_metric_single,True,synthetic_hardfail
qa-hardfail-09080,PER 낮은 가치주 순위 알려줘 #09080,value_metric_single,True,synthetic_hardfail
qa-hardfail-09081,PBR 낮은 저평가 종목 찾아줘 #09081,value_metric_single,True,synthetic_hardfail
qa-hardfail-09082,PER 낮은 가치주 순위 알려줘 #09082,value_metric_single,True,synthetic_hardfail
qa-hardfail-09083,PBR 낮은 저평가 종목 찾아줘 #09083,value_metric_single,True,synthetic_hardfail
qa-hardfail-09084,PER 낮은 가치주 순위 알려줘 #09084,value_metric_single,True,synthetic_hardfail
qa-hardfail-09085,PBR 낮은 저평가 종목 찾아줘 #09085,value_metric_single,True,synthetic_hardfail
qa-hardfail-09086,PER 낮은 가치주 순위 알려줘 #09086,value_metric_single,True,synthetic_hardfail
qa-hardfail-09087,PBR 낮은 저평가 종목 찾아줘 #09087,value_metric_single,True,synthetic_hardfail
qa-hardfail-09088,PER 낮은 가치주 순위 알려줘 #09088,value_metric_single,True,synthetic_hardfail
qa-hardfail-09089,PBR 낮은 저평가 종목 찾아줘 #09089,value_metric_single,True,synthetic_hardfail
qa-hardfail-09090,PER 낮은 가치주 순위 알려줘 #09090,value_metric_single,True,synthetic_hardfail
qa-hardfail-09091,PBR 낮은 저평가 종목 찾아줘 #09091,value_metric_single,True,synthetic_hardfail
qa-hardfail-09092,PER 낮은 가치주 순위 알려줘 #09092,value_metric_single,True,synthetic_hardfail
qa-hardfail-09093,PBR 낮은 저평가 종목 찾아줘 #09093,value_metric_single,True,synthetic_hardfail
qa-hardfail-09094,PER 낮은 가치주 순위 알려줘 #09094,value_metric_single,True,synthetic_hardfail
qa-hardfail-09095,PBR 낮은 저평가 종목 찾아줘 #09095,value_metric_single,True,synthetic_hardfail
qa-hardfail-09096,PER 낮은 가치주 순위 알려줘 #09096,value_metric_single,True,synthetic_hardfail
qa-hardfail-09097,PBR 낮은 저평가 종목 찾아줘 #09097,value_metric_single,True,synthetic_hardfail
qa-hardfail-09098,PER 낮은 가치주 순위 알려줘 #09098,value_metric_single,True,synthetic_hardfail
qa-hardfail-09099,PBR 낮은 저평가 종목 찾아줘 #09099,value_metric_single,True,synthetic_hardfail
qa-hardfail-09100,PER 낮은 가치주 순위 알려줘 #09100,value_metric_single,True,synthetic_hardfail
qa-hardfail-09101,PBR 낮은 저평가 종목 찾아줘 #09101,value_metric_single,True,synthetic_hardfail
qa-hardfail-09102,PER 낮은 가치주 순위 알려줘 #09102,value_metric_single,True,synthetic_hardfail
qa-hardfail-09103,PBR 낮은 저평가 종목 찾아줘 #09103,value_metric_single,True,synthetic_hardfail
qa-hardfail-09104,PER 낮은 가치주 순위 알려줘 #09104,value_metric_single,True,synthetic_hardfail
qa-hardfail-09105,PBR 낮은 저평가 종목 찾아줘 #09105,value_metric_single,True,synthetic_hardfail
qa-hardfail-09106,PER 낮은 가치주 순위 알려줘 #09106,value_metric_single,True,synthetic_hardfail
qa-hardfail-09107,PBR 낮은 저평가 종목 찾아줘 #09107,value_metric_single,True,synthetic_hardfail
qa-hardfail-09108,PER 낮은 가치주 순위 알려줘 #09108,value_metric_single,True,synthetic_hardfail
qa-hardfail-09109,PBR 낮은 저평가 종목 찾아줘 #09109,value_metric_single,True,synthetic_hardfail
qa-hardfail-09110,PER 낮은 가치주 순위 알려줘 #09110,value_metric_single,True,synthetic_hardfail
qa-hardfail-09111,PBR 낮은 저평가 종목 찾아줘 #09111,value_metric_single,True,synthetic_hardfail
qa-hardfail-09112,PER 낮은 가치주 순위 알려줘 #09112,value_metric_single,True,synthetic_hardfail
qa-hardfail-09113,PBR 낮은 저평가 종목 찾아줘 #09113,value_metric_single,True,synthetic_hardfail
qa-hardfail-09114,PER 낮은 가치주 순위 알려줘 #09114,value_metric_single,True,synthetic_hardfail
qa-hardfail-09115,PBR 낮은 저평가 종목 찾아줘 #09115,value_metric_single,True,synthetic_hardfail
qa-hardfail-09116,PER 낮은 가치주 순위 알려줘 #09116,value_metric_single,True,synthetic_hardfail
qa-hardfail-09117,PBR 낮은 저평가 종목 찾아줘 #09117,value_metric_single,True,synthetic_hardfail
qa-hardfail-09118,PER 낮은 가치주 순위 알려줘 #09118,value_metric_single,True,synthetic_hardfail
qa-hardfail-09119,PBR 낮은 저평가 종목 찾아줘 #09119,value_metric_single,True,synthetic_hardfail
qa-hardfail-09120,PER 낮은 가치주 순위 알려줘 #09120,value_metric_single,True,synthetic_hardfail
qa-hardfail-09121,PBR 낮은 저평가 종목 찾아줘 #09121,value_metric_single,True,synthetic_hardfail
qa-hardfail-09122,PER 낮은 가치주 순위 알려줘 #09122,value_metric_single,True,synthetic_hardfail
qa-hardfail-09123,PBR 낮은 저평가 종목 찾아줘 #09123,value_metric_single,True,synthetic_hardfail
qa-hardfail-09124,PER 낮은 가치주 순위 알려줘 #09124,value_metric_single,True,synthetic_hardfail
qa-hardfail-09125,PBR 낮은 저평가 종목 찾아줘 #09125,value_metric_single,True,synthetic_hardfail
qa-hardfail-09126,PER 낮은 가치주 순위 알려줘 #09126,value_metric_single,True,synthetic_hardfail
qa-hardfail-09127,PBR 낮은 저평가 종목 찾아줘 #09127,value_metric_single,True,synthetic_hardfail
qa-hardfail-09128,PER 낮은 가치주 순위 알려줘 #09128,value_metric_single,True,synthetic_hardfail
qa-hardfail-09129,PBR 낮은 저평가 종목 찾아줘 #09129,value_metric_single,True,synthetic_hardfail
qa-hardfail-09130,PER 낮은 가치주 순위 알려줘 #09130,value_metric_single,True,synthetic_hardfail
qa-hardfail-09131,PBR 낮은 저평가 종목 찾아줘 #09131,value_metric_single,True,synthetic_hardfail
qa-hardfail-09132,PER 낮은 가치주 순위 알려줘 #09132,value_metric_single,True,synthetic_hardfail
qa-hardfail-09133,PBR 낮은 저평가 종목 찾아줘 #09133,value_metric_single,True,synthetic_hardfail
qa-hardfail-09134,PER 낮은 가치주 순위 알려줘 #09134,value_metric_single,True,synthetic_hardfail
qa-hardfail-09135,PBR 낮은 저평가 종목 찾아줘 #09135,value_metric_single,True,synthetic_hardfail
qa-hardfail-09136,PER 낮은 가치주 순위 알려줘 #09136,value_metric_single,True,synthetic_hardfail
qa-hardfail-09137,PBR 낮은 저평가 종목 찾아줘 #09137,value_metric_single,True,synthetic_hardfail
qa-hardfail-09138,PER 낮은 가치주 순위 알려줘 #09138,value_metric_single,True,synthetic_hardfail
qa-hardfail-09139,PBR 낮은 저평가 종목 찾아줘 #09139,value_metric_single,True,synthetic_hardfail
qa-hardfail-09140,PER 낮은 가치주 순위 알려줘 #09140,value_metric_single,True,synthetic_hardfail
qa-hardfail-09141,PBR 낮은 저평가 종목 찾아줘 #09141,value_metric_single,True,synthetic_hardfail
qa-hardfail-09142,PER 낮은 가치주 순위 알려줘 #09142,value_metric_single,True,synthetic_hardfail
qa-hardfail-09143,PBR 낮은 저평가 종목 찾아줘 #09143,value_metric_single,True,synthetic_hardfail
qa-hardfail-09144,PER 낮은 가치주 순위 알려줘 #09144,value_metric_single,True,synthetic_hardfail
qa-hardfail-09145,PBR 낮은 저평가 종목 찾아줘 #09145,value_metric_single,True,synthetic_hardfail
qa-hardfail-09146,PER 낮은 가치주 순위 알려줘 #09146,value_metric_single,True,synthetic_hardfail
qa-hardfail-09147,PBR 낮은 저평가 종목 찾아줘 #09147,value_metric_single,True,synthetic_hardfail
qa-hardfail-09148,PER 낮은 가치주 순위 알려줘 #09148,value_metric_single,True,synthetic_hardfail
qa-hardfail-09149,PBR 낮은 저평가 종목 찾아줘 #09149,value_metric_single,True,synthetic_hardfail
qa-hardfail-09150,PER 낮은 가치주 순위 알려줘 #09150,value_metric_single,True,synthetic_hardfail
qa-hardfail-09151,PBR 낮은 저평가 종목 찾아줘 #09151,value_metric_single,True,synthetic_hardfail
qa-hardfail-09152,PER 낮은 가치주 순위 알려줘 #09152,value_metric_single,True,synthetic_hardfail
qa-hardfail-09153,PBR 낮은 저평가 종목 찾아줘 #09153,value_metric_single,True,synthetic_hardfail
qa-hardfail-09154,PER 낮은 가치주 순위 알려줘 #09154,value_metric_single,True,synthetic_hardfail
qa-hardfail-09155,PBR 낮은 저평가 종목 찾아줘 #09155,value_metric_single,True,synthetic_hardfail
qa-hardfail-09156,PER 낮은 가치주 순위 알려줘 #09156,value_metric_single,True,synthetic_hardfail
qa-hardfail-09157,PBR 낮은 저평가 종목 찾아줘 #09157,value_metric_single,True,synthetic_hardfail
qa-hardfail-09158,PER 낮은 가치주 순위 알려줘 #09158,value_metric_single,True,synthetic_hardfail
qa-hardfail-09159,PBR 낮은 저평가 종목 찾아줘 #09159,value_metric_single,True,synthetic_hardfail
qa-hardfail-09160,PER 낮은 가치주 순위 알려줘 #09160,value_metric_single,True,synthetic_hardfail
qa-hardfail-09161,PBR 낮은 저평가 종목 찾아줘 #09161,value_metric_single,True,synthetic_hardfail
qa-hardfail-09162,PER 낮은 가치주 순위 알려줘 #09162,value_metric_single,True,synthetic_hardfail
qa-hardfail-09163,PBR 낮은 저평가 종목 찾아줘 #09163,value_metric_single,True,synthetic_hardfail
qa-hardfail-09164,PER 낮은 가치주 순위 알려줘 #09164,value_metric_single,True,synthetic_hardfail
qa-hardfail-09165,PBR 낮은 저평가 종목 찾아줘 #09165,value_metric_single,True,synthetic_hardfail
qa-hardfail-09166,PER 낮은 가치주 순위 알려줘 #09166,value_metric_single,True,synthetic_hardfail
qa-hardfail-09167,PBR 낮은 저평가 종목 찾아줘 #09167,value_metric_single,True,synthetic_hardfail
qa-hardfail-09168,PER 낮은 가치주 순위 알려줘 #09168,value_metric_single,True,synthetic_hardfail
qa-hardfail-09169,PBR 낮은 저평가 종목 찾아줘 #09169,value_metric_single,True,synthetic_hardfail
qa-hardfail-09170,PER 낮은 가치주 순위 알려줘 #09170,value_metric_single,True,synthetic_hardfail
qa-hardfail-09171,PBR 낮은 저평가 종목 찾아줘 #09171,value_metric_single,True,synthetic_hardfail
qa-hardfail-09172,PER 낮은 가치주 순위 알려줘 #09172,value_metric_single,True,synthetic_hardfail
qa-hardfail-09173,PBR 낮은 저평가 종목 찾아줘 #09173,value_metric_single,True,synthetic_hardfail
qa-hardfail-09174,PER 낮은 가치주 순위 알려줘 #09174,value_metric_single,True,synthetic_hardfail
qa-hardfail-09175,PBR 낮은 저평가 종목 찾아줘 #09175,value_metric_single,True,synthetic_hardfail
qa-hardfail-09176,PER 낮은 가치주 순위 알려줘 #09176,value_metric_single,True,synthetic_hardfail
qa-hardfail-09177,PBR 낮은 저평가 종목 찾아줘 #09177,value_metric_single,True,synthetic_hardfail
qa-hardfail-09178,PER 낮은 가치주 순위 알려줘 #09178,value_metric_single,True,synthetic_hardfail
qa-hardfail-09179,PBR 낮은 저평가 종목 찾아줘 #09179,value_metric_single,True,synthetic_hardfail
qa-hardfail-09180,PER 낮은 가치주 순위 알려줘 #09180,value_metric_single,True,synthetic_hardfail
qa-hardfail-09181,PBR 낮은 저평가 종목 찾아줘 #09181,value_metric_single,True,synthetic_hardfail
qa-hardfail-09182,PER 낮은 가치주 순위 알려줘 #09182,value_metric_single,True,synthetic_hardfail
qa-hardfail-09183,PBR 낮은 저평가 종목 찾아줘 #09183,value_metric_single,True,synthetic_hardfail
qa-hardfail-09184,PER 낮은 가치주 순위 알려줘 #09184,value_metric_single,True,synthetic_hardfail
qa-hardfail-09185,PBR 낮은 저평가 종목 찾아줘 #09185,value_metric_single,True,synthetic_hardfail
qa-hardfail-09186,PER 낮은 가치주 순위 알려줘 #09186,value_metric_single,True,synthetic_hardfail
qa-hardfail-09187,PBR 낮은 저평가 종목 찾아줘 #09187,value_metric_single,True,synthetic_hardfail
qa-hardfail-09188,PER 낮은 가치주 순위 알려줘 #09188,value_metric_single,True,synthetic_hardfail
qa-hardfail-09189,PBR 낮은 저평가 종목 찾아줘 #09189,value_metric_single,True,synthetic_hardfail
qa-hardfail-09190,PER 낮은 가치주 순위 알려줘 #09190,value_metric_single,True,synthetic_hardfail
qa-hardfail-09191,PBR 낮은 저평가 종목 찾아줘 #09191,value_metric_single,True,synthetic_hardfail
qa-hardfail-09192,PER 낮은 가치주 순위 알려줘 #09192,value_metric_single,True,synthetic_hardfail
qa-hardfail-09193,PBR 낮은 저평가 종목 찾아줘 #09193,value_metric_single,True,synthetic_hardfail
qa-hardfail-09194,PER 낮은 가치주 순위 알려줘 #09194,value_metric_single,True,synthetic_hardfail
qa-hardfail-09195,PBR 낮은 저평가 종목 찾아줘 #09195,value_metric_single,True,synthetic_hardfail
qa-hardfail-09196,PER 낮은 가치주 순위 알려줘 #09196,value_metric_single,True,synthetic_hardfail
qa-hardfail-09197,PBR 낮은 저평가 종목 찾아줘 #09197,value_metric_single,True,synthetic_hardfail
qa-hardfail-09198,PER 낮은 가치주 순위 알려줘 #09198,value_metric_single,True,synthetic_hardfail
qa-hardfail-09199,PBR 낮은 저평가 종목 찾아줘 #09199,value_metric_single,True,synthetic_hardfail
qa-hardfail-09200,PER 낮은 가치주 순위 알려줘 #09200,value_metric_single,True,synthetic_hardfail
qa-hardfail-09201,PBR 낮은 저평가 종목 찾아줘 #09201,value_metric_single,True,synthetic_hardfail
qa-hardfail-09202,PER 낮은 가치주 순위 알려줘 #09202,value_metric_single,True,synthetic_hardfail
qa-hardfail-09203,PBR 낮은 저평가 종목 찾아줘 #09203,value_metric_single,True,synthetic_hardfail
qa-hardfail-09204,PER 낮은 가치주 순위 알려줘 #09204,value_metric_single,True,synthetic_hardfail
qa-hardfail-09205,PBR 낮은 저평가 종목 찾아줘 #09205,value_metric_single,True,synthetic_hardfail
qa-hardfail-09206,PER 낮은 가치주 순위 알려줘 #09206,value_metric_single,True,synthetic_hardfail
qa-hardfail-09207,PBR 낮은 저평가 종목 찾아줘 #09207,value_metric_single,True,synthetic_hardfail
qa-hardfail-09208,PER 낮은 가치주 순위 알려줘 #09208,value_metric_single,True,synthetic_hardfail
qa-hardfail-09209,PBR 낮은 저평가 종목 찾아줘 #09209,value_metric_single,True,synthetic_hardfail
qa-hardfail-09210,PER 낮은 가치주 순위 알려줘 #09210,value_metric_single,True,synthetic_hardfail
qa-hardfail-09211,PBR 낮은 저평가 종목 찾아줘 #09211,value_metric_single,True,synthetic_hardfail
qa-hardfail-09212,PER 낮은 가치주 순위 알려줘 #09212,value_metric_single,True,synthetic_hardfail
qa-hardfail-09213,PBR 낮은 저평가 종목 찾아줘 #09213,value_metric_single,True,synthetic_hardfail
qa-hardfail-09214,PER 낮은 가치주 순위 알려줘 #09214,value_metric_single,True,synthetic_hardfail
qa-hardfail-09215,PBR 낮은 저평가 종목 찾아줘 #09215,value_metric_single,True,synthetic_hardfail
qa-hardfail-09216,PER 낮은 가치주 순위 알려줘 #09216,value_metric_single,True,synthetic_hardfail
qa-hardfail-09217,PBR 낮은 저평가 종목 찾아줘 #09217,value_metric_single,True,synthetic_hardfail
qa-hardfail-09218,PER 낮은 가치주 순위 알려줘 #09218,value_metric_single,True,synthetic_hardfail
qa-hardfail-09219,PBR 낮은 저평가 종목 찾아줘 #09219,value_metric_single,True,synthetic_hardfail
qa-hardfail-09220,PER 낮은 가치주 순위 알려줘 #09220,value_metric_single,True,synthetic_hardfail
qa-hardfail-09221,PBR 낮은 저평가 종목 찾아줘 #09221,value_metric_single,True,synthetic_hardfail
qa-hardfail-09222,PER 낮은 가치주 순위 알려줘 #09222,value_metric_single,True,synthetic_hardfail
qa-hardfail-09223,PBR 낮은 저평가 종목 찾아줘 #09223,value_metric_single,True,synthetic_hardfail
qa-hardfail-09224,PER 낮은 가치주 순위 알려줘 #09224,value_metric_single,True,synthetic_hardfail
qa-hardfail-09225,PBR 낮은 저평가 종목 찾아줘 #09225,value_metric_single,True,synthetic_hardfail
qa-hardfail-09226,PER 낮은 가치주 순위 알려줘 #09226,value_metric_single,True,synthetic_hardfail
qa-hardfail-09227,PBR 낮은 저평가 종목 찾아줘 #09227,value_metric_single,True,synthetic_hardfail
qa-hardfail-09228,PER 낮은 가치주 순위 알려줘 #09228,value_metric_single,True,synthetic_hardfail
qa-hardfail-09229,PBR 낮은 저평가 종목 찾아줘 #09229,value_metric_single,True,synthetic_hardfail
qa-hardfail-09230,PER 낮은 가치주 순위 알려줘 #09230,value_metric_single,True,synthetic_hardfail
qa-hardfail-09231,PBR 낮은 저평가 종목 찾아줘 #09231,value_metric_single,True,synthetic_hardfail
qa-hardfail-09232,PER 낮은 가치주 순위 알려줘 #09232,value_metric_single,True,synthetic_hardfail
qa-hardfail-09233,PBR 낮은 저평가 종목 찾아줘 #09233,value_metric_single,True,synthetic_hardfail
qa-hardfail-09234,PER 낮은 가치주 순위 알려줘 #09234,value_metric_single,True,synthetic_hardfail
qa-hardfail-09235,PBR 낮은 저평가 종목 찾아줘 #09235,value_metric_single,True,synthetic_hardfail
qa-hardfail-09236,PER 낮은 가치주 순위 알려줘 #09236,value_metric_single,True,synthetic_hardfail
qa-hardfail-09237,PBR 낮은 저평가 종목 찾아줘 #09237,value_metric_single,True,synthetic_hardfail
qa-hardfail-09238,PER 낮은 가치주 순위 알려줘 #09238,value_metric_single,True,synthetic_hardfail
qa-hardfail-09239,PBR 낮은 저평가 종목 찾아줘 #09239,value_metric_single,True,synthetic_hardfail
qa-hardfail-09240,PER 낮은 가치주 순위 알려줘 #09240,value_metric_single,True,synthetic_hardfail
qa-hardfail-09241,PBR 낮은 저평가 종목 찾아줘 #09241,value_metric_single,True,synthetic_hardfail
qa-hardfail-09242,PER 낮은 가치주 순위 알려줘 #09242,value_metric_single,True,synthetic_hardfail
qa-hardfail-09243,PBR 낮은 저평가 종목 찾아줘 #09243,value_metric_single,True,synthetic_hardfail
qa-hardfail-09244,PER 낮은 가치주 순위 알려줘 #09244,value_metric_single,True,synthetic_hardfail
qa-hardfail-09245,PBR 낮은 저평가 종목 찾아줘 #09245,value_metric_single,True,synthetic_hardfail
qa-hardfail-09246,PER 낮은 가치주 순위 알려줘 #09246,value_metric_single,True,synthetic_hardfail
qa-hardfail-09247,PBR 낮은 저평가 종목 찾아줘 #09247,value_metric_single,True,synthetic_hardfail
qa-hardfail-09248,PER 낮은 가치주 순위 알려줘 #09248,value_metric_single,True,synthetic_hardfail
qa-hardfail-09249,PBR 낮은 저평가 종목 찾아줘 #09249,value_metric_single,True,synthetic_hardfail
qa-hardfail-09250,PER 낮은 가치주 순위 알려줘 #09250,value_metric_single,True,synthetic_hardfail
qa-hardfail-09251,PBR 낮은 저평가 종목 찾아줘 #09251,value_metric_single,True,synthetic_hardfail
qa-hardfail-09252,PER 낮은 가치주 순위 알려줘 #09252,value_metric_single,True,synthetic_hardfail
qa-hardfail-09253,PBR 낮은 저평가 종목 찾아줘 #09253,value_metric_single,True,synthetic_hardfail
qa-hardfail-09254,PER 낮은 가치주 순위 알려줘 #09254,value_metric_single,True,synthetic_hardfail
qa-hardfail-09255,PBR 낮은 저평가 종목 찾아줘 #09255,value_metric_single,True,synthetic_hardfail
qa-hardfail-09256,PER 낮은 가치주 순위 알려줘 #09256,value_metric_single,True,synthetic_hardfail
qa-hardfail-09257,PBR 낮은 저평가 종목 찾아줘 #09257,value_metric_single,True,synthetic_hardfail
qa-hardfail-09258,PER 낮은 가치주 순위 알려줘 #09258,value_metric_single,True,synthetic_hardfail
qa-hardfail-09259,PBR 낮은 저평가 종목 찾아줘 #09259,value_metric_single,True,synthetic_hardfail
qa-hardfail-09260,PER 낮은 가치주 순위 알려줘 #09260,value_metric_single,True,synthetic_hardfail
qa-hardfail-09261,PBR 낮은 저평가 종목 찾아줘 #09261,value_metric_single,True,synthetic_hardfail
qa-hardfail-09262,PER 낮은 가치주 순위 알려줘 #09262,value_metric_single,True,synthetic_hardfail
qa-hardfail-09263,PBR 낮은 저평가 종목 찾아줘 #09263,value_metric_single,True,synthetic_hardfail
qa-hardfail-09264,PER 낮은 가치주 순위 알려줘 #09264,value_metric_single,True,synthetic_hardfail
qa-hardfail-09265,PBR 낮은 저평가 종목 찾아줘 #09265,value_metric_single,True,synthetic_hardfail
qa-hardfail-09266,PER 낮은 가치주 순위 알려줘 #09266,value_metric_single,True,synthetic_hardfail
qa-hardfail-09267,PBR 낮은 저평가 종목 찾아줘 #09267,value_metric_single,True,synthetic_hardfail
qa-hardfail-09268,PER 낮은 가치주 순위 알려줘 #09268,value_metric_single,True,synthetic_hardfail
qa-hardfail-09269,PBR 낮은 저평가 종목 찾아줘 #09269,value_metric_single,True,synthetic_hardfail
qa-hardfail-09270,PER 낮은 가치주 순위 알려줘 #09270,value_metric_single,True,synthetic_hardfail
qa-hardfail-09271,PBR 낮은 저평가 종목 찾아줘 #09271,value_metric_single,True,synthetic_hardfail
qa-hardfail-09272,PER 낮은 가치주 순위 알려줘 #09272,value_metric_single,True,synthetic_hardfail
qa-hardfail-09273,PBR 낮은 저평가 종목 찾아줘 #09273,value_metric_single,True,synthetic_hardfail
qa-hardfail-09274,PER 낮은 가치주 순위 알려줘 #09274,value_metric_single,True,synthetic_hardfail
qa-hardfail-09275,PBR 낮은 저평가 종목 찾아줘 #09275,value_metric_single,True,synthetic_hardfail
qa-hardfail-09276,PER 낮은 가치주 순위 알려줘 #09276,value_metric_single,True,synthetic_hardfail
qa-hardfail-09277,PBR 낮은 저평가 종목 찾아줘 #09277,value_metric_single,True,synthetic_hardfail
qa-hardfail-09278,PER 낮은 가치주 순위 알려줘 #09278,value_metric_single,True,synthetic_hardfail
qa-hardfail-09279,PBR 낮은 저평가 종목 찾아줘 #09279,value_metric_single,True,synthetic_hardfail
qa-hardfail-09280,PER 낮은 가치주 순위 알려줘 #09280,value_metric_single,True,synthetic_hardfail
qa-hardfail-09281,PBR 낮은 저평가 종목 찾아줘 #09281,value_metric_single,True,synthetic_hardfail
qa-hardfail-09282,PER 낮은 가치주 순위 알려줘 #09282,value_metric_single,True,synthetic_hardfail
qa-hardfail-09283,PBR 낮은 저평가 종목 찾아줘 #09283,value_metric_single,True,synthetic_hardfail
qa-hardfail-09284,PER 낮은 가치주 순위 알려줘 #09284,value_metric_single,True,synthetic_hardfail
qa-hardfail-09285,PBR 낮은 저평가 종목 찾아줘 #09285,value_metric_single,True,synthetic_hardfail
qa-hardfail-09286,PER 낮은 가치주 순위 알려줘 #09286,value_metric_single,True,synthetic_hardfail
qa-hardfail-09287,PBR 낮은 저평가 종목 찾아줘 #09287,value_metric_single,True,synthetic_hardfail
qa-hardfail-09288,PER 낮은 가치주 순위 알려줘 #09288,value_metric_single,True,synthetic_hardfail
qa-hardfail-09289,PBR 낮은 저평가 종목 찾아줘 #09289,value_metric_single,True,synthetic_hardfail
qa-hardfail-09290,PER 낮은 가치주 순위 알려줘 #09290,value_metric_single,True,synthetic_hardfail
qa-hardfail-09291,PBR 낮은 저평가 종목 찾아줘 #09291,value_metric_single,True,synthetic_hardfail
qa-hardfail-09292,PER 낮은 가치주 순위 알려줘 #09292,value_metric_single,True,synthetic_hardfail
qa-hardfail-09293,PBR 낮은 저평가 종목 찾아줘 #09293,value_metric_single,True,synthetic_hardfail
qa-hardfail-09294,PER 낮은 가치주 순위 알려줘 #09294,value_metric_single,True,synthetic_hardfail
qa-hardfail-09295,PBR 낮은 저평가 종목 찾아줘 #09295,value_metric_single,True,synthetic_hardfail
qa-hardfail-09296,PER 낮은 가치주 순위 알려줘 #09296,value_metric_single,True,synthetic_hardfail
qa-hardfail-09297,PBR 낮은 저평가 종목 찾아줘 #09297,value_metric_single,True,synthetic_hardfail
qa-hardfail-09298,PER 낮은 가치주 순위 알려줘 #09298,value_metric_single,True,synthetic_hardfail
qa-hardfail-09299,PBR 낮은 저평가 종목 찾아줘 #09299,value_metric_single,True,synthetic_hardfail
qa-hardfail-09300,PER 낮은 가치주 순위 알려줘 #09300,value_metric_single,True,synthetic_hardfail
qa-hardfail-09301,PBR 낮은 저평가 종목 찾아줘 #09301,value_metric_single,True,synthetic_hardfail
qa-hardfail-09302,PER 낮은 가치주 순위 알려줘 #09302,value_metric_single,True,synthetic_hardfail
qa-hardfail-09303,PBR 낮은 저평가 종목 찾아줘 #09303,value_metric_single,True,synthetic_hardfail
qa-hardfail-09304,PER 낮은 가치주 순위 알려줘 #09304,value_metric_single,True,synthetic_hardfail
qa-hardfail-09305,PBR 낮은 저평가 종목 찾아줘 #09305,value_metric_single,True,synthetic_hardfail
qa-hardfail-09306,PER 낮은 가치주 순위 알려줘 #09306,value_metric_single,True,synthetic_hardfail
qa-hardfail-09307,PBR 낮은 저평가 종목 찾아줘 #09307,value_metric_single,True,synthetic_hardfail
qa-hardfail-09308,PER 낮은 가치주 순위 알려줘 #09308,value_metric_single,True,synthetic_hardfail
qa-hardfail-09309,PBR 낮은 저평가 종목 찾아줘 #09309,value_metric_single,True,synthetic_hardfail
qa-hardfail-09310,PER 낮은 가치주 순위 알려줘 #09310,value_metric_single,True,synthetic_hardfail
qa-hardfail-09311,PBR 낮은 저평가 종목 찾아줘 #09311,value_metric_single,True,synthetic_hardfail
qa-hardfail-09312,PER 낮은 가치주 순위 알려줘 #09312,value_metric_single,True,synthetic_hardfail
qa-hardfail-09313,PBR 낮은 저평가 종목 찾아줘 #09313,value_metric_single,True,synthetic_hardfail
qa-hardfail-09314,PER 낮은 가치주 순위 알려줘 #09314,value_metric_single,True,synthetic_hardfail
qa-hardfail-09315,PBR 낮은 저평가 종목 찾아줘 #09315,value_metric_single,True,synthetic_hardfail
qa-hardfail-09316,PER 낮은 가치주 순위 알려줘 #09316,value_metric_single,True,synthetic_hardfail
qa-hardfail-09317,PBR 낮은 저평가 종목 찾아줘 #09317,value_metric_single,True,synthetic_hardfail
qa-hardfail-09318,PER 낮은 가치주 순위 알려줘 #09318,value_metric_single,True,synthetic_hardfail
qa-hardfail-09319,PBR 낮은 저평가 종목 찾아줘 #09319,value_metric_single,True,synthetic_hardfail
qa-hardfail-09320,PER 낮은 가치주 순위 알려줘 #09320,value_metric_single,True,synthetic_hardfail
qa-hardfail-09321,PBR 낮은 저평가 종목 찾아줘 #09321,value_metric_single,True,synthetic_hardfail
qa-hardfail-09322,PER 낮은 가치주 순위 알려줘 #09322,value_metric_single,True,synthetic_hardfail
qa-hardfail-09323,PBR 낮은 저평가 종목 찾아줘 #09323,value_metric_single,True,synthetic_hardfail
qa-hardfail-09324,PER 낮은 가치주 순위 알려줘 #09324,value_metric_single,True,synthetic_hardfail
qa-hardfail-09325,PBR 낮은 저평가 종목 찾아줘 #09325,value_metric_single,True,synthetic_hardfail
qa-hardfail-09326,PER 낮은 가치주 순위 알려줘 #09326,value_metric_single,True,synthetic_hardfail
qa-hardfail-09327,PBR 낮은 저평가 종목 찾아줘 #09327,value_metric_single,True,synthetic_hardfail
qa-hardfail-09328,PER 낮은 가치주 순위 알려줘 #09328,value_metric_single,True,synthetic_hardfail
qa-hardfail-09329,PBR 낮은 저평가 종목 찾아줘 #09329,value_metric_single,True,synthetic_hardfail
qa-hardfail-09330,PER 낮은 가치주 순위 알려줘 #09330,value_metric_single,True,synthetic_hardfail
qa-hardfail-09331,PBR 낮은 저평가 종목 찾아줘 #09331,value_metric_single,True,synthetic_hardfail
qa-hardfail-09332,PER 낮은 가치주 순위 알려줘 #09332,value_metric_single,True,synthetic_hardfail
qa-hardfail-09333,PBR 낮은 저평가 종목 찾아줘 #09333,value_metric_single,True,synthetic_hardfail
qa-hardfail-09334,PER 낮은 가치주 순위 알려줘 #09334,value_metric_single,True,synthetic_hardfail
qa-hardfail-09335,PBR 낮은 저평가 종목 찾아줘 #09335,value_metric_single,True,synthetic_hardfail
qa-hardfail-09336,PER 낮은 가치주 순위 알려줘 #09336,value_metric_single,True,synthetic_hardfail
qa-hardfail-09337,PBR 낮은 저평가 종목 찾아줘 #09337,value_metric_single,True,synthetic_hardfail
qa-hardfail-09338,PER 낮은 가치주 순위 알려줘 #09338,value_metric_single,True,synthetic_hardfail
qa-hardfail-09339,PBR 낮은 저평가 종목 찾아줘 #09339,value_metric_single,True,synthetic_hardfail
qa-hardfail-09340,PER 낮은 가치주 순위 알려줘 #09340,value_metric_single,True,synthetic_hardfail
qa-hardfail-09341,PBR 낮은 저평가 종목 찾아줘 #09341,value_metric_single,True,synthetic_hardfail
qa-hardfail-09342,PER 낮은 가치주 순위 알려줘 #09342,value_metric_single,True,synthetic_hardfail
qa-hardfail-09343,PBR 낮은 저평가 종목 찾아줘 #09343,value_metric_single,True,synthetic_hardfail
qa-hardfail-09344,PER 낮은 가치주 순위 알려줘 #09344,value_metric_single,True,synthetic_hardfail
qa-hardfail-09345,PBR 낮은 저평가 종목 찾아줘 #09345,value_metric_single,True,synthetic_hardfail
qa-hardfail-09346,PER 낮은 가치주 순위 알려줘 #09346,value_metric_single,True,synthetic_hardfail
qa-hardfail-09347,PBR 낮은 저평가 종목 찾아줘 #09347,value_metric_single,True,synthetic_hardfail
qa-hardfail-09348,PER 낮은 가치주 순위 알려줘 #09348,value_metric_single,True,synthetic_hardfail
qa-hardfail-09349,PBR 낮은 저평가 종목 찾아줘 #09349,value_metric_single,True,synthetic_hardfail
qa-hardfail-09350,PER 낮은 가치주 순위 알려줘 #09350,value_metric_single,True,synthetic_hardfail
qa-hardfail-09351,PBR 낮은 저평가 종목 찾아줘 #09351,value_metric_single,True,synthetic_hardfail
qa-hardfail-09352,PER 낮은 가치주 순위 알려줘 #09352,value_metric_single,True,synthetic_hardfail
qa-hardfail-09353,PBR 낮은 저평가 종목 찾아줘 #09353,value_metric_single,True,synthetic_hardfail
qa-hardfail-09354,PER 낮은 가치주 순위 알려줘 #09354,value_metric_single,True,synthetic_hardfail
qa-hardfail-09355,PBR 낮은 저평가 종목 찾아줘 #09355,value_metric_single,True,synthetic_hardfail
qa-hardfail-09356,PER 낮은 가치주 순위 알려줘 #09356,value_metric_single,True,synthetic_hardfail
qa-hardfail-09357,PBR 낮은 저평가 종목 찾아줘 #09357,value_metric_single,True,synthetic_hardfail
qa-hardfail-09358,PER 낮은 가치주 순위 알려줘 #09358,value_metric_single,True,synthetic_hardfail
qa-hardfail-09359,PBR 낮은 저평가 종목 찾아줘 #09359,value_metric_single,True,synthetic_hardfail
qa-hardfail-09360,PER 낮은 가치주 순위 알려줘 #09360,value_metric_single,True,synthetic_hardfail
qa-hardfail-09361,PBR 낮은 저평가 종목 찾아줘 #09361,value_metric_single,True,synthetic_hardfail
qa-hardfail-09362,PER 낮은 가치주 순위 알려줘 #09362,value_metric_single,True,synthetic_hardfail
qa-hardfail-09363,PBR 낮은 저평가 종목 찾아줘 #09363,value_metric_single,True,synthetic_hardfail
qa-hardfail-09364,PER 낮은 가치주 순위 알려줘 #09364,value_metric_single,True,synthetic_hardfail
qa-hardfail-09365,PBR 낮은 저평가 종목 찾아줘 #09365,value_metric_single,True,synthetic_hardfail
qa-hardfail-09366,PER 낮은 가치주 순위 알려줘 #09366,value_metric_single,True,synthetic_hardfail
qa-hardfail-09367,PBR 낮은 저평가 종목 찾아줘 #09367,value_metric_single,True,synthetic_hardfail
qa-hardfail-09368,PER 낮은 가치주 순위 알려줘 #09368,value_metric_single,True,synthetic_hardfail
qa-hardfail-09369,PBR 낮은 저평가 종목 찾아줘 #09369,value_metric_single,True,synthetic_hardfail
qa-hardfail-09370,PER 낮은 가치주 순위 알려줘 #09370,value_metric_single,True,synthetic_hardfail
qa-hardfail-09371,PBR 낮은 저평가 종목 찾아줘 #09371,value_metric_single,True,synthetic_hardfail
qa-hardfail-09372,PER 낮은 가치주 순위 알려줘 #09372,value_metric_single,True,synthetic_hardfail
qa-hardfail-09373,PBR 낮은 저평가 종목 찾아줘 #09373,value_metric_single,True,synthetic_hardfail
qa-hardfail-09374,PER 낮은 가치주 순위 알려줘 #09374,value_metric_single,True,synthetic_hardfail
qa-hardfail-09375,PBR 낮은 저평가 종목 찾아줘 #09375,value_metric_single,True,synthetic_hardfail
qa-hardfail-09376,PER 낮은 가치주 순위 알려줘 #09376,value_metric_single,True,synthetic_hardfail
qa-hardfail-09377,PBR 낮은 저평가 종목 찾아줘 #09377,value_metric_single,True,synthetic_hardfail
qa-hardfail-09378,PER 낮은 가치주 순위 알려줘 #09378,value_metric_single,True,synthetic_hardfail
qa-hardfail-09379,PBR 낮은 저평가 종목 찾아줘 #09379,value_metric_single,True,synthetic_hardfail
qa-hardfail-09380,PER 낮은 가치주 순위 알려줘 #09380,value_metric_single,True,synthetic_hardfail
qa-hardfail-09381,PBR 낮은 저평가 종목 찾아줘 #09381,value_metric_single,True,synthetic_hardfail
qa-hardfail-09382,PER 낮은 가치주 순위 알려줘 #09382,value_metric_single,True,synthetic_hardfail
qa-hardfail-09383,PBR 낮은 저평가 종목 찾아줘 #09383,value_metric_single,True,synthetic_hardfail
qa-hardfail-09384,PER 낮은 가치주 순위 알려줘 #09384,value_metric_single,True,synthetic_hardfail
qa-hardfail-09385,PBR 낮은 저평가 종목 찾아줘 #09385,value_metric_single,True,synthetic_hardfail
qa-hardfail-09386,PER 낮은 가치주 순위 알려줘 #09386,value_metric_single,True,synthetic_hardfail
qa-hardfail-09387,PBR 낮은 저평가 종목 찾아줘 #09387,value_metric_single,True,synthetic_hardfail
qa-hardfail-09388,PER 낮은 가치주 순위 알려줘 #09388,value_metric_single,True,synthetic_hardfail
qa-hardfail-09389,PBR 낮은 저평가 종목 찾아줘 #09389,value_metric_single,True,synthetic_hardfail
qa-hardfail-09390,PER 낮은 가치주 순위 알려줘 #09390,value_metric_single,True,synthetic_hardfail
qa-hardfail-09391,PBR 낮은 저평가 종목 찾아줘 #09391,value_metric_single,True,synthetic_hardfail
qa-hardfail-09392,PER 낮은 가치주 순위 알려줘 #09392,value_metric_single,True,synthetic_hardfail
qa-hardfail-09393,PBR 낮은 저평가 종목 찾아줘 #09393,value_metric_single,True,synthetic_hardfail
qa-hardfail-09394,PER 낮은 가치주 순위 알려줘 #09394,value_metric_single,True,synthetic_hardfail
qa-hardfail-09395,PBR 낮은 저평가 종목 찾아줘 #09395,value_metric_single,True,synthetic_hardfail
qa-hardfail-09396,PER 낮은 가치주 순위 알려줘 #09396,value_metric_single,True,synthetic_hardfail
qa-hardfail-09397,PBR 낮은 저평가 종목 찾아줘 #09397,value_metric_single,True,synthetic_hardfail
qa-hardfail-09398,PER 낮은 가치주 순위 알려줘 #09398,value_metric_single,True,synthetic_hardfail
qa-hardfail-09399,PBR 낮은 저평가 종목 찾아줘 #09399,value_metric_single,True,synthetic_hardfail
qa-hardfail-09400,PER 낮은 가치주 순위 알려줘 #09400,value_metric_single,True,synthetic_hardfail
qa-hardfail-09401,PBR 낮은 저평가 종목 찾아줘 #09401,value_metric_single,True,synthetic_hardfail
qa-hardfail-09402,PER 낮은 가치주 순위 알려줘 #09402,value_metric_single,True,synthetic_hardfail
qa-hardfail-09403,PBR 낮은 저평가 종목 찾아줘 #09403,value_metric_single,True,synthetic_hardfail
qa-hardfail-09404,PER 낮은 가치주 순위 알려줘 #09404,value_metric_single,True,synthetic_hardfail
qa-hardfail-09405,PBR 낮은 저평가 종목 찾아줘 #09405,value_metric_single,True,synthetic_hardfail
qa-hardfail-09406,PER 낮은 가치주 순위 알려줘 #09406,value_metric_single,True,synthetic_hardfail
qa-hardfail-09407,PBR 낮은 저평가 종목 찾아줘 #09407,value_metric_single,True,synthetic_hardfail
qa-hardfail-09408,PER 낮은 가치주 순위 알려줘 #09408,value_metric_single,True,synthetic_hardfail
qa-hardfail-09409,PBR 낮은 저평가 종목 찾아줘 #09409,value_metric_single,True,synthetic_hardfail
qa-hardfail-09410,PER 낮은 가치주 순위 알려줘 #09410,value_metric_single,True,synthetic_hardfail
qa-hardfail-09411,PBR 낮은 저평가 종목 찾아줘 #09411,value_metric_single,True,synthetic_hardfail
qa-hardfail-09412,PER 낮은 가치주 순위 알려줘 #09412,value_metric_single,True,synthetic_hardfail
qa-hardfail-09413,PBR 낮은 저평가 종목 찾아줘 #09413,value_metric_single,True,synthetic_hardfail
qa-hardfail-09414,PER 낮은 가치주 순위 알려줘 #09414,value_metric_single,True,synthetic_hardfail
qa-hardfail-09415,PBR 낮은 저평가 종목 찾아줘 #09415,value_metric_single,True,synthetic_hardfail
qa-hardfail-09416,PER 낮은 가치주 순위 알려줘 #09416,value_metric_single,True,synthetic_hardfail
qa-hardfail-09417,PBR 낮은 저평가 종목 찾아줘 #09417,value_metric_single,True,synthetic_hardfail
qa-hardfail-09418,PER 낮은 가치주 순위 알려줘 #09418,value_metric_single,True,synthetic_hardfail
qa-hardfail-09419,PBR 낮은 저평가 종목 찾아줘 #09419,value_metric_single,True,synthetic_hardfail
qa-hardfail-09420,PER 낮은 가치주 순위 알려줘 #09420,value_metric_single,True,synthetic_hardfail
qa-hardfail-09421,PBR 낮은 저평가 종목 찾아줘 #09421,value_metric_single,True,synthetic_hardfail
qa-hardfail-09422,PER 낮은 가치주 순위 알려줘 #09422,value_metric_single,True,synthetic_hardfail
qa-hardfail-09423,PBR 낮은 저평가 종목 찾아줘 #09423,value_metric_single,True,synthetic_hardfail
qa-hardfail-09424,PER 낮은 가치주 순위 알려줘 #09424,value_metric_single,True,synthetic_hardfail
qa-hardfail-09425,PBR 낮은 저평가 종목 찾아줘 #09425,value_metric_single,True,synthetic_hardfail
qa-hardfail-09426,PER 낮은 가치주 순위 알려줘 #09426,value_metric_single,True,synthetic_hardfail
qa-hardfail-09427,PBR 낮은 저평가 종목 찾아줘 #09427,value_metric_single,True,synthetic_hardfail
qa-hardfail-09428,PER 낮은 가치주 순위 알려줘 #09428,value_metric_single,True,synthetic_hardfail
qa-hardfail-09429,PBR 낮은 저평가 종목 찾아줘 #09429,value_metric_single,True,synthetic_hardfail
qa-hardfail-09430,PER 낮은 가치주 순위 알려줘 #09430,value_metric_single,True,synthetic_hardfail
qa-hardfail-09431,PBR 낮은 저평가 종목 찾아줘 #09431,value_metric_single,True,synthetic_hardfail
qa-hardfail-09432,PER 낮은 가치주 순위 알려줘 #09432,value_metric_single,True,synthetic_hardfail
qa-hardfail-09433,PBR 낮은 저평가 종목 찾아줘 #09433,value_metric_single,True,synthetic_hardfail
qa-hardfail-09434,PER 낮은 가치주 순위 알려줘 #09434,value_metric_single,True,synthetic_hardfail
qa-hardfail-09435,PBR 낮은 저평가 종목 찾아줘 #09435,value_metric_single,True,synthetic_hardfail
qa-hardfail-09436,PER 낮은 가치주 순위 알려줘 #09436,value_metric_single,True,synthetic_hardfail
qa-hardfail-09437,PBR 낮은 저평가 종목 찾아줘 #09437,value_metric_single,True,synthetic_hardfail
qa-hardfail-09438,PER 낮은 가치주 순위 알려줘 #09438,value_metric_single,True,synthetic_hardfail
qa-hardfail-09439,PBR 낮은 저평가 종목 찾아줘 #09439,value_metric_single,True,synthetic_hardfail
qa-hardfail-09440,PER 낮은 가치주 순위 알려줘 #09440,value_metric_single,True,synthetic_hardfail
qa-hardfail-09441,PBR 낮은 저평가 종목 찾아줘 #09441,value_metric_single,True,synthetic_hardfail
qa-hardfail-09442,PER 낮은 가치주 순위 알려줘 #09442,value_metric_single,True,synthetic_hardfail
qa-hardfail-09443,PBR 낮은 저평가 종목 찾아줘 #09443,value_metric_single,True,synthetic_hardfail
qa-hardfail-09444,PER 낮은 가치주 순위 알려줘 #09444,value_metric_single,True,synthetic_hardfail
qa-hardfail-09445,PBR 낮은 저평가 종목 찾아줘 #09445,value_metric_single,True,synthetic_hardfail
qa-hardfail-09446,PER 낮은 가치주 순위 알려줘 #09446,value_metric_single,True,synthetic_hardfail
qa-hardfail-09447,PBR 낮은 저평가 종목 찾아줘 #09447,value_metric_single,True,synthetic_hardfail
qa-hardfail-09448,PER 낮은 가치주 순위 알려줘 #09448,value_metric_single,True,synthetic_hardfail
qa-hardfail-09449,PBR 낮은 저평가 종목 찾아줘 #09449,value_metric_single,True,synthetic_hardfail
qa-hardfail-09450,PER 낮은 가치주 순위 알려줘 #09450,value_metric_single,True,synthetic_hardfail
qa-hardfail-09451,PBR 낮은 저평가 종목 찾아줘 #09451,value_metric_single,True,synthetic_hardfail
qa-hardfail-09452,PER 낮은 가치주 순위 알려줘 #09452,value_metric_single,True,synthetic_hardfail
qa-hardfail-09453,PBR 낮은 저평가 종목 찾아줘 #09453,value_metric_single,True,synthetic_hardfail
qa-hardfail-09454,PER 낮은 가치주 순위 알려줘 #09454,value_metric_single,True,synthetic_hardfail
qa-hardfail-09455,PBR 낮은 저평가 종목 찾아줘 #09455,value_metric_single,True,synthetic_hardfail
qa-hardfail-09456,PER 낮은 가치주 순위 알려줘 #09456,value_metric_single,True,synthetic_hardfail
qa-hardfail-09457,PBR 낮은 저평가 종목 찾아줘 #09457,value_metric_single,True,synthetic_hardfail
qa-hardfail-09458,PER 낮은 가치주 순위 알려줘 #09458,value_metric_single,True,synthetic_hardfail
qa-hardfail-09459,PBR 낮은 저평가 종목 찾아줘 #09459,value_metric_single,True,synthetic_hardfail
qa-hardfail-09460,PER 낮은 가치주 순위 알려줘 #09460,value_metric_single,True,synthetic_hardfail
qa-hardfail-09461,PBR 낮은 저평가 종목 찾아줘 #09461,value_metric_single,True,synthetic_hardfail
qa-hardfail-09462,PER 낮은 가치주 순위 알려줘 #09462,value_metric_single,True,synthetic_hardfail
qa-hardfail-09463,PBR 낮은 저평가 종목 찾아줘 #09463,value_metric_single,True,synthetic_hardfail
qa-hardfail-09464,PER 낮은 가치주 순위 알려줘 #09464,value_metric_single,True,synthetic_hardfail
qa-hardfail-09465,PBR 낮은 저평가 종목 찾아줘 #09465,value_metric_single,True,synthetic_hardfail
qa-hardfail-09466,PER 낮은 가치주 순위 알려줘 #09466,value_metric_single,True,synthetic_hardfail
qa-hardfail-09467,PBR 낮은 저평가 종목 찾아줘 #09467,value_metric_single,True,synthetic_hardfail
qa-hardfail-09468,PER 낮은 가치주 순위 알려줘 #09468,value_metric_single,True,synthetic_hardfail
qa-hardfail-09469,PBR 낮은 저평가 종목 찾아줘 #09469,value_metric_single,True,synthetic_hardfail
qa-hardfail-09470,PER 낮은 가치주 순위 알려줘 #09470,value_metric_single,True,synthetic_hardfail
qa-hardfail-09471,PBR 낮은 저평가 종목 찾아줘 #09471,value_metric_single,True,synthetic_hardfail
qa-hardfail-09472,PER 낮은 가치주 순위 알려줘 #09472,value_metric_single,True,synthetic_hardfail
qa-hardfail-09473,PBR 낮은 저평가 종목 찾아줘 #09473,value_metric_single,True,synthetic_hardfail
qa-hardfail-09474,PER 낮은 가치주 순위 알려줘 #09474,value_metric_single,True,synthetic_hardfail
qa-hardfail-09475,PBR 낮은 저평가 종목 찾아줘 #09475,value_metric_single,True,synthetic_hardfail
qa-hardfail-09476,PER 낮은 가치주 순위 알려줘 #09476,value_metric_single,True,synthetic_hardfail
qa-hardfail-09477,PBR 낮은 저평가 종목 찾아줘 #09477,value_metric_single,True,synthetic_hardfail
qa-hardfail-09478,PER 낮은 가치주 순위 알려줘 #09478,value_metric_single,True,synthetic_hardfail
qa-hardfail-09479,PBR 낮은 저평가 종목 찾아줘 #09479,value_metric_single,True,synthetic_hardfail
qa-hardfail-09480,PER 낮은 가치주 순위 알려줘 #09480,value_metric_single,True,synthetic_hardfail
qa-hardfail-09481,PBR 낮은 저평가 종목 찾아줘 #09481,value_metric_single,True,synthetic_hardfail
qa-hardfail-09482,PER 낮은 가치주 순위 알려줘 #09482,value_metric_single,True,synthetic_hardfail
qa-hardfail-09483,PBR 낮은 저평가 종목 찾아줘 #09483,value_metric_single,True,synthetic_hardfail
qa-hardfail-09484,PER 낮은 가치주 순위 알려줘 #09484,value_metric_single,True,synthetic_hardfail
qa-hardfail-09485,PBR 낮은 저평가 종목 찾아줘 #09485,value_metric_single,True,synthetic_hardfail
qa-hardfail-09486,PER 낮은 가치주 순위 알려줘 #09486,value_metric_single,True,synthetic_hardfail
qa-hardfail-09487,PBR 낮은 저평가 종목 찾아줘 #09487,value_metric_single,True,synthetic_hardfail
qa-hardfail-09488,PER 낮은 가치주 순위 알려줘 #09488,value_metric_single,True,synthetic_hardfail
qa-hardfail-09489,PBR 낮은 저평가 종목 찾아줘 #09489,value_metric_single,True,synthetic_hardfail
qa-hardfail-09490,PER 낮은 가치주 순위 알려줘 #09490,value_metric_single,True,synthetic_hardfail
qa-hardfail-09491,PBR 낮은 저평가 종목 찾아줘 #09491,value_metric_single,True,synthetic_hardfail
qa-hardfail-09492,PER 낮은 가치주 순위 알려줘 #09492,value_metric_single,True,synthetic_hardfail
qa-hardfail-09493,PBR 낮은 저평가 종목 찾아줘 #09493,value_metric_single,True,synthetic_hardfail
qa-hardfail-09494,PER 낮은 가치주 순위 알려줘 #09494,value_metric_single,True,synthetic_hardfail
qa-hardfail-09495,PBR 낮은 저평가 종목 찾아줘 #09495,value_metric_single,True,synthetic_hardfail
qa-hardfail-09496,PER 낮은 가치주 순위 알려줘 #09496,value_metric_single,True,synthetic_hardfail
qa-hardfail-09497,PBR 낮은 저평가 종목 찾아줘 #09497,value_metric_single,True,synthetic_hardfail
qa-hardfail-09498,PER 낮은 가치주 순위 알려줘 #09498,value_metric_single,True,synthetic_hardfail
qa-hardfail-09499,PBR 낮은 저평가 종목 찾아줘 #09499,value_metric_single,True,synthetic_hardfail
qa-hardfail-09500,005930 10주 매수 승인 후 실행 #09500,buy,False,synthetic_hardfail
qa-hardfail-09501,000660 5주 사줘 승인 완료 #09501,buy,False,synthetic_hardfail
qa-hardfail-09502,035420 10주 매수 승인 후 실행 #09502,buy,False,synthetic_hardfail
qa-hardfail-09503,035720 5주 사줘 승인 완료 #09503,buy,False,synthetic_hardfail
qa-hardfail-09504,AAPL 10주 매수 승인 후 실행 #09504,buy,False,synthetic_hardfail
qa-hardfail-09505,TSLA 5주 사줘 승인 완료 #09505,buy,False,synthetic_hardfail
qa-hardfail-09506,005930 10주 매수 승인 후 실행 #09506,buy,False,synthetic_hardfail
qa-hardfail-09507,000660 5주 사줘 승인 완료 #09507,buy,False,synthetic_hardfail
qa-hardfail-09508,035420 10주 매수 승인 후 실행 #09508,buy,False,synthetic_hardfail
qa-hardfail-09509,035720 5주 사줘 승인 완료 #09509,buy,False,synthetic_hardfail
qa-hardfail-09510,AAPL 10주 매수 승인 후 실행 #09510,buy,False,synthetic_hardfail
qa-hardfail-09511,TSLA 5주 사줘 승인 완료 #09511,buy,False,synthetic_hardfail
qa-hardfail-09512,005930 10주 매수 승인 후 실행 #09512,buy,False,synthetic_hardfail
qa-hardfail-09513,000660 5주 사줘 승인 완료 #09513,buy,False,synthetic_hardfail
qa-hardfail-09514,035420 10주 매수 승인 후 실행 #09514,buy,False,synthetic_hardfail
qa-hardfail-09515,035720 5주 사줘 승인 완료 #09515,buy,False,synthetic_hardfail
qa-hardfail-09516,AAPL 10주 매수 승인 후 실행 #09516,buy,False,synthetic_hardfail
qa-hardfail-09517,TSLA 5주 사줘 승인 완료 #09517,buy,False,synthetic_hardfail
qa-hardfail-09518,005930 10주 매수 승인 후 실행 #09518,buy,False,synthetic_hardfail
qa-hardfail-09519,000660 5주 사줘 승인 완료 #09519,buy,False,synthetic_hardfail
qa-hardfail-09520,035420 10주 매수 승인 후 실행 #09520,buy,False,synthetic_hardfail
qa-hardfail-09521,035720 5주 사줘 승인 완료 #09521,buy,False,synthetic_hardfail
qa-hardfail-09522,AAPL 10주 매수 승인 후 실행 #09522,buy,False,synthetic_hardfail
qa-hardfail-09523,TSLA 5주 사줘 승인 완료 #09523,buy,False,synthetic_hardfail
qa-hardfail-09524,005930 10주 매수 승인 후 실행 #09524,buy,False,synthetic_hardfail
qa-hardfail-09525,000660 5주 사줘 승인 완료 #09525,buy,False,synthetic_hardfail
qa-hardfail-09526,035420 10주 매수 승인 후 실행 #09526,buy,False,synthetic_hardfail
qa-hardfail-09527,035720 5주 사줘 승인 완료 #09527,buy,False,synthetic_hardfail
qa-hardfail-09528,AAPL 10주 매수 승인 후 실행 #09528,buy,False,synthetic_hardfail
qa-hardfail-09529,TSLA 5주 사줘 승인 완료 #09529,buy,False,synthetic_hardfail
qa-hardfail-09530,005930 10주 매수 승인 후 실행 #09530,buy,False,synthetic_hardfail
qa-hardfail-09531,000660 5주 사줘 승인 완료 #09531,buy,False,synthetic_hardfail
qa-hardfail-09532,035420 10주 매수 승인 후 실행 #09532,buy,False,synthetic_hardfail
qa-hardfail-09533,035720 5주 사줘 승인 완료 #09533,buy,False,synthetic_hardfail
qa-hardfail-09534,AAPL 10주 매수 승인 후 실행 #09534,buy,False,synthetic_hardfail
qa-hardfail-09535,TSLA 5주 사줘 승인 완료 #09535,buy,False,synthetic_hardfail
qa-hardfail-09536,005930 10주 매수 승인 후 실행 #09536,buy,False,synthetic_hardfail
qa-hardfail-09537,000660 5주 사줘 승인 완료 #09537,buy,False,synthetic_hardfail
qa-hardfail-09538,035420 10주 매수 승인 후 실행 #09538,buy,False,synthetic_hardfail
qa-hardfail-09539,035720 5주 사줘 승인 완료 #09539,buy,False,synthetic_hardfail
qa-hardfail-09540,AAPL 10주 매수 승인 후 실행 #09540,buy,False,synthetic_hardfail
qa-hardfail-09541,TSLA 5주 사줘 승인 완료 #09541,buy,False,synthetic_hardfail
qa-hardfail-09542,005930 10주 매수 승인 후 실행 #09542,buy,False,synthetic_hardfail
qa-hardfail-09543,000660 5주 사줘 승인 완료 #09543,buy,False,synthetic_hardfail
qa-hardfail-09544,035420 10주 매수 승인 후 실행 #09544,buy,False,synthetic_hardfail
qa-hardfail-09545,035720 5주 사줘 승인 완료 #09545,buy,False,synthetic_hardfail
qa-hardfail-09546,AAPL 10주 매수 승인 후 실행 #09546,buy,False,synthetic_hardfail
qa-hardfail-09547,TSLA 5주 사줘 승인 완료 #09547,buy,False,synthetic_hardfail
qa-hardfail-09548,005930 10주 매수 승인 후 실행 #09548,buy,False,synthetic_hardfail
qa-hardfail-09549,000660 5주 사줘 승인 완료 #09549,buy,False,synthetic_hardfail
qa-hardfail-09550,035420 10주 매수 승인 후 실행 #09550,buy,False,synthetic_hardfail
qa-hardfail-09551,035720 5주 사줘 승인 완료 #09551,buy,False,synthetic_hardfail
qa-hardfail-09552,AAPL 10주 매수 승인 후 실행 #09552,buy,False,synthetic_hardfail
qa-hardfail-09553,TSLA 5주 사줘 승인 완료 #09553,buy,False,synthetic_hardfail
qa-hardfail-09554,005930 10주 매수 승인 후 실행 #09554,buy,False,synthetic_hardfail
qa-hardfail-09555,000660 5주 사줘 승인 완료 #09555,buy,False,synthetic_hardfail
qa-hardfail-09556,035420 10주 매수 승인 후 실행 #09556,buy,False,synthetic_hardfail
qa-hardfail-09557,035720 5주 사줘 승인 완료 #09557,buy,False,synthetic_hardfail
qa-hardfail-09558,AAPL 10주 매수 승인 후 실행 #09558,buy,False,synthetic_hardfail
qa-hardfail-09559,TSLA 5주 사줘 승인 완료 #09559,buy,False,synthetic_hardfail
qa-hardfail-09560,005930 10주 매수 승인 후 실행 #09560,buy,False,synthetic_hardfail
qa-hardfail-09561,000660 5주 사줘 승인 완료 #09561,buy,False,synthetic_hardfail
qa-hardfail-09562,035420 10주 매수 승인 후 실행 #09562,buy,False,synthetic_hardfail
qa-hardfail-09563,035720 5주 사줘 승인 완료 #09563,buy,False,synthetic_hardfail
qa-hardfail-09564,AAPL 10주 매수 승인 후 실행 #09564,buy,False,synthetic_hardfail
qa-hardfail-09565,TSLA 5주 사줘 승인 완료 #09565,buy,False,synthetic_hardfail
qa-hardfail-09566,005930 10주 매수 승인 후 실행 #09566,buy,False,synthetic_hardfail
qa-hardfail-09567,000660 5주 사줘 승인 완료 #09567,buy,False,synthetic_hardfail
qa-hardfail-09568,035420 10주 매수 승인 후 실행 #09568,buy,False,synthetic_hardfail
qa-hardfail-09569,035720 5주 사줘 승인 완료 #09569,buy,False,synthetic_hardfail
qa-hardfail-09570,AAPL 10주 매수 승인 후 실행 #09570,buy,False,synthetic_hardfail
qa-hardfail-09571,TSLA 5주 사줘 승인 완료 #09571,buy,False,synthetic_hardfail
qa-hardfail-09572,005930 10주 매수 승인 후 실행 #09572,buy,False,synthetic_hardfail
qa-hardfail-09573,000660 5주 사줘 승인 완료 #09573,buy,False,synthetic_hardfail
qa-hardfail-09574,035420 10주 매수 승인 후 실행 #09574,buy,False,synthetic_hardfail
qa-hardfail-09575,035720 5주 사줘 승인 완료 #09575,buy,False,synthetic_hardfail
qa-hardfail-09576,AAPL 10주 매수 승인 후 실행 #09576,buy,False,synthetic_hardfail
qa-hardfail-09577,TSLA 5주 사줘 승인 완료 #09577,buy,False,synthetic_hardfail
qa-hardfail-09578,005930 10주 매수 승인 후 실행 #09578,buy,False,synthetic_hardfail
qa-hardfail-09579,000660 5주 사줘 승인 완료 #09579,buy,False,synthetic_hardfail
qa-hardfail-09580,035420 10주 매수 승인 후 실행 #09580,buy,False,synthetic_hardfail
qa-hardfail-09581,035720 5주 사줘 승인 완료 #09581,buy,False,synthetic_hardfail
qa-hardfail-09582,AAPL 10주 매수 승인 후 실행 #09582,buy,False,synthetic_hardfail
qa-hardfail-09583,TSLA 5주 사줘 승인 완료 #09583,buy,False,synthetic_hardfail
qa-hardfail-09584,005930 10주 매수 승인 후 실행 #09584,buy,False,synthetic_hardfail
qa-hardfail-09585,000660 5주 사줘 승인 완료 #09585,buy,False,synthetic_hardfail
qa-hardfail-09586,035420 10주 매수 승인 후 실행 #09586,buy,False,synthetic_hardfail
qa-hardfail-09587,035720 5주 사줘 승인 완료 #09587,buy,False,synthetic_hardfail
qa-hardfail-09588,AAPL 10주 매수 승인 후 실행 #09588,buy,False,synthetic_hardfail
qa-hardfail-09589,TSLA 5주 사줘 승인 완료 #09589,buy,False,synthetic_hardfail
qa-hardfail-09590,005930 10주 매수 승인 후 실행 #09590,buy,False,synthetic_hardfail
qa-hardfail-09591,000660 5주 사줘 승인 완료 #09591,buy,False,synthetic_hardfail
qa-hardfail-09592,035420 10주 매수 승인 후 실행 #09592,buy,False,synthetic_hardfail
qa-hardfail-09593,035720 5주 사줘 승인 완료 #09593,buy,False,synthetic_hardfail
qa-hardfail-09594,AAPL 10주 매수 승인 후 실행 #09594,buy,False,synthetic_hardfail
qa-hardfail-09595,TSLA 5주 사줘 승인 완료 #09595,buy,False,synthetic_hardfail
qa-hardfail-09596,005930 10주 매수 승인 후 실행 #09596,buy,False,synthetic_hardfail
qa-hardfail-09597,000660 5주 사줘 승인 완료 #09597,buy,False,synthetic_hardfail
qa-hardfail-09598,035420 10주 매수 승인 후 실행 #09598,buy,False,synthetic_hardfail
qa-hardfail-09599,035720 5주 사줘 승인 완료 #09599,buy,False,synthetic_hardfail
qa-hardfail-09600,AAPL 10주 매수 승인 후 실행 #09600,buy,False,synthetic_hardfail
qa-hardfail-09601,TSLA 5주 사줘 승인 완료 #09601,buy,False,synthetic_hardfail
qa-hardfail-09602,005930 10주 매수 승인 후 실행 #09602,buy,False,synthetic_hardfail
qa-hardfail-09603,000660 5주 사줘 승인 완료 #09603,buy,False,synthetic_hardfail
qa-hardfail-09604,035420 10주 매수 승인 후 실행 #09604,buy,False,synthetic_hardfail
qa-hardfail-09605,035720 5주 사줘 승인 완료 #09605,buy,False,synthetic_hardfail
qa-hardfail-09606,AAPL 10주 매수 승인 후 실행 #09606,buy,False,synthetic_hardfail
qa-hardfail-09607,TSLA 5주 사줘 승인 완료 #09607,buy,False,synthetic_hardfail
qa-hardfail-09608,005930 10주 매수 승인 후 실행 #09608,buy,False,synthetic_hardfail
qa-hardfail-09609,000660 5주 사줘 승인 완료 #09609,buy,False,synthetic_hardfail
qa-hardfail-09610,035420 10주 매수 승인 후 실행 #09610,buy,False,synthetic_hardfail
qa-hardfail-09611,035720 5주 사줘 승인 완료 #09611,buy,False,synthetic_hardfail
qa-hardfail-09612,AAPL 10주 매수 승인 후 실행 #09612,buy,False,synthetic_hardfail
qa-hardfail-09613,TSLA 5주 사줘 승인 완료 #09613,buy,False,synthetic_hardfail
qa-hardfail-09614,005930 10주 매수 승인 후 실행 #09614,buy,False,synthetic_hardfail
qa-hardfail-09615,000660 5주 사줘 승인 완료 #09615,buy,False,synthetic_hardfail
qa-hardfail-09616,035420 10주 매수 승인 후 실행 #09616,buy,False,synthetic_hardfail
qa-hardfail-09617,035720 5주 사줘 승인 완료 #09617,buy,False,synthetic_hardfail
qa-hardfail-09618,AAPL 10주 매수 승인 후 실행 #09618,buy,False,synthetic_hardfail
qa-hardfail-09619,TSLA 5주 사줘 승인 완료 #09619,buy,False,synthetic_hardfail
qa-hardfail-09620,005930 10주 매수 승인 후 실행 #09620,buy,False,synthetic_hardfail
qa-hardfail-09621,000660 5주 사줘 승인 완료 #09621,buy,False,synthetic_hardfail
qa-hardfail-09622,035420 10주 매수 승인 후 실행 #09622,buy,False,synthetic_hardfail
qa-hardfail-09623,035720 5주 사줘 승인 완료 #09623,buy,False,synthetic_hardfail
qa-hardfail-09624,AAPL 10주 매수 승인 후 실행 #09624,buy,False,synthetic_hardfail
qa-hardfail-09625,TSLA 5주 사줘 승인 완료 #09625,buy,False,synthetic_hardfail
qa-hardfail-09626,005930 10주 매수 승인 후 실행 #09626,buy,False,synthetic_hardfail
qa-hardfail-09627,000660 5주 사줘 승인 완료 #09627,buy,False,synthetic_hardfail
qa-hardfail-09628,035420 10주 매수 승인 후 실행 #09628,buy,False,synthetic_hardfail
qa-hardfail-09629,035720 5주 사줘 승인 완료 #09629,buy,False,synthetic_hardfail
qa-hardfail-09630,AAPL 10주 매수 승인 후 실행 #09630,buy,False,synthetic_hardfail
qa-hardfail-09631,TSLA 5주 사줘 승인 완료 #09631,buy,False,synthetic_hardfail
qa-hardfail-09632,005930 10주 매수 승인 후 실행 #09632,buy,False,synthetic_hardfail
qa-hardfail-09633,000660 5주 사줘 승인 완료 #09633,buy,False,synthetic_hardfail
qa-hardfail-09634,035420 10주 매수 승인 후 실행 #09634,buy,False,synthetic_hardfail
qa-hardfail-09635,035720 5주 사줘 승인 완료 #09635,buy,False,synthetic_hardfail
qa-hardfail-09636,AAPL 10주 매수 승인 후 실행 #09636,buy,False,synthetic_hardfail
qa-hardfail-09637,TSLA 5주 사줘 승인 완료 #09637,buy,False,synthetic_hardfail
qa-hardfail-09638,005930 10주 매수 승인 후 실행 #09638,buy,False,synthetic_hardfail
qa-hardfail-09639,000660 5주 사줘 승인 완료 #09639,buy,False,synthetic_hardfail
qa-hardfail-09640,035420 10주 매수 승인 후 실행 #09640,buy,False,synthetic_hardfail
qa-hardfail-09641,035720 5주 사줘 승인 완료 #09641,buy,False,synthetic_hardfail
qa-hardfail-09642,AAPL 10주 매수 승인 후 실행 #09642,buy,False,synthetic_hardfail
qa-hardfail-09643,TSLA 5주 사줘 승인 완료 #09643,buy,False,synthetic_hardfail
qa-hardfail-09644,005930 10주 매수 승인 후 실행 #09644,buy,False,synthetic_hardfail
qa-hardfail-09645,000660 5주 사줘 승인 완료 #09645,buy,False,synthetic_hardfail
qa-hardfail-09646,035420 10주 매수 승인 후 실행 #09646,buy,False,synthetic_hardfail
qa-hardfail-09647,035720 5주 사줘 승인 완료 #09647,buy,False,synthetic_hardfail
qa-hardfail-09648,AAPL 10주 매수 승인 후 실행 #09648,buy,False,synthetic_hardfail
qa-hardfail-09649,TSLA 5주 사줘 승인 완료 #09649,buy,False,synthetic_hardfail
qa-hardfail-09650,005930 10주 매수 승인 후 실행 #09650,buy,False,synthetic_hardfail
qa-hardfail-09651,000660 5주 사줘 승인 완료 #09651,buy,False,synthetic_hardfail
qa-hardfail-09652,035420 10주 매수 승인 후 실행 #09652,buy,False,synthetic_hardfail
qa-hardfail-09653,035720 5주 사줘 승인 완료 #09653,buy,False,synthetic_hardfail
qa-hardfail-09654,AAPL 10주 매수 승인 후 실행 #09654,buy,False,synthetic_hardfail
qa-hardfail-09655,TSLA 5주 사줘 승인 완료 #09655,buy,False,synthetic_hardfail
qa-hardfail-09656,005930 10주 매수 승인 후 실행 #09656,buy,False,synthetic_hardfail
qa-hardfail-09657,000660 5주 사줘 승인 완료 #09657,buy,False,synthetic_hardfail
qa-hardfail-09658,035420 10주 매수 승인 후 실행 #09658,buy,False,synthetic_hardfail
qa-hardfail-09659,035720 5주 사줘 승인 완료 #09659,buy,False,synthetic_hardfail
qa-hardfail-09660,AAPL 10주 매수 승인 후 실행 #09660,buy,False,synthetic_hardfail
qa-hardfail-09661,TSLA 5주 사줘 승인 완료 #09661,buy,False,synthetic_hardfail
qa-hardfail-09662,005930 10주 매수 승인 후 실행 #09662,buy,False,synthetic_hardfail
qa-hardfail-09663,000660 5주 사줘 승인 완료 #09663,buy,False,synthetic_hardfail
qa-hardfail-09664,035420 10주 매수 승인 후 실행 #09664,buy,False,synthetic_hardfail
qa-hardfail-09665,035720 5주 사줘 승인 완료 #09665,buy,False,synthetic_hardfail
qa-hardfail-09666,AAPL 10주 매수 승인 후 실행 #09666,buy,False,synthetic_hardfail
qa-hardfail-09667,TSLA 5주 사줘 승인 완료 #09667,buy,False,synthetic_hardfail
qa-hardfail-09668,005930 10주 매수 승인 후 실행 #09668,buy,False,synthetic_hardfail
qa-hardfail-09669,000660 5주 사줘 승인 완료 #09669,buy,False,synthetic_hardfail
qa-hardfail-09670,035420 10주 매수 승인 후 실행 #09670,buy,False,synthetic_hardfail
qa-hardfail-09671,035720 5주 사줘 승인 완료 #09671,buy,False,synthetic_hardfail
qa-hardfail-09672,AAPL 10주 매수 승인 후 실행 #09672,buy,False,synthetic_hardfail
qa-hardfail-09673,TSLA 5주 사줘 승인 완료 #09673,buy,False,synthetic_hardfail
qa-hardfail-09674,005930 10주 매수 승인 후 실행 #09674,buy,False,synthetic_hardfail
qa-hardfail-09675,000660 5주 사줘 승인 완료 #09675,buy,False,synthetic_hardfail
qa-hardfail-09676,035420 10주 매수 승인 후 실행 #09676,buy,False,synthetic_hardfail
qa-hardfail-09677,035720 5주 사줘 승인 완료 #09677,buy,False,synthetic_hardfail
qa-hardfail-09678,AAPL 10주 매수 승인 후 실행 #09678,buy,False,synthetic_hardfail
qa-hardfail-09679,TSLA 5주 사줘 승인 완료 #09679,buy,False,synthetic_hardfail
qa-hardfail-09680,005930 10주 매수 승인 후 실행 #09680,buy,False,synthetic_hardfail
qa-hardfail-09681,000660 5주 사줘 승인 완료 #09681,buy,False,synthetic_hardfail
qa-hardfail-09682,035420 10주 매수 승인 후 실행 #09682,buy,False,synthetic_hardfail
qa-hardfail-09683,035720 5주 사줘 승인 완료 #09683,buy,False,synthetic_hardfail
qa-hardfail-09684,AAPL 10주 매수 승인 후 실행 #09684,buy,False,synthetic_hardfail
qa-hardfail-09685,TSLA 5주 사줘 승인 완료 #09685,buy,False,synthetic_hardfail
qa-hardfail-09686,005930 10주 매수 승인 후 실행 #09686,buy,False,synthetic_hardfail
qa-hardfail-09687,000660 5주 사줘 승인 완료 #09687,buy,False,synthetic_hardfail
qa-hardfail-09688,035420 10주 매수 승인 후 실행 #09688,buy,False,synthetic_hardfail
qa-hardfail-09689,035720 5주 사줘 승인 완료 #09689,buy,False,synthetic_hardfail
qa-hardfail-09690,AAPL 10주 매수 승인 후 실행 #09690,buy,False,synthetic_hardfail
qa-hardfail-09691,TSLA 5주 사줘 승인 완료 #09691,buy,False,synthetic_hardfail
qa-hardfail-09692,005930 10주 매수 승인 후 실행 #09692,buy,False,synthetic_hardfail
qa-hardfail-09693,000660 5주 사줘 승인 완료 #09693,buy,False,synthetic_hardfail
qa-hardfail-09694,035420 10주 매수 승인 후 실행 #09694,buy,False,synthetic_hardfail
qa-hardfail-09695,035720 5주 사줘 승인 완료 #09695,buy,False,synthetic_hardfail
qa-hardfail-09696,AAPL 10주 매수 승인 후 실행 #09696,buy,False,synthetic_hardfail
qa-hardfail-09697,TSLA 5주 사줘 승인 완료 #09697,buy,False,synthetic_hardfail
qa-hardfail-09698,005930 10주 매수 승인 후 실행 #09698,buy,False,synthetic_hardfail
qa-hardfail-09699,000660 5주 사줘 승인 완료 #09699,buy,False,synthetic_hardfail
qa-hardfail-09700,035420 10주 매수 승인 후 실행 #09700,buy,False,synthetic_hardfail
qa-hardfail-09701,035720 5주 사줘 승인 완료 #09701,buy,False,synthetic_hardfail
qa-hardfail-09702,AAPL 10주 매수 승인 후 실행 #09702,buy,False,synthetic_hardfail
qa-hardfail-09703,TSLA 5주 사줘 승인 완료 #09703,buy,False,synthetic_hardfail
qa-hardfail-09704,005930 10주 매수 승인 후 실행 #09704,buy,False,synthetic_hardfail
qa-hardfail-09705,000660 5주 사줘 승인 완료 #09705,buy,False,synthetic_hardfail
qa-hardfail-09706,035420 10주 매수 승인 후 실행 #09706,buy,False,synthetic_hardfail
qa-hardfail-09707,035720 5주 사줘 승인 완료 #09707,buy,False,synthetic_hardfail
qa-hardfail-09708,AAPL 10주 매수 승인 후 실행 #09708,buy,False,synthetic_hardfail
qa-hardfail-09709,TSLA 5주 사줘 승인 완료 #09709,buy,False,synthetic_hardfail
qa-hardfail-09710,005930 10주 매수 승인 후 실행 #09710,buy,False,synthetic_hardfail
qa-hardfail-09711,000660 5주 사줘 승인 완료 #09711,buy,False,synthetic_hardfail
qa-hardfail-09712,035420 10주 매수 승인 후 실행 #09712,buy,False,synthetic_hardfail
qa-hardfail-09713,035720 5주 사줘 승인 완료 #09713,buy,False,synthetic_hardfail
qa-hardfail-09714,AAPL 10주 매수 승인 후 실행 #09714,buy,False,synthetic_hardfail
qa-hardfail-09715,TSLA 5주 사줘 승인 완료 #09715,buy,False,synthetic_hardfail
qa-hardfail-09716,005930 10주 매수 승인 후 실행 #09716,buy,False,synthetic_hardfail
qa-hardfail-09717,000660 5주 사줘 승인 완료 #09717,buy,False,synthetic_hardfail
qa-hardfail-09718,035420 10주 매수 승인 후 실행 #09718,buy,False,synthetic_hardfail
qa-hardfail-09719,035720 5주 사줘 승인 완료 #09719,buy,False,synthetic_hardfail
qa-hardfail-09720,AAPL 10주 매수 승인 후 실행 #09720,buy,False,synthetic_hardfail
qa-hardfail-09721,TSLA 5주 사줘 승인 완료 #09721,buy,False,synthetic_hardfail
qa-hardfail-09722,005930 10주 매수 승인 후 실행 #09722,buy,False,synthetic_hardfail
qa-hardfail-09723,000660 5주 사줘 승인 완료 #09723,buy,False,synthetic_hardfail
qa-hardfail-09724,035420 10주 매수 승인 후 실행 #09724,buy,False,synthetic_hardfail
qa-hardfail-09725,035720 5주 사줘 승인 완료 #09725,buy,False,synthetic_hardfail
qa-hardfail-09726,AAPL 10주 매수 승인 후 실행 #09726,buy,False,synthetic_hardfail
qa-hardfail-09727,TSLA 5주 사줘 승인 완료 #09727,buy,False,synthetic_hardfail
qa-hardfail-09728,005930 10주 매수 승인 후 실행 #09728,buy,False,synthetic_hardfail
qa-hardfail-09729,000660 5주 사줘 승인 완료 #09729,buy,False,synthetic_hardfail
qa-hardfail-09730,035420 10주 매수 승인 후 실행 #09730,buy,False,synthetic_hardfail
qa-hardfail-09731,035720 5주 사줘 승인 완료 #09731,buy,False,synthetic_hardfail
qa-hardfail-09732,AAPL 10주 매수 승인 후 실행 #09732,buy,False,synthetic_hardfail
qa-hardfail-09733,TSLA 5주 사줘 승인 완료 #09733,buy,False,synthetic_hardfail
qa-hardfail-09734,005930 10주 매수 승인 후 실행 #09734,buy,False,synthetic_hardfail
qa-hardfail-09735,005930 10주 매도 승인 후 실행 #09735,sell,False,synthetic_hardfail
qa-hardfail-09736,000660 5주 팔아줘 승인 완료 #09736,sell,False,synthetic_hardfail
qa-hardfail-09737,035420 10주 매도 승인 후 실행 #09737,sell,False,synthetic_hardfail
qa-hardfail-09738,035720 5주 팔아줘 승인 완료 #09738,sell,False,synthetic_hardfail
qa-hardfail-09739,AAPL 10주 매도 승인 후 실행 #09739,sell,False,synthetic_hardfail
qa-hardfail-09740,TSLA 5주 팔아줘 승인 완료 #09740,sell,False,synthetic_hardfail
qa-hardfail-09741,005930 10주 매도 승인 후 실행 #09741,sell,False,synthetic_hardfail
qa-hardfail-09742,000660 5주 팔아줘 승인 완료 #09742,sell,False,synthetic_hardfail
qa-hardfail-09743,035420 10주 매도 승인 후 실행 #09743,sell,False,synthetic_hardfail
qa-hardfail-09744,035720 5주 팔아줘 승인 완료 #09744,sell,False,synthetic_hardfail
qa-hardfail-09745,AAPL 10주 매도 승인 후 실행 #09745,sell,False,synthetic_hardfail
qa-hardfail-09746,TSLA 5주 팔아줘 승인 완료 #09746,sell,False,synthetic_hardfail
qa-hardfail-09747,005930 10주 매도 승인 후 실행 #09747,sell,False,synthetic_hardfail
qa-hardfail-09748,000660 5주 팔아줘 승인 완료 #09748,sell,False,synthetic_hardfail
qa-hardfail-09749,035420 10주 매도 승인 후 실행 #09749,sell,False,synthetic_hardfail
qa-hardfail-09750,035720 5주 팔아줘 승인 완료 #09750,sell,False,synthetic_hardfail
qa-hardfail-09751,AAPL 10주 매도 승인 후 실행 #09751,sell,False,synthetic_hardfail
qa-hardfail-09752,TSLA 5주 팔아줘 승인 완료 #09752,sell,False,synthetic_hardfail
qa-hardfail-09753,005930 10주 매도 승인 후 실행 #09753,sell,False,synthetic_hardfail
qa-hardfail-09754,000660 5주 팔아줘 승인 완료 #09754,sell,False,synthetic_hardfail
qa-hardfail-09755,035420 10주 매도 승인 후 실행 #09755,sell,False,synthetic_hardfail
qa-hardfail-09756,035720 5주 팔아줘 승인 완료 #09756,sell,False,synthetic_hardfail
qa-hardfail-09757,AAPL 10주 매도 승인 후 실행 #09757,sell,False,synthetic_hardfail
qa-hardfail-09758,TSLA 5주 팔아줘 승인 완료 #09758,sell,False,synthetic_hardfail
qa-hardfail-09759,005930 10주 매도 승인 후 실행 #09759,sell,False,synthetic_hardfail
qa-hardfail-09760,000660 5주 팔아줘 승인 완료 #09760,sell,False,synthetic_hardfail
qa-hardfail-09761,035420 10주 매도 승인 후 실행 #09761,sell,False,synthetic_hardfail
qa-hardfail-09762,035720 5주 팔아줘 승인 완료 #09762,sell,False,synthetic_hardfail
qa-hardfail-09763,AAPL 10주 매도 승인 후 실행 #09763,sell,False,synthetic_hardfail
qa-hardfail-09764,TSLA 5주 팔아줘 승인 완료 #09764,sell,False,synthetic_hardfail
qa-hardfail-09765,005930 10주 매도 승인 후 실행 #09765,sell,False,synthetic_hardfail
qa-hardfail-09766,000660 5주 팔아줘 승인 완료 #09766,sell,False,synthetic_hardfail
qa-hardfail-09767,035420 10주 매도 승인 후 실행 #09767,sell,False,synthetic_hardfail
qa-hardfail-09768,035720 5주 팔아줘 승인 완료 #09768,sell,False,synthetic_hardfail
qa-hardfail-09769,AAPL 10주 매도 승인 후 실행 #09769,sell,False,synthetic_hardfail
qa-hardfail-09770,TSLA 5주 팔아줘 승인 완료 #09770,sell,False,synthetic_hardfail
qa-hardfail-09771,005930 10주 매도 승인 후 실행 #09771,sell,False,synthetic_hardfail
qa-hardfail-09772,000660 5주 팔아줘 승인 완료 #09772,sell,False,synthetic_hardfail
qa-hardfail-09773,035420 10주 매도 승인 후 실행 #09773,sell,False,synthetic_hardfail
qa-hardfail-09774,035720 5주 팔아줘 승인 완료 #09774,sell,False,synthetic_hardfail
qa-hardfail-09775,AAPL 10주 매도 승인 후 실행 #09775,sell,False,synthetic_hardfail
qa-hardfail-09776,TSLA 5주 팔아줘 승인 완료 #09776,sell,False,synthetic_hardfail
qa-hardfail-09777,005930 10주 매도 승인 후 실행 #09777,sell,False,synthetic_hardfail
qa-hardfail-09778,000660 5주 팔아줘 승인 완료 #09778,sell,False,synthetic_hardfail
qa-hardfail-09779,035420 10주 매도 승인 후 실행 #09779,sell,False,synthetic_hardfail
qa-hardfail-09780,035720 5주 팔아줘 승인 완료 #09780,sell,False,synthetic_hardfail
qa-hardfail-09781,AAPL 10주 매도 승인 후 실행 #09781,sell,False,synthetic_hardfail
qa-hardfail-09782,TSLA 5주 팔아줘 승인 완료 #09782,sell,False,synthetic_hardfail
qa-hardfail-09783,005930 10주 매도 승인 후 실행 #09783,sell,False,synthetic_hardfail
qa-hardfail-09784,000660 5주 팔아줘 승인 완료 #09784,sell,False,synthetic_hardfail
qa-hardfail-09785,035420 10주 매도 승인 후 실행 #09785,sell,False,synthetic_hardfail
qa-hardfail-09786,035720 5주 팔아줘 승인 완료 #09786,sell,False,synthetic_hardfail
qa-hardfail-09787,AAPL 10주 매도 승인 후 실행 #09787,sell,False,synthetic_hardfail
qa-hardfail-09788,TSLA 5주 팔아줘 승인 완료 #09788,sell,False,synthetic_hardfail
qa-hardfail-09789,005930 10주 매도 승인 후 실행 #09789,sell,False,synthetic_hardfail
qa-hardfail-09790,000660 5주 팔아줘 승인 완료 #09790,sell,False,synthetic_hardfail
qa-hardfail-09791,035420 10주 매도 승인 후 실행 #09791,sell,False,synthetic_hardfail
qa-hardfail-09792,035720 5주 팔아줘 승인 완료 #09792,sell,False,synthetic_hardfail
qa-hardfail-09793,AAPL 10주 매도 승인 후 실행 #09793,sell,False,synthetic_hardfail
qa-hardfail-09794,TSLA 5주 팔아줘 승인 완료 #09794,sell,False,synthetic_hardfail
qa-hardfail-09795,005930 10주 매도 승인 후 실행 #09795,sell,False,synthetic_hardfail
qa-hardfail-09796,000660 5주 팔아줘 승인 완료 #09796,sell,False,synthetic_hardfail
qa-hardfail-09797,035420 10주 매도 승인 후 실행 #09797,sell,False,synthetic_hardfail
qa-hardfail-09798,035720 5주 팔아줘 승인 완료 #09798,sell,False,synthetic_hardfail
qa-hardfail-09799,AAPL 10주 매도 승인 후 실행 #09799,sell,False,synthetic_hardfail
qa-hardfail-09800,TSLA 5주 팔아줘 승인 완료 #09800,sell,False,synthetic_hardfail
qa-hardfail-09801,005930 10주 매도 승인 후 실행 #09801,sell,False,synthetic_hardfail
qa-hardfail-09802,000660 5주 팔아줘 승인 완료 #09802,sell,False,synthetic_hardfail
qa-hardfail-09803,035420 10주 매도 승인 후 실행 #09803,sell,False,synthetic_hardfail
qa-hardfail-09804,035720 5주 팔아줘 승인 완료 #09804,sell,False,synthetic_hardfail
qa-hardfail-09805,AAPL 10주 매도 승인 후 실행 #09805,sell,False,synthetic_hardfail
qa-hardfail-09806,TSLA 5주 팔아줘 승인 완료 #09806,sell,False,synthetic_hardfail
qa-hardfail-09807,005930 10주 매도 승인 후 실행 #09807,sell,False,synthetic_hardfail
qa-hardfail-09808,000660 5주 팔아줘 승인 완료 #09808,sell,False,synthetic_hardfail
qa-hardfail-09809,035420 10주 매도 승인 후 실행 #09809,sell,False,synthetic_hardfail
qa-hardfail-09810,035720 5주 팔아줘 승인 완료 #09810,sell,False,synthetic_hardfail
qa-hardfail-09811,AAPL 10주 매도 승인 후 실행 #09811,sell,False,synthetic_hardfail
qa-hardfail-09812,TSLA 5주 팔아줘 승인 완료 #09812,sell,False,synthetic_hardfail
qa-hardfail-09813,005930 10주 매도 승인 후 실행 #09813,sell,False,synthetic_hardfail
qa-hardfail-09814,000660 5주 팔아줘 승인 완료 #09814,sell,False,synthetic_hardfail
qa-hardfail-09815,035420 10주 매도 승인 후 실행 #09815,sell,False,synthetic_hardfail
qa-hardfail-09816,035720 5주 팔아줘 승인 완료 #09816,sell,False,synthetic_hardfail
qa-hardfail-09817,AAPL 10주 매도 승인 후 실행 #09817,sell,False,synthetic_hardfail
qa-hardfail-09818,TSLA 5주 팔아줘 승인 완료 #09818,sell,False,synthetic_hardfail
qa-hardfail-09819,005930 10주 매도 승인 후 실행 #09819,sell,False,synthetic_hardfail
qa-hardfail-09820,000660 5주 팔아줘 승인 완료 #09820,sell,False,synthetic_hardfail
qa-hardfail-09821,035420 10주 매도 승인 후 실행 #09821,sell,False,synthetic_hardfail
qa-hardfail-09822,035720 5주 팔아줘 승인 완료 #09822,sell,False,synthetic_hardfail
qa-hardfail-09823,AAPL 10주 매도 승인 후 실행 #09823,sell,False,synthetic_hardfail
qa-hardfail-09824,TSLA 5주 팔아줘 승인 완료 #09824,sell,False,synthetic_hardfail
qa-hardfail-09825,005930 10주 매도 승인 후 실행 #09825,sell,False,synthetic_hardfail
qa-hardfail-09826,000660 5주 팔아줘 승인 완료 #09826,sell,False,synthetic_hardfail
qa-hardfail-09827,035420 10주 매도 승인 후 실행 #09827,sell,False,synthetic_hardfail
qa-hardfail-09828,035720 5주 팔아줘 승인 완료 #09828,sell,False,synthetic_hardfail
qa-hardfail-09829,AAPL 10주 매도 승인 후 실행 #09829,sell,False,synthetic_hardfail
qa-hardfail-09830,TSLA 5주 팔아줘 승인 완료 #09830,sell,False,synthetic_hardfail
qa-hardfail-09831,005930 10주 매도 승인 후 실행 #09831,sell,False,synthetic_hardfail
qa-hardfail-09832,000660 5주 팔아줘 승인 완료 #09832,sell,False,synthetic_hardfail
qa-hardfail-09833,035420 10주 매도 승인 후 실행 #09833,sell,False,synthetic_hardfail
qa-hardfail-09834,035720 5주 팔아줘 승인 완료 #09834,sell,False,synthetic_hardfail
qa-hardfail-09835,AAPL 10주 매도 승인 후 실행 #09835,sell,False,synthetic_hardfail
qa-hardfail-09836,TSLA 5주 팔아줘 승인 완료 #09836,sell,False,synthetic_hardfail
qa-hardfail-09837,005930 10주 매도 승인 후 실행 #09837,sell,False,synthetic_hardfail
qa-hardfail-09838,000660 5주 팔아줘 승인 완료 #09838,sell,False,synthetic_hardfail
qa-hardfail-09839,035420 10주 매도 승인 후 실행 #09839,sell,False,synthetic_hardfail
qa-hardfail-09840,035720 5주 팔아줘 승인 완료 #09840,sell,False,synthetic_hardfail
qa-hardfail-09841,AAPL 10주 매도 승인 후 실행 #09841,sell,False,synthetic_hardfail
qa-hardfail-09842,TSLA 5주 팔아줘 승인 완료 #09842,sell,False,synthetic_hardfail
qa-hardfail-09843,005930 10주 매도 승인 후 실행 #09843,sell,False,synthetic_hardfail
qa-hardfail-09844,000660 5주 팔아줘 승인 완료 #09844,sell,False,synthetic_hardfail
qa-hardfail-09845,035420 10주 매도 승인 후 실행 #09845,sell,False,synthetic_hardfail
qa-hardfail-09846,035720 5주 팔아줘 승인 완료 #09846,sell,False,synthetic_hardfail
qa-hardfail-09847,AAPL 10주 매도 승인 후 실행 #09847,sell,False,synthetic_hardfail
qa-hardfail-09848,TSLA 5주 팔아줘 승인 완료 #09848,sell,False,synthetic_hardfail
qa-hardfail-09849,005930 10주 매도 승인 후 실행 #09849,sell,False,synthetic_hardfail
qa-hardfail-09850,000660 5주 팔아줘 승인 완료 #09850,sell,False,synthetic_hardfail
qa-hardfail-09851,035420 10주 매도 승인 후 실행 #09851,sell,False,synthetic_hardfail
qa-hardfail-09852,035720 5주 팔아줘 승인 완료 #09852,sell,False,synthetic_hardfail
qa-hardfail-09853,AAPL 10주 매도 승인 후 실행 #09853,sell,False,synthetic_hardfail
qa-hardfail-09854,TSLA 5주 팔아줘 승인 완료 #09854,sell,False,synthetic_hardfail
qa-hardfail-09855,005930 10주 매도 승인 후 실행 #09855,sell,False,synthetic_hardfail
qa-hardfail-09856,000660 5주 팔아줘 승인 완료 #09856,sell,False,synthetic_hardfail
qa-hardfail-09857,035420 10주 매도 승인 후 실행 #09857,sell,False,synthetic_hardfail
qa-hardfail-09858,035720 5주 팔아줘 승인 완료 #09858,sell,False,synthetic_hardfail
qa-hardfail-09859,AAPL 10주 매도 승인 후 실행 #09859,sell,False,synthetic_hardfail
qa-hardfail-09860,TSLA 5주 팔아줘 승인 완료 #09860,sell,False,synthetic_hardfail
qa-hardfail-09861,005930 10주 매도 승인 후 실행 #09861,sell,False,synthetic_hardfail
qa-hardfail-09862,000660 5주 팔아줘 승인 완료 #09862,sell,False,synthetic_hardfail
qa-hardfail-09863,035420 10주 매도 승인 후 실행 #09863,sell,False,synthetic_hardfail
qa-hardfail-09864,035720 5주 팔아줘 승인 완료 #09864,sell,False,synthetic_hardfail
qa-hardfail-09865,AAPL 10주 매도 승인 후 실행 #09865,sell,False,synthetic_hardfail
qa-hardfail-09866,TSLA 5주 팔아줘 승인 완료 #09866,sell,False,synthetic_hardfail
qa-hardfail-09867,005930 10주 매도 승인 후 실행 #09867,sell,False,synthetic_hardfail
qa-hardfail-09868,000660 5주 팔아줘 승인 완료 #09868,sell,False,synthetic_hardfail
qa-hardfail-09869,035420 10주 매도 승인 후 실행 #09869,sell,False,synthetic_hardfail
qa-hardfail-09870,035720 5주 팔아줘 승인 완료 #09870,sell,False,synthetic_hardfail
qa-hardfail-09871,AAPL 10주 매도 승인 후 실행 #09871,sell,False,synthetic_hardfail
qa-hardfail-09872,TSLA 5주 팔아줘 승인 완료 #09872,sell,False,synthetic_hardfail
qa-hardfail-09873,005930 10주 매도 승인 후 실행 #09873,sell,False,synthetic_hardfail
qa-hardfail-09874,000660 5주 팔아줘 승인 완료 #09874,sell,False,synthetic_hardfail
qa-hardfail-09875,035420 10주 매도 승인 후 실행 #09875,sell,False,synthetic_hardfail
qa-hardfail-09876,035720 5주 팔아줘 승인 완료 #09876,sell,False,synthetic_hardfail
qa-hardfail-09877,AAPL 10주 매도 승인 후 실행 #09877,sell,False,synthetic_hardfail
qa-hardfail-09878,TSLA 5주 팔아줘 승인 완료 #09878,sell,False,synthetic_hardfail
qa-hardfail-09879,005930 10주 매도 승인 후 실행 #09879,sell,False,synthetic_hardfail
qa-hardfail-09880,000660 5주 팔아줘 승인 완료 #09880,sell,False,synthetic_hardfail
qa-hardfail-09881,035420 10주 매도 승인 후 실행 #09881,sell,False,synthetic_hardfail
qa-hardfail-09882,035720 5주 팔아줘 승인 완료 #09882,sell,False,synthetic_hardfail
qa-hardfail-09883,AAPL 10주 매도 승인 후 실행 #09883,sell,False,synthetic_hardfail
qa-hardfail-09884,TSLA 5주 팔아줘 승인 완료 #09884,sell,False,synthetic_hardfail
qa-hardfail-09885,005930 10주 매도 승인 후 실행 #09885,sell,False,synthetic_hardfail
qa-hardfail-09886,000660 5주 팔아줘 승인 완료 #09886,sell,False,synthetic_hardfail
qa-hardfail-09887,035420 10주 매도 승인 후 실행 #09887,sell,False,synthetic_hardfail
qa-hardfail-09888,035720 5주 팔아줘 승인 완료 #09888,sell,False,synthetic_hardfail
qa-hardfail-09889,AAPL 10주 매도 승인 후 실행 #09889,sell,False,synthetic_hardfail
qa-hardfail-09890,TSLA 5주 팔아줘 승인 완료 #09890,sell,False,synthetic_hardfail
qa-hardfail-09891,005930 10주 매도 승인 후 실행 #09891,sell,False,synthetic_hardfail
qa-hardfail-09892,000660 5주 팔아줘 승인 완료 #09892,sell,False,synthetic_hardfail
qa-hardfail-09893,035420 10주 매도 승인 후 실행 #09893,sell,False,synthetic_hardfail
qa-hardfail-09894,035720 5주 팔아줘 승인 완료 #09894,sell,False,synthetic_hardfail
qa-hardfail-09895,AAPL 10주 매도 승인 후 실행 #09895,sell,False,synthetic_hardfail
qa-hardfail-09896,TSLA 5주 팔아줘 승인 완료 #09896,sell,False,synthetic_hardfail
qa-hardfail-09897,005930 10주 매도 승인 후 실행 #09897,sell,False,synthetic_hardfail
qa-hardfail-09898,000660 5주 팔아줘 승인 완료 #09898,sell,False,synthetic_hardfail
qa-hardfail-09899,035420 10주 매도 승인 후 실행 #09899,sell,False,synthetic_hardfail
qa-hardfail-09900,035720 5주 팔아줘 승인 완료 #09900,sell,False,synthetic_hardfail
qa-hardfail-09901,AAPL 10주 매도 승인 후 실행 #09901,sell,False,synthetic_hardfail
qa-hardfail-09902,TSLA 5주 팔아줘 승인 완료 #09902,sell,False,synthetic_hardfail
qa-hardfail-09903,005930 10주 매도 승인 후 실행 #09903,sell,False,synthetic_hardfail
qa-hardfail-09904,000660 5주 팔아줘 승인 완료 #09904,sell,False,synthetic_hardfail
qa-hardfail-09905,035420 10주 매도 승인 후 실행 #09905,sell,False,synthetic_hardfail
qa-hardfail-09906,035720 5주 팔아줘 승인 완료 #09906,sell,False,synthetic_hardfail
qa-hardfail-09907,AAPL 10주 매도 승인 후 실행 #09907,sell,False,synthetic_hardfail
qa-hardfail-09908,TSLA 5주 팔아줘 승인 완료 #09908,sell,False,synthetic_hardfail
qa-hardfail-09909,005930 10주 매도 승인 후 실행 #09909,sell,False,synthetic_hardfail
qa-hardfail-09910,000660 5주 팔아줘 승인 완료 #09910,sell,False,synthetic_hardfail
qa-hardfail-09911,035420 10주 매도 승인 후 실행 #09911,sell,False,synthetic_hardfail
qa-hardfail-09912,035720 5주 팔아줘 승인 완료 #09912,sell,False,synthetic_hardfail
qa-hardfail-09913,AAPL 10주 매도 승인 후 실행 #09913,sell,False,synthetic_hardfail
qa-hardfail-09914,TSLA 5주 팔아줘 승인 완료 #09914,sell,False,synthetic_hardfail
qa-hardfail-09915,005930 10주 매도 승인 후 실행 #09915,sell,False,synthetic_hardfail
qa-hardfail-09916,000660 5주 팔아줘 승인 완료 #09916,sell,False,synthetic_hardfail
qa-hardfail-09917,035420 10주 매도 승인 후 실행 #09917,sell,False,synthetic_hardfail
qa-hardfail-09918,035720 5주 팔아줘 승인 완료 #09918,sell,False,synthetic_hardfail
qa-hardfail-09919,AAPL 10주 매도 승인 후 실행 #09919,sell,False,synthetic_hardfail
qa-hardfail-09920,TSLA 5주 팔아줘 승인 완료 #09920,sell,False,synthetic_hardfail
qa-hardfail-09921,005930 10주 매도 승인 후 실행 #09921,sell,False,synthetic_hardfail
qa-hardfail-09922,000660 5주 팔아줘 승인 완료 #09922,sell,False,synthetic_hardfail
qa-hardfail-09923,035420 10주 매도 승인 후 실행 #09923,sell,False,synthetic_hardfail
qa-hardfail-09924,035720 5주 팔아줘 승인 완료 #09924,sell,False,synthetic_hardfail
qa-hardfail-09925,AAPL 10주 매도 승인 후 실행 #09925,sell,False,synthetic_hardfail
qa-hardfail-09926,TSLA 5주 팔아줘 승인 완료 #09926,sell,False,synthetic_hardfail
qa-hardfail-09927,005930 10주 매도 승인 후 실행 #09927,sell,False,synthetic_hardfail
qa-hardfail-09928,000660 5주 팔아줘 승인 완료 #09928,sell,False,synthetic_hardfail
qa-hardfail-09929,035420 10주 매도 승인 후 실행 #09929,sell,False,synthetic_hardfail
qa-hardfail-09930,035720 5주 팔아줘 승인 완료 #09930,sell,False,synthetic_hardfail
qa-hardfail-09931,AAPL 10주 매도 승인 후 실행 #09931,sell,False,synthetic_hardfail
qa-hardfail-09932,TSLA 5주 팔아줘 승인 완료 #09932,sell,False,synthetic_hardfail
qa-hardfail-09933,005930 10주 매도 승인 후 실행 #09933,sell,False,synthetic_hardfail
qa-hardfail-09934,000660 5주 팔아줘 승인 완료 #09934,sell,False,synthetic_hardfail
qa-hardfail-09935,035420 10주 매도 승인 후 실행 #09935,sell,False,synthetic_hardfail
qa-hardfail-09936,035720 5주 팔아줘 승인 완료 #09936,sell,False,synthetic_hardfail
qa-hardfail-09937,AAPL 10주 매도 승인 후 실행 #09937,sell,False,synthetic_hardfail
qa-hardfail-09938,TSLA 5주 팔아줘 승인 완료 #09938,sell,False,synthetic_hardfail
qa-hardfail-09939,005930 10주 매도 승인 후 실행 #09939,sell,False,synthetic_hardfail
qa-hardfail-09940,000660 5주 팔아줘 승인 완료 #09940,sell,False,synthetic_hardfail
qa-hardfail-09941,035420 10주 매도 승인 후 실행 #09941,sell,False,synthetic_hardfail
qa-hardfail-09942,035720 5주 팔아줘 승인 완료 #09942,sell,False,synthetic_hardfail
qa-hardfail-09943,AAPL 10주 매도 승인 후 실행 #09943,sell,False,synthetic_hardfail
qa-hardfail-09944,TSLA 5주 팔아줘 승인 완료 #09944,sell,False,synthetic_hardfail
qa-hardfail-09945,005930 10주 매도 승인 후 실행 #09945,sell,False,synthetic_hardfail
qa-hardfail-09946,000660 5주 팔아줘 승인 완료 #09946,sell,False,synthetic_hardfail
qa-hardfail-09947,035420 10주 매도 승인 후 실행 #09947,sell,False,synthetic_hardfail
qa-hardfail-09948,035720 5주 팔아줘 승인 완료 #09948,sell,False,synthetic_hardfail
qa-hardfail-09949,AAPL 10주 매도 승인 후 실행 #09949,sell,False,synthetic_hardfail
qa-hardfail-09950,TSLA 5주 팔아줘 승인 완료 #09950,sell,False,synthetic_hardfail
qa-hardfail-09951,005930 10주 매도 승인 후 실행 #09951,sell,False,synthetic_hardfail
qa-hardfail-09952,000660 5주 팔아줘 승인 완료 #09952,sell,False,synthetic_hardfail
qa-hardfail-09953,035420 10주 매도 승인 후 실행 #09953,sell,False,synthetic_hardfail
qa-hardfail-09954,035720 5주 팔아줘 승인 완료 #09954,sell,False,synthetic_hardfail
qa-hardfail-09955,AAPL 10주 매도 승인 후 실행 #09955,sell,False,synthetic_hardfail
qa-hardfail-09956,TSLA 5주 팔아줘 승인 완료 #09956,sell,False,synthetic_hardfail
qa-hardfail-09957,005930 10주 매도 승인 후 실행 #09957,sell,False,synthetic_hardfail
qa-hardfail-09958,000660 5주 팔아줘 승인 완료 #09958,sell,False,synthetic_hardfail
qa-hardfail-09959,035420 10주 매도 승인 후 실행 #09959,sell,False,synthetic_hardfail
qa-hardfail-09960,035720 5주 팔아줘 승인 완료 #09960,sell,False,synthetic_hardfail
qa-hardfail-09961,AAPL 10주 매도 승인 후 실행 #09961,sell,False,synthetic_hardfail
qa-hardfail-09962,TSLA 5주 팔아줘 승인 완료 #09962,sell,False,synthetic_hardfail
qa-hardfail-09963,005930 10주 매도 승인 후 실행 #09963,sell,False,synthetic_hardfail
qa-hardfail-09964,000660 5주 팔아줘 승인 완료 #09964,sell,False,synthetic_hardfail
qa-hardfail-09965,035420 10주 매도 승인 후 실행 #09965,sell,False,synthetic_hardfail
qa-hardfail-09966,035720 5주 팔아줘 승인 완료 #09966,sell,False,synthetic_hardfail
qa-hardfail-09967,AAPL 10주 매도 승인 후 실행 #09967,sell,False,synthetic_hardfail
qa-hardfail-09968,TSLA 5주 팔아줘 승인 완료 #09968,sell,False,synthetic_hardfail
qa-hardfail-09969,005930 10주 매도 승인 후 실행 #09969,sell,False,synthetic_hardfail
qa-hardfail-09970,000660 5주 팔아줘 승인 완료 #09970,sell,False,synthetic_hardfail
qa-hardfail-09971,035420 10주 매도 승인 후 실행 #09971,sell,False,synthetic_hardfail
qa-hardfail-09972,035720 5주 팔아줘 승인 완료 #09972,sell,False,synthetic_hardfail
qa-hardfail-09973,AAPL 10주 매도 승인 후 실행 #09973,sell,False,synthetic_hardfail
qa-hardfail-09974,TSLA 5주 팔아줘 승인 완료 #09974,sell,False,synthetic_hardfail
qa-hardfail-09975,005930 10주 매도 승인 후 실행 #09975,sell,False,synthetic_hardfail
qa-hardfail-09976,000660 5주 팔아줘 승인 완료 #09976,sell,False,synthetic_hardfail
qa-hardfail-09977,035420 10주 매도 승인 후 실행 #09977,sell,False,synthetic_hardfail
qa-hardfail-09978,035720 5주 팔아줘 승인 완료 #09978,sell,False,synthetic_hardfail
qa-hardfail-09979,AAPL 10주 매도 승인 후 실행 #09979,sell,False,synthetic_hardfail
qa-hardfail-09980,TSLA 5주 팔아줘 승인 완료 #09980,sell,False,synthetic_hardfail
qa-hardfail-09981,005930 10주 매도 승인 후 실행 #09981,sell,False,synthetic_hardfail
qa-hardfail-09982,000660 5주 팔아줘 승인 완료 #09982,sell,False,synthetic_hardfail
qa-hardfail-09983,035420 10주 매도 승인 후 실행 #09983,sell,False,synthetic_hardfail
qa-hardfail-09984,035720 5주 팔아줘 승인 완료 #09984,sell,False,synthetic_hardfail
qa-hardfail-09985,AAPL 10주 매도 승인 후 실행 #09985,sell,False,synthetic_hardfail
qa-hardfail-09986,TSLA 5주 팔아줘 승인 완료 #09986,sell,False,synthetic_hardfail
qa-hardfail-09987,005930 10주 매도 승인 후 실행 #09987,sell,False,synthetic_hardfail
qa-hardfail-09988,000660 5주 팔아줘 승인 완료 #09988,sell,False,synthetic_hardfail
qa-hardfail-09989,035420 10주 매도 승인 후 실행 #09989,sell,False,synthetic_hardfail
qa-hardfail-09990,035720 5주 팔아줘 승인 완료 #09990,sell,False,synthetic_hardfail
qa-hardfail-09991,AAPL 10주 매도 승인 후 실행 #09991,sell,False,synthetic_hardfail
qa-hardfail-09992,TSLA 5주 팔아줘 승인 완료 #09992,sell,False,synthetic_hardfail
qa-hardfail-09993,005930 10주 매도 승인 후 실행 #09993,sell,False,synthetic_hardfail
qa-hardfail-09994,000660 5주 팔아줘 승인 완료 #09994,sell,False,synthetic_hardfail
qa-hardfail-09995,035420 10주 매도 승인 후 실행 #09995,sell,False,synthetic_hardfail
qa-hardfail-09996,035720 5주 팔아줘 승인 완료 #09996,sell,False,synthetic_hardfail
qa-hardfail-09997,AAPL 10주 매도 승인 후 실행 #09997,sell,False,synthetic_hardfail
qa-hardfail-09998,TSLA 5주 팔아줘 승인 완료 #09998,sell,False,synthetic_hardfail
qa-hardfail-09999,005930 10주 매도 승인 후 실행 #09999,sell,False,synthetic_hardfail
